_id,user,transactionType,status,createdAt,updatedAt,amount,paymentMethod,transactionDate,transactionReference,reference,budget,budgetIcon,senderName,senderBank,senderAccountNumber,recipientAccountNumber,recipientBank,recipientName,sessionId,remark,transferKey,psReference
68d6cec18c06608a71d8f155,68adf789342587cd2c6d8bf3,Deposit,SUCCESS,2025-09-26T17:34:57.760Z,2025-09-26T17:35:12.804Z,50000000,CARD,Fri Sep 26 2025 17:35:12 GMT+0000 (Coordinated Universal Time),1758908097994,,,,,,,,,,,,,
68d6d1278c06608a71d8f1f5,68adf789342587cd2c6d8bf3,Withdrawal,SUCCESS,2025-09-26T17:45:11.541Z,2025-09-26T17:45:12.460Z,12000000,BANK-TRF,Fri Sep 26 2025 17:45:12 GMT+0000 (Coordinated Universal Time),TRF_v5il9ru0gddgh2kv,b59fb940-edd0-4bbb-9a1c-d1742dd4c0a7,Healthcare,🏥,,,,,,,,,,
68da86ff4f5e4d4b75b562e2,68da85dc4f5e4d4b75b562a0,Deposit,PENDING,2025-09-29T13:17:51.885Z,2025-09-29T13:17:51.885Z,,,,,,,,,,,,,,,,,
68dc6bf5671223767f81099c,68894fdf3fe661ad58144838,Withdrawal,SUCCESS,2025-09-30T23:47:01.871Z,2025-09-30T23:47:01.871Z,200,BANK-TRF,,68d5dd928c06608a71d8f11b,56db0c37-c2a5-45a9-a72f-f1498ced0d4a,,,,,,,,,,,,
68dc6c768d1d063aff3974b1,68894fdf3fe661ad58144838,Withdrawal,SUCCESS,2025-09-30T23:49:10.398Z,2025-09-30T23:49:10.398Z,200,BANK-TRF,,68d5dd928c06608a71d8f11b,81604c01-5095-4dc2-9222-ffee0e41a22c,,,,,,,,,,,,
68dd7c0281f77eaec8a109d6,68894fdf3fe661ad58144838,Withdrawal,SUCCESS,2025-10-01T19:07:46.424Z,2025-10-01T19:07:46.424Z,30000,BANK-TRF,,68d5dd928c06608a71d8f11b,1bb1b38e-74a3-4069-82d7-c1ef3665fcec,,,,,,,,,,,,
68dd80786c4c0999e218832e,68894fdf3fe661ad58144838,Deposit,PENDING,2025-10-01T19:26:48.963Z,2025-10-01T19:26:48.963Z,,,,,,,,,,,,,,,,,
68dd90ab67ef6585a588faf2,68894fdf3fe661ad58144838,Withdrawal,SUCCESS,2025-10-01T20:35:55.165Z,2025-10-01T20:35:55.165Z,1,BANK-TRF,,68d5dd928c06608a71d8f11b,037725a4-36ce-4e9e-a4dc-d1a2cb8f03a3,,,,,,,,,,,,
68dd91388654b82cff50d96b,68894fdf3fe661ad58144838,Withdrawal,SUCCESS,2025-10-01T20:38:16.254Z,2025-10-01T20:38:16.254Z,1,BANK-TRF,,68d5dd928c06608a71d8f11b,cd3a6f06-ce1c-4da0-99b0-dc177e2fc945,,,,,,,,,,,,
68dd91dc08ca9a070609a7d1,68894fdf3fe661ad58144838,Withdrawal,SUCCESS,2025-10-01T20:41:00.045Z,2025-10-01T20:41:00.045Z,1,BANK-TRF,,68d5dd928c06608a71d8f11b,3ea06890-48a3-48c3-b868-91610a671383,,,,,,,,,,,,
68dd92af2e5e772345e1b21b,68894fdf3fe661ad58144838,Withdrawal,SUCCESS,2025-10-01T20:44:31.050Z,2025-10-01T20:44:31.050Z,1,BANK-TRF,,68d5dd928c06608a71d8f11b,0522baa3-1467-4254-800f-1e00e91532dc,,,,,,,,,,,,
68dd930d2e5e772345e1b234,68894fdf3fe661ad58144838,Withdrawal,SUCCESS,2025-10-01T20:46:05.657Z,2025-10-01T20:46:05.657Z,1.8,BANK-TRF,,68d5dd928c06608a71d8f11b,ea1b6f22-d902-4c9b-abf8-f9b5afabbb71,,,,,,,,,,,,
68e2c1e0b5c5c764139537c6,68da85dc4f5e4d4b75b562a0,Deposit,SUCCESS,2025-10-05T19:07:12.399Z,2025-10-05T19:07:12.399Z,10000,BANK-TRF,2025-10-05T19:07:10.000Z,090267251005190654336100018272,AUTH_b87i5noljs,,,IYANUOLUWA JOHN ADEBAYO,Kuda Bank,1100018272,,,,,,,
68e2c5bfb5c5c76413953805,68da85dc4f5e4d4b75b562a0,Deposit,SUCCESS,2025-10-05T19:23:43.960Z,2025-10-05T19:23:43.960Z,100000,BANK-TRF,2025-10-05T19:23:42.000Z,090267251005192239237100018272,AUTH_5iypk05xtw,,,IYANUOLUWA JOHN ADEBAYO,Kuda Bank,1100018272,,,,,,,
68e2e15ecda621b6d804b5ea,68da85dc4f5e4d4b75b562a0,Withdrawal,SUCCESS,2025-10-05T21:21:34.585Z,2025-10-05T21:21:38.614Z,50000,BANK-TRF,Sun Oct 05 2025 21:21:38 GMT+0000 (Coordinated Universal Time),TRF_htk0ka6jk9sfa2xa,fb843b0b-a746-4298-a88e-250c5c79c77d,food,🥑,,,,,,,,,,
68e2e52ecda621b6d804b618,68da85dc4f5e4d4b75b562a0,Withdrawal,SUCCESS,2025-10-05T21:37:50.601Z,2025-10-05T21:37:51.571Z,20000,BANK-TRF,Sun Oct 05 2025 21:37:51 GMT+0000 (Coordinated Universal Time),TRF_7pk81jocm1sbabof,c99d2d97-cb01-4ffb-9df3-a8afeae27c29,food,🥑,,,,,,,,,,
68e7b3fc1657632593a6f632,68894fdf3fe661ad58144838,Withdrawal,SUCCESS,2025-10-09T13:09:16.497Z,2025-10-09T13:09:16.497Z,1.8,BANK-TRF,,68d5dd928c06608a71d8f11b,389565ea-40e7-481d-939f-f018a3edfda2,,,,,,,,,,,,
68e7b4cd1657632593a6f655,68894fdf3fe661ad58144838,Withdrawal,SUCCESS,2025-10-09T13:12:45.777Z,2025-10-09T13:12:45.777Z,1.8,BANK-TRF,,68d5dd928c06608a71d8f11b,faf45897-c65f-4a98-bb41-7c9141c40da2,,,,,,,,,,,,
68e7b5771657632593a6f672,68894fdf3fe661ad58144838,Withdrawal,SUCCESS,2025-10-09T13:15:35.817Z,2025-10-09T13:15:35.817Z,1.8,BANK-TRF,,68d5dd928c06608a71d8f11b,2c290bc4-df0b-4399-87cf-ca53ec076aa2,,,,,,,,,,,,
68e8a8e6c0873fb08db81cdf,68da85dc4f5e4d4b75b562a0,Withdrawal,SUCCESS,2025-10-10T06:34:14.772Z,2025-10-10T06:34:16.925Z,10000,BANK-TRF,Fri Oct 10 2025 06:34:16 GMT+0000 (Coordinated Universal Time),TRF_yl2gz05f6dfdtdzw,b0403a4d-7bcc-4b79-8b90-22c768dc53a3,food,🥑,,,,,,,,,,
68eb69682e5cd8a21da8172c,68da85dc4f5e4d4b75b562a0,Deposit,SUCCESS,2025-10-12T08:40:08.899Z,2025-10-12T08:40:08.899Z,20000,BANK-TRF,2025-10-12T08:40:06.000Z,100004251012083930142933266093,AUTH_d03hwt6j0h,,,IYANUOLUWA JOHN ADEBAYO,OPay Digital Services Limited (OPay),8101799492,,,,,,,
68eb6a1d2e5cd8a21da8175f,68da85dc4f5e4d4b75b562a0,Withdrawal,SUCCESS,2025-10-12T08:43:09.926Z,2025-10-12T08:43:10.959Z,10000,BANK-TRF,2025-10-12T08:43:09.000Z,TRF_8axf6icyuv96yhtk,4bf3f331-1aa1-4454-86cb-3aafde723b7b,sport,🏈,,,,8101799492,OPay Digital Services Limited (OPay),IYANUOLUWA JOHN ADEBAYO,,,,
68eb6cad2e5cd8a21da81797,68da85dc4f5e4d4b75b562a0,Deposit,SUCCESS,2025-10-12T08:54:05.904Z,2025-10-12T08:54:05.904Z,40000,BANK-TRF,2025-10-12T08:54:03.000Z,000007251012095348885613210363,AUTH_xdpkb3tn9g,,,IYANUOLUWA JOHN ADEBAYO,Fidelity Bank,6590593275,,,,,,,
68ecf5067bfe4707189608a5,68da85dc4f5e4d4b75b562a0,Deposit,SUCCESS,2025-10-13T12:48:06.426Z,2025-10-13T12:48:06.426Z,1800000,BANK-TRF,2025-10-13T12:48:04.000Z,000013251013134655000475908572,AUTH_rcvi42tbfo,,,ADEBAYO JONATHAN ADEREMI,Guaranty Trust Bank,0050909989,,,,,,,
68ecfb337bfe470718960947,68da85dc4f5e4d4b75b562a0,Withdrawal,SUCCESS,2025-10-13T13:14:27.899Z,2025-10-13T13:14:28.859Z,110000,BANK-TRF,2025-10-13T13:14:27.000Z,TRF_utvmpjul5e00ej5i,a7cda5a5-8788-495e-abb3-d56edb1ec837,childcare,🍼,,,,9091244078,PalmPay,OLAMIDE SEUN OLUWAFEMI,,,,
68ed27cf7bfe47071896098c,68da85dc4f5e4d4b75b562a0,Withdrawal,SUCCESS,2025-10-13T16:24:47.759Z,2025-10-13T16:24:50.232Z,800000,BANK-TRF,2025-10-13T16:24:47.000Z,TRF_h4d2r1romvoxfgwg,80919d63-2bd6-4333-8acb-dfbf0d803575,childcare,🍼,,,,8123169540,OPay Digital Services Limited (OPay),OLABODE TUNBOSUN TEJUOSO,,,,
68ed35c17bfe470718960a0d,68da85dc4f5e4d4b75b562a0,Withdrawal,SUCCESS,2025-10-13T17:24:17.916Z,2025-10-13T17:24:19.893Z,90000,BANK-TRF,2025-10-13T17:24:17.000Z,TRF_gk0x5f1gec1mqsxq,45207b78-1f6a-4cfa-a0ef-e729ceb3752c,gift,🎁,,,,9055485433,OPay Digital Services Limited (OPay),PATRICK NFONOBONG SAMUEL,,,,
68eeb3a57a27bfef856bb655,68da85dc4f5e4d4b75b562a0,Deposit,SUCCESS,2025-10-14T20:33:41.098Z,2025-10-14T20:33:41.098Z,300000,BANK-TRF,2025-10-14T20:33:39.000Z,100004251014203317143116116950,AUTH_8b29p4gsry,,,IYANUOLUWA JOHN ADEBAYO,OPay Digital Services Limited (OPay),8101799492,,,,,,,
68eebedbed7cb9cc876beca3,68da85dc4f5e4d4b75b562a0,Withdrawal,SUCCESS,2025-10-14T21:21:31.878Z,2025-10-14T21:21:33.982Z,960000,BANK-TRF,2025-10-14T21:21:31.000Z,TRF_0sx8a2qnlv8ectzh,cbc5e310-e2de-4b15-8e6c-dc47696d907c,clothing,👕,,,,0247748576,Wema Bank,SEGUN ADEMOLA AGBOOLA,,,,
68efd796ed7cb9cc876bed3b,68da85dc4f5e4d4b75b562a0,Deposit,SUCCESS,2025-10-15T17:19:18.980Z,2025-10-15T17:19:18.980Z,20000,BANK-TRF,2025-10-15T17:19:17.000Z,100004251015171833143168200395,AUTH_srjw9eihhp,,,IYANUOLUWA JOHN ADEBAYO,OPay Digital Services Limited (OPay),8101799492,,,,,,,
68efe31ced7cb9cc876bed89,68da85dc4f5e4d4b75b562a0,Withdrawal,SUCCESS,2025-10-15T18:08:28.025Z,2025-10-15T18:08:30.072Z,30000,BANK-TRF,2025-10-15T18:08:27.000Z,TRF_4cqveysqqzvz76zr,27cfabdf-438f-4831-a870-d2f4770a08ae,clothing,👕,,,,9091244078,PalmPay,OLAMIDE SEUN OLUWAFEMI,,,,
68f2b4e5272f746b03f93b78,68da85dc4f5e4d4b75b562a0,Deposit,SUCCESS,2025-10-17T21:28:05.563Z,2025-10-17T21:28:05.563Z,500000,BANK-TRF,2025-10-17T21:28:03.000Z,100004251017212741143326607584,AUTH_cy3biacuyd,,,IYANUOLUWA JOHN ADEBAYO,OPay Digital Services Limited (OPay),8101799492,,,,,,,
68f2b701272f746b03f93bd8,68da85dc4f5e4d4b75b562a0,Withdrawal,SUCCESS,2025-10-17T21:37:05.436Z,2025-10-17T21:37:06.395Z,100000,BANK-TRF,2025-10-17T21:37:05.000Z,TRF_auot7bsmiftmrhrj,b428dfd9-7847-4608-9456-62335fb11e46,shopping,🛍️,,,,9091244078,PalmPay,OLAMIDE SEUN OLUWAFEMI,,,,
68f3a84f45a7df10c13fc656,68da85dc4f5e4d4b75b562a0,Withdrawal,SUCCESS,2025-10-18T14:46:39.726Z,2025-10-18T14:46:40.684Z,150000,BANK-TRF,2025-10-18T14:46:39.000Z,TRF_9ozzk2pjuc7a1j39,f580cb89-684d-4e47-8f19-3888bdc3b9ec,shopping,🛍️,,,,9055485433,OPay Digital Services Limited (OPay),PATRICK NFONOBONG SAMUEL,,,,
68f4ced7dcfa1e2fb41191fe,68da85dc4f5e4d4b75b562a0,Withdrawal,SUCCESS,2025-10-19T11:43:19.716Z,2025-10-19T11:43:20.732Z,140000,BANK-TRF,2025-10-19T11:43:19.000Z,TRF_7gr934ggctvrmsni,dbe39c0c-0740-4d5c-928d-aff3ea131728,shopping,🛍️,,,,7062909105,OPay Digital Services Limited (OPay),OYINDAMOLA ELIZABETH OLUWATUROTI,,,,
68f4e2f0dcfa1e2fb4119269,68da85dc4f5e4d4b75b562a0,Withdrawal,SUCCESS,2025-10-19T13:09:04.952Z,2025-10-19T13:09:07.072Z,70000,BANK-TRF,2025-10-19T13:09:04.000Z,TRF_0aqleqo0ec6d0qgg,e715c132-f27c-4bde-a6fb-f4f43806e4ef,shopping,🛍️,,,,7062909105,OPay Digital Services Limited (OPay),OYINDAMOLA ELIZABETH OLUWATUROTI,,,,
68f658ea39781daa8ec00a1e,68da85dc4f5e4d4b75b562a0,Withdrawal,SUCCESS,2025-10-20T15:44:42.382Z,2025-10-20T15:48:22.867Z,90000,BANK-TRF,2025-10-20T15:44:42.000Z,TRF_n25mvjfl304p60lo,6c790a7c-f50c-4b63-bc31-32734d75bfd0,childcare,🍼,,,,8101799492,OPay Digital Services Limited (OPay),IYANUOLUWA JOHN ADEBAYO,,,,
68f69e5a39781daa8ec00a6f,68da85dc4f5e4d4b75b562a0,Withdrawal,SUCCESS,2025-10-20T20:40:58.181Z,2025-10-20T20:41:00.296Z,60000,BANK-TRF,2025-10-20T20:40:58.000Z,TRF_pxt0nutpttekzm42,6b029b41-ac12-4d94-bf70-30efba0af1e3,education,🎓,,,,8101799492,OPay Digital Services Limited (OPay),IYANUOLUWA JOHN ADEBAYO,,,,
68f880f62e30417d98bf672d,68da85dc4f5e4d4b75b562a0,Deposit,SUCCESS,2025-10-22T07:00:06.022Z,2025-10-22T07:00:06.022Z,2000000,BANK-TRF,2025-10-22T07:00:03.000Z,000013251022075951000493873800,AUTH_s8e5dxfqg1,,,KENT-ADEBAYO JOHN IYANUOLUWA,Guaranty Trust Bank,0137605007,,,,,,,
68f8840e2e30417d98bf679e,68da85dc4f5e4d4b75b562a0,Withdrawal,SUCCESS,2025-10-22T07:13:18.042Z,2025-10-22T07:13:19.000Z,420000,BANK-TRF,2025-10-22T07:13:17.000Z,TRF_hq01cioq69pnf3tl,324c64d4-96b9-4a69-968d-d7824fe1d41b,groceries,🛒,,,,8032171626,OPay Digital Services Limited (OPay),FELICIA OLUWAFUNMILAYO OYEKANMI,,,,
68f88a3132e4c815ba603a75,68da85dc4f5e4d4b75b562a0,Withdrawal,SUCCESS,2025-10-22T07:39:29.514Z,2025-10-22T07:39:30.438Z,100000,BANK-TRF,2025-10-22T07:39:29.000Z,TRF_utp6yb73a1d0sy79,01928881-7569-4fab-9247-bc5651073089,groceries,🛒,,,,9091244078,PalmPay,OLAMIDE SEUN OLUWAFEMI,,,,
68f88b458ac0d25a96cd901b,68da85dc4f5e4d4b75b562a0,Withdrawal,SUCCESS,2025-10-22T07:44:05.213Z,2025-10-22T07:44:06.164Z,1000000,BANK-TRF,2025-10-22T07:44:05.000Z,TRF_f1spb6e1kvxlmtxw,3b826e79-f175-42e8-9094-53d8ad41d854,groceries,🛒,,,,9210978010,First City Monument Bank,OGUNLADE DAMILOLA FOLASAYO,,,,
68f9e2fdc68005c6eecb43e9,68f9e066c8e9c9a282f89006,Deposit,SUCCESS,2025-10-23T08:10:37.770Z,2025-10-23T08:10:37.770Z,500000,BANK-TRF,2025-10-23T08:10:35.000Z,000013251023091014000496166077,AUTH_q7lnjagwru,,,KENT-ADEBAYO JOHN IYANUOLUWA,Guaranty Trust Bank,0137605007,,,,,,,
68fb997cec8db8d9756222ac,68894fdf3fe661ad58144838,Deposit,SUCCESS,2025-10-24T15:21:32.665Z,2026-02-26T15:43:19.123Z,5.999999999999999,In-App-TRF,,9aea6add-ffe6-4b9a-8854-25d2bbb64e04,68fa3f1e23047d432c7f6042,Rainy Day savings,💸,,,,,,,,,,
68fde6594968045e297eaba5,68f9e066c8e9c9a282f89006,Withdrawal,PENDING,2025-10-26T09:14:01.040Z,2025-10-26T09:14:01.040Z,,BANK-TRF,,TRF_t2cl6280ldj05e6k,68f9e836c68005c6eecb4456,,,,,,,,,,,,
68fde8460153418b70264a68,68f9e066c8e9c9a282f89006,Withdrawal,PENDING,2025-10-26T09:22:14.396Z,2025-10-26T09:22:14.396Z,,BANK-TRF,,TRF_8069jffltll1uumm,68f9e81bc68005c6eecb4447,,,,,,,,,,,,
68fe6c766218c7aef2f564e2,68f9e066c8e9c9a282f89006,Withdrawal,PENDING,2025-10-26T18:46:14.818Z,2025-10-26T18:46:14.818Z,,BANK-TRF,,TRF_ztlawg8vahc6ms8k,68f9e836c68005c6eecb4456,,,,,,,,,,,,
68fe6ffe0e658c1806ebc368,68894fdf3fe661ad58144838,Withdrawal,PENDING,2025-10-26T19:01:18.473Z,2025-10-26T19:01:18.473Z,,BANK-TRF,,TRF_5bmuwsban1xfkpvl,68f835c2c2d88314dfe5923c,,,,,,,,,,,,
68fe70120a44088ad150003a,68f9e066c8e9c9a282f89006,Deposit,SUCCESS,2025-10-26T19:01:38.151Z,2025-10-26T19:01:38.151Z,10000,BANK-TRF,2025-10-26T19:01:36.000Z,110006251026190119090539505501,AUTH_9hoq0617ww,,,Paystack,,1017692813,,,,,,,
68fe80d1aa8ff101290a7712,68f9e066c8e9c9a282f89006,Deposit,SUCCESS,2025-10-26T20:13:05.633Z,2025-10-26T20:13:05.633Z,10000,BANK-TRF,2025-10-26T20:13:03.000Z,090267251026201255769100018272,AUTH_9uul1d4kcs,,,IYANUOLUWA JOHN ADEBAYO,Kuda Bank,1100018272,,,,,,,
68fe86acb7705b2b1ee46e53,68f9e066c8e9c9a282f89006,Deposit,SUCCESS,2025-10-26T20:38:04.890Z,2025-10-26T20:38:04.890Z,10000,BANK-TRF,2025-10-26T20:38:02.000Z,090267251026203741774100018272,AUTH_dr458xuzvv,,,IYANUOLUWA JOHN ADEBAYO,Kuda Bank,1100018272,,,,,,,
68fe8859b7705b2b1ee46ea2,68f9e066c8e9c9a282f89006,Withdrawal,SUCCESS,2025-10-26T20:45:13.194Z,2025-10-26T20:45:14.171Z,10000,BANK-TRF,2025-10-26T20:45:13.000Z,TRF_cfs0r71p6o1e5end,8efdd984-d42f-40f7-83f8-d7b1def99f05,food,🥑,,,,8101799492,OPay Digital Services Limited (OPay),IYANUOLUWA JOHN ADEBAYO,,,,
68fe9445d593c2999d87b12c,68f9e066c8e9c9a282f89006,Deposit,SUCCESS,2025-10-26T21:36:05.093Z,2025-10-26T21:36:05.093Z,10000,BANK-TRF,2025-10-26T21:36:03.000Z,090267251026213548795100018272,AUTH_i8q09la5xq,,,IYANUOLUWA JOHN ADEBAYO,Kuda Bank,1100018272,,,,,,,
68fe9b6bd593c2999d87b15b,68f9e066c8e9c9a282f89006,Withdrawal,SUCCESS,2025-10-26T22:06:35.242Z,2025-10-26T22:06:36.143Z,10000,BANK-TRF,2025-10-26T22:06:35.000Z,TRF_c2wiudosodj0up6v,d6874acd-6892-4ab8-b19d-c6c66c486454,food,🥑,,,,8101799492,OPay Digital Services Limited (OPay),IYANUOLUWA JOHN ADEBAYO,,,,
68fea56c218f162896058e72,68f9e066c8e9c9a282f89006,Withdrawal,SUCCESS,2025-10-26T22:49:16.122Z,2025-10-26T22:49:16.122Z,2,In-App-TRF,,52d0c59f-1dad-485c-a959-883879bd6a3a,68fc15dcb1d07cd2c961c13f,Rainy Day savings,💸,,,,,,,,,,
68fea6b7218f162896058ed6,68f9e066c8e9c9a282f89006,Withdrawal,SUCCESS,2025-10-26T22:54:47.533Z,2025-10-26T22:54:48.500Z,10000,BANK-TRF,2025-10-26T22:54:47.000Z,TRF_x7lspmzt5c0kxmxb,dec88c88-3785-45aa-9056-fcb7cf83d308,food,🥑,,,,8101799492,Beststar Microfinance Bank,JOHN KENT-ADEBAYO,,,,
68fea78f230549d2151066a6,68f9e066c8e9c9a282f89006,Withdrawal,SUCCESS,2025-10-26T22:58:23.303Z,2025-10-26T22:58:24.284Z,10000,BANK-TRF,2025-10-26T22:58:23.000Z,TRF_n8at9btr5f7gfdrp,0fc27559-3b02-42d1-8f50-de42d371b938,food,🥑,,,,8101799492,Beststar Microfinance Bank,JOHN KENT-ADEBAYO,,,,
6900b00977abd69f48a873dc,68da85dc4f5e4d4b75b562a0,Withdrawal,SUCCESS,2025-10-28T11:59:05.782Z,2025-10-28T11:59:06.739Z,50000,BANK-TRF,2025-10-28T11:59:05.000Z,TRF_lbvzzp0uqf7tr28n,9c924b31-548c-4d3b-be05-3d2280e5ab32,groceries,🛒,,,,8136787351,OPay Digital Services Limited (OPay),OPEYEMI BAMIDELE OLUGBADE,9999910090630399301,,,
6900b31777abd69f48a874a9,68da85dc4f5e4d4b75b562a0,Deposit,SUCCESS,2025-10-28T12:12:07.744Z,2025-10-28T12:12:07.744Z,2000000,BANK-TRF,2025-10-28T12:12:05.000Z,000013251028131147000508532491,AUTH_4rout8cg2b,,,KENT-ADEBAYO JOHN IYANUOLUWA,Guaranty Trust Bank,0137605007,,,,,,,
6900bb3877abd69f48a875eb,68da85dc4f5e4d4b75b562a0,Withdrawal,SUCCESS,2025-10-28T12:46:48.914Z,2025-10-28T12:46:49.922Z,680000,BANK-TRF,2025-10-28T12:46:48.000Z,TRF_92dvyq8veoxj2wut,a16b6f2a-ac81-459c-9b68-6d2ad91d33bc,rent,🏠,,,,8032171626,OPay Digital Services Limited (OPay),FELICIA OLUWAFUNMILAYO OYEKANMI,9999910090632277901,,,
6901144f77abd69f48a87666,68da85dc4f5e4d4b75b562a0,Withdrawal,SUCCESS,2025-10-28T19:06:55.288Z,2025-10-28T19:06:57.283Z,40000,BANK-TRF,2025-10-28T19:06:55.000Z,TRF_437ckp3fovea5ul0,9ada43f4-e630-4667-80fd-d683e3ed5fa1,shopping,🛍️,,,,9091244078,PalmPay,OLAMIDE SEUN OLUWAFEMI,110006251028190652090646611301,,,
6901160077abd69f48a87694,68da85dc4f5e4d4b75b562a0,Withdrawal,SUCCESS,2025-10-28T19:14:08.038Z,2025-10-28T19:14:09.000Z,130000,BANK-TRF,2025-10-28T19:14:07.000Z,TRF_2xzqorvn1d4ork60,d8274321-c2d5-4afa-b3f6-5a416c847a3d,rent,🏠,,,,8032171626,OPay Digital Services Limited (OPay),FELICIA OLUWAFUNMILAYO OYEKANMI,9999910090646909101,,,
6901497077abd69f48a876ba,68da85dc4f5e4d4b75b562a0,Withdrawal,SUCCESS,2025-10-28T22:53:36.384Z,2025-10-28T22:53:38.295Z,1000000,BANK-TRF,2025-10-28T22:53:36.000Z,TRF_jbam7pyedf48qcew,53fcc1a4-aabd-48a8-84df-108a207d4d71,rent,🏠,,,,0178216042,Guaranty Trust Bank,OGUNSORO MARYAM ABIOLA,110006251028225333090656555201,,,
69028488dd889866555e6a0c,68da85dc4f5e4d4b75b562a0,Deposit,SUCCESS,2025-10-29T21:18:00.559Z,2025-10-29T21:18:00.559Z,10000,BANK-TRF,2025-10-29T21:17:58.000Z,100004251029211600144151710784,AUTH_6wfr7jt43z,,,IYANUOLUWA JOHN ADEBAYO,OPay Digital Services Limited (OPay),8101799492,,,,,,,
69028550dd889866555e6a2b,68f9e066c8e9c9a282f89006,Deposit,SUCCESS,2025-10-29T21:21:20.957Z,2025-10-29T21:21:20.957Z,10000,BANK-TRF,2025-10-29T21:21:19.000Z,100004251029210559144151790534,AUTH_f2ez2e1zzu,,,IYANUOLUWA JOHN ADEBAYO,OPay Digital Services Limited (OPay),8101799492,,,,,,,
69028564dd889866555e6a34,68f9e066c8e9c9a282f89006,Deposit,SUCCESS,2025-10-29T21:21:40.111Z,2025-10-29T21:21:40.111Z,10000,BANK-TRF,2025-10-29T21:21:38.000Z,100004251029212127144152117748,AUTH_2qp41val53,,,IYANUOLUWA JOHN ADEBAYO,OPay Digital Services Limited (OPay),8101799492,,,,,,,
69032ab42d70fc41000c4fb3,68f9e066c8e9c9a282f89006,Deposit,SUCCESS,2025-10-30T09:07:00.805Z,2025-10-30T09:07:00.805Z,3000000,BANK-TRF,2025-10-30T09:06:58.000Z,000013251030100644000512799148,AUTH_tr18lofetm,,,JUNAID MOTOLANI OLUWAFEYISAYO,Guaranty Trust Bank,0234834171,,,,,,,
6903319a2d70fc41000c5019,68f9e066c8e9c9a282f89006,Withdrawal,SUCCESS,2025-10-30T09:36:26.624Z,2025-10-30T09:36:27.594Z,600000,BANK-TRF,2025-10-30T09:36:26.000Z,TRF_9q6ufm9a0wqy7zbr,8a6a5b28-d019-4caa-bb36-e70339c88096,Healthcare,🏥,,,,8375597310,Carbon,TAIWO OLAWUMI IYIOLA,110006251030093621090720829601,,,
690346c32d70fc41000c5083,68f9e066c8e9c9a282f89006,Withdrawal,SUCCESS,2025-10-30T11:06:43.946Z,2025-10-30T11:06:44.922Z,1329800,BANK-TRF,2025-10-30T11:06:43.000Z,TRF_wksmv5o0xnmjlqlw,d3922ede-3153-4d04-b22b-bf9018310faa,gift,🎁,,,,9936876023,Paystack-Titan,PAYSTACK CHECKOUT,110006251030110641090724277401,,,
69035b732d70fc41000c50c9,68f9e066c8e9c9a282f89006,Withdrawal,SUCCESS,2025-10-30T12:34:59.047Z,2025-10-30T12:35:00.029Z,20000,BANK-TRF,2025-10-30T12:34:58.000Z,TRF_uw8vzkznx8eqborz,078c5658-612c-4e57-a743-b80fe034ba7c,shopping,🛍️,,,,8303771877,Moniepoint MFB,POS Transfer - OLUKAYODE SANNI,505150090727214901,,,
690369dc2d70fc41000c5151,68da85dc4f5e4d4b75b562a0,Deposit,SUCCESS,2025-10-30T13:36:28.579Z,2026-02-26T15:43:19.237Z,26.999999999999996,In-App-TRF,,56258e20-64bb-4b7f-9c5b-8796a2d644d9,69024126dd889866555e6924,Rainy Day savings,💸,,,,,,,,,,
690372fa2d70fc41000c5206,68f9e066c8e9c9a282f89006,Withdrawal,SUCCESS,2025-10-30T14:15:22.956Z,2025-10-30T14:15:23.918Z,70000,BANK-TRF,2025-10-30T14:15:22.000Z,TRF_cszwq5yv8fvdvved,f21aca30-3b8b-402e-b7ff-4251db6be972,shopping,🛍️,,,,1827311595,Access Bank,ABDULSALAM MUSA,110006251030141520090730475501,,,
690388802d70fc41000c5276,68f9e066c8e9c9a282f89006,Withdrawal,SUCCESS,2025-10-30T15:47:12.436Z,2025-10-30T15:47:14.507Z,350000,BANK-TRF,2025-10-30T15:47:12.000Z,TRF_z77o8wrsxg7cy0c5,30d378af-d0da-4323-98f7-ac9798f1d095,Healthcare,🏥,,,,9904829757,Pocket App,PIGGYVEST/ENIOLA SOTIKARE,110006251030154709090733584201,,,
690389602d70fc41000c52a9,68f9e066c8e9c9a282f89006,Withdrawal,SUCCESS,2025-10-30T15:50:56.118Z,2025-10-30T15:50:57.924Z,400000,BANK-TRF,2025-10-30T15:50:56.000Z,TRF_kbmtz0qh90s94rqv,bf248010-af95-48c5-bc7a-a838568ddbf6,gift,🎁,,,,9904829757,Pocket App,PIGGYVEST/ENIOLA SOTIKARE,110006251030155053090733700501,,,
690399a42d70fc41000c5307,68da85dc4f5e4d4b75b562a0,Withdrawal,SUCCESS,2025-10-30T17:00:20.060Z,2025-10-30T17:00:22.844Z,200000,BANK-TRF,2025-10-30T17:00:19.000Z,TRF_8x2mx875zc5bvfxo,70ef4535-74d9-4340-965d-0b26d113146f,groceries,🛒,,,,8168300957,Moniepoint MFB,TAOFEEK AYOBAMI ADISA,505150090735863501,,,
6903a0a002c2b620bc45ec28,68f9e066c8e9c9a282f89006,Withdrawal,SUCCESS,2025-10-30T17:30:08.408Z,2025-10-30T18:30:15.208Z,360000,BANK-TRF,2025-10-30T18:30:11.000Z,TRF_2eb9vw7ub0e9p650,c844ee90-16b4-4f5c-85fd-62a0dc7599d7,electricity,💡,,,,9554438390,PalmPay,SALIMOT OLABISI ADEYEMI,110006251030173006090736788202,,,
69050073631cc0931a4cc643,68da85dc4f5e4d4b75b562a0,Deposit,SUCCESS,2025-10-31T18:31:15.904Z,2026-02-26T15:43:19.331Z,14.999999999999998,In-App-TRF,,cc2001ca-308f-4c7d-873d-dfbdd12b2932,69024126dd889866555e6924,Rainy Day savings,💸,,,,,,,,,,
69050157631cc0931a4cc6d9,6904ff26631cc0931a4cc59c,Withdrawal,SUCCESS,2025-10-31T18:35:03.956Z,2025-10-31T18:35:06.570Z,50000,BANK-TRF,2025-10-31T18:35:03.000Z,TRF_mvpo4z6660os85xo,7b8f7683-32e5-45de-bbfa-19be66de80b1,food,🥑,,,,7063268351,OPay Digital Services Limited (OPay),ADEBA YO PRECIOUS ADELEYE,9999910090778282501,,,
690604ba631cc0931a4cc976,68da85dc4f5e4d4b75b562a0,Withdrawal,SUCCESS,2025-11-01T13:01:46.101Z,2025-11-01T13:01:48.231Z,100000,BANK-TRF,2025-11-01T13:01:45.000Z,TRF_dqwe95rbnp0jiww2,b4b29ec2-724b-4659-a100-8815e8f12104,groceries,🛒,,,,8110368700,OPay Digital Services Limited (OPay),GARBA  MUHAMMADU,9999910090814515501,,,
6906300a815e82e71cd2a645,68894fdf3fe661ad58144838,Deposit,SUCCESS,2025-11-01T16:06:34.412Z,2026-02-26T15:43:19.437Z,120,In-App-TRF,,c92fe0c3-f983-459b-8aab-fc2d7f830f10,6905da59631cc0931a4cc870,Rainy Day savings,💸,,,,,,,,,,
69063036815e82e71cd2a65c,68894fdf3fe661ad58144838,Deposit,SUCCESS,2025-11-01T16:07:18.598Z,2026-02-26T15:43:19.532Z,120,In-App-TRF,,538b7b05-a61c-4866-9d44-bcbcac9f95ee,6905da59631cc0931a4cc870,Rainy Day savings,💸,,,,,,,,,,
6906307c5434065fc226ac0c,68894fdf3fe661ad58144838,Deposit,SUCCESS,2025-11-01T16:08:28.404Z,2026-02-26T15:43:19.651Z,8,In-App-TRF,,bda9cb39-8c4a-46bc-a71b-f043f9dcc64f,6905da59631cc0931a4cc870,Rainy Day savings,💸,,,,,,,,,,
690632886bff550f988ebf79,68894fdf3fe661ad58144838,Deposit,SUCCESS,2025-11-01T16:17:12.655Z,2026-02-26T15:43:19.800Z,8,In-App-TRF,,b21309ae-d1d4-4e03-8301-2ebc9ccde37e,6905da59631cc0931a4cc870,Rainy Day savings,💸,,,,,,,,,,
6906439e8651410298e1b54a,68894fdf3fe661ad58144838,Withdrawal,PENDING,2025-11-01T17:30:06.394Z,2025-11-01T17:30:06.394Z,,BANK-TRF,,TRF_gdbnycqa77doaxm0,68f835c2c2d88314dfe5923c,,,,,,,,,,jhkhkjkj,,
6906445c8651410298e1b559,68894fdf3fe661ad58144838,Withdrawal,SUCCESS,2025-11-01T17:33:16.789Z,2025-11-01T17:33:18.530Z,30000,BANK-TRF,,TRF_esl1dyum0ejif78j,b3ca4339-364a-4500-adac-41a568f07634,rent,🏠,,,,0811530602,Access Bank,JAMES JESUGBEMILEKE KEHINDE,,jhkhkjkj,,
6907dc2a3f18af2dd3c45471,68da85dc4f5e4d4b75b562a0,Withdrawal,SUCCESS,2025-11-02T22:33:14.235Z,2025-11-02T22:33:16.266Z,20000,BANK-TRF,2025-11-02T22:33:14.000Z,TRF_xszdu1nvkbkb2gdr,b465f30c-a0e6-49d1-9b2c-876ce5ac43f1,food,🥑,,,,8101799492,OPay Digital Services Limited (OPay),IYANUOLUWA JOHN ADEBAYO,9999910090937892801,Good,,
6907e1dc674ca050dec798cb,68da85dc4f5e4d4b75b562a0,Deposit,SUCCESS,2025-11-02T22:57:32.356Z,2026-02-26T15:43:19.916Z,29.999999999999996,In-App-TRF,,664c22a9-d741-4234-80c8-7d08924d5342,69024126dd889866555e6924,Rainy Day savings,💸,,,,,,,,,,
690a1881df9ff75181cd507d,68894fdf3fe661ad58144838,Deposit,SUCCESS,2025-11-04T15:15:13.880Z,2026-02-26T15:43:20.023Z,9,In-App-TRF,,e462ebee-546e-4941-be95-6b5a156365ab,69093cac4584830608f12376,Rainy Day savings,💸,,,,,,,,,,
690a18afdf9ff75181cd5096,68894fdf3fe661ad58144838,Deposit,SUCCESS,2025-11-04T15:15:59.672Z,2026-02-26T15:43:20.139Z,9,In-App-TRF,,755a5c40-0404-4487-b03c-9c624ed89baf,69093cac4584830608f12376,Rainy Day savings,💸,,,,,,,,,,
690a26ec052ea2bc74e82638,68894fdf3fe661ad58144838,Deposit,SUCCESS,2025-11-04T16:16:44.485Z,2026-02-26T15:43:20.267Z,9,In-App-TRF,,0b3d4ba5-7b06-4c87-af7d-109c509f713b,69093cac4584830608f12376,Rainy Day savings,💸,,,,,,,,,,
690a272216f8049a7601e20e,68894fdf3fe661ad58144838,Deposit,SUCCESS,2025-11-04T16:17:38.250Z,2026-02-26T15:43:20.378Z,9,In-App-TRF,,d80a45f3-acd9-4faa-9935-c39ff4b3d9c5,69093cac4584830608f12376,Rainy Day savings,💸,,,,,,,,,,
690a29ef6937687894470790,68894fdf3fe661ad58144838,Deposit,SUCCESS,2025-11-04T16:29:35.029Z,2026-02-26T15:43:20.499Z,9,In-App-TRF,,428dbf09-0ea5-4d44-8971-72033d7a5597,69093cac4584830608f12376,Rainy Day savings,💸,,,,,,,,,,
690a2a15f6aa68acaf290364,68894fdf3fe661ad58144838,Deposit,SUCCESS,2025-11-04T16:30:13.833Z,2026-02-26T15:43:20.619Z,9,In-App-TRF,,84b4c9fa-46a1-4e94-88e5-fb7fa75a8249,69093cac4584830608f12376,Rainy Day savings,💸,,,,,,,,,,
690a2a27f6aa68acaf29037e,68894fdf3fe661ad58144838,Deposit,SUCCESS,2025-11-04T16:30:31.009Z,2026-02-26T15:43:20.740Z,9,In-App-TRF,,ad383b37-c88a-442b-bcac-88054421277d,69093cac4584830608f12376,Rainy Day savings,💸,,,,,,,,,,
690a2a70f6aa68acaf290398,68894fdf3fe661ad58144838,Deposit,SUCCESS,2025-11-04T16:31:44.252Z,2026-02-26T15:43:20.851Z,9,In-App-TRF,,904616bf-f601-44b4-86b0-73de96cc91aa,69093cac4584830608f12376,Rainy Day savings,💸,,,,,,,,,,
690a2ada7a63a2d977922e5c,68894fdf3fe661ad58144838,Deposit,SUCCESS,2025-11-04T16:33:30.571Z,2026-02-26T15:43:20.959Z,9,In-App-TRF,,1a5bea8f-e1a2-4c4c-aec0-1a0d75acf46f,69093cac4584830608f12376,Rainy Day savings,💸,,,,,,,,,,
690a2c858576dd528a102a07,68894fdf3fe661ad58144838,Deposit,SUCCESS,2025-11-04T16:40:37.574Z,2026-02-26T15:43:21.068Z,2.9999999999999996,In-App-TRF,,196ef409-879e-4bd7-869c-2f0d6914e37e,69093cac4584830608f12376,Rainy Day savings,💸,,,,,,,,,,
690a2d41b52b02ad61a06cc3,68894fdf3fe661ad58144838,Deposit,SUCCESS,2025-11-04T16:43:45.907Z,2026-02-26T15:43:21.171Z,2.9999999999999996,In-App-TRF,,1922ccca-ad12-4452-900c-6159877f663d,69093cac4584830608f12376,Rainy Day savings,💸,,,,,,,,,,
690a2e982f4ee39f2b97e136,68894fdf3fe661ad58144838,Deposit,SUCCESS,2025-11-04T16:49:28.178Z,2026-02-26T15:43:21.268Z,2.9999999999999996,In-App-TRF,,2ad24e55-ed1f-4e9f-8e50-1c575fd0ef97,69093cac4584830608f12376,Rainy Day savings,💸,,,,,,,,,,
690a30dceeff852efe6ee57e,68894fdf3fe661ad58144838,Deposit,SUCCESS,2025-11-04T16:59:08.990Z,2026-02-26T15:43:21.371Z,2.9999999999999996,In-App-TRF,,f704017c-3932-40bc-a760-bd58331f71df,69093cac4584830608f12376,Rainy Day savings,💸,,,,,,,,,,
690b2a423a000bfe7fd85580,68da85dc4f5e4d4b75b562a0,Withdrawal,SUCCESS,2025-11-05T10:43:14.957Z,2025-11-05T10:43:15.967Z,200000,BANK-TRF,2025-11-05T10:43:14.000Z,TRF_boqv7ioylb0mt3sm,9fd01cea-8be8-4e8f-a4f4-720b30ca966e,transportation,🚌,,,,8166726840,Moniepoint MFB,AMINU ABDULLAHI,505150091064652301,Transport,,
690b34f772d01535f86d2f87,68894fdf3fe661ad58144838,Deposit,SUCCESS,2025-11-05T11:28:55.255Z,2026-02-26T15:43:21.484Z,2.9999999999999996,In-App-TRF,,c08ce539-200f-4222-8d99-5a956eaa6978,69093cac4584830608f12376,Rainy Day savings,💸,,,,,,,,,,
690b3533427b79acb5a3ffcf,68894fdf3fe661ad58144838,Deposit,SUCCESS,2025-11-05T11:29:55.159Z,2026-02-26T15:43:21.595Z,2.9999999999999996,In-App-TRF,,ef6ca120-8ed0-4b7b-b0ee-7187e12b2362,69093cac4584830608f12376,Rainy Day savings,💸,,,,,,,,,,
690b4cd051ae8ad7aff1f9c6,68894fdf3fe661ad58144838,Deposit,SUCCESS,2025-11-05T13:10:40.207Z,2025-11-05T13:11:19.124Z,200000,CARD,Wed Nov 05 2025 14:11:19 GMT+0100 (West Africa Standard Time),1762348240396,,,,,,,,,,,,,
690b4e57ec602fb63d3d6ec2,68894fdf3fe661ad58144838,Deposit,SUCCESS,2025-11-05T13:17:11.261Z,2025-11-05T13:17:57.898Z,100000,CARD,Wed Nov 05 2025 14:17:57 GMT+0100 (West Africa Standard Time),1762348631383,,,,,,,,,,,,,
690b52e39aad6b2f038143a1,68894fdf3fe661ad58144838,Deposit,SUCCESS,2025-11-05T13:36:35.196Z,2025-11-05T13:37:02.171Z,100000,CARD,Wed Nov 05 2025 14:37:02 GMT+0100 (West Africa Standard Time),1762349795370,,,,,,,,,,,,,
690bbc2dd77f8f5743e45da8,68894fdf3fe661ad58144838,Deposit,SUCCESS,2025-11-05T21:05:49.574Z,2026-02-26T15:43:21.693Z,5.999999999999999,In-App-TRF,,1b94d3eb-22d0-46b5-b3c9-8c466e222b30,69093cac4584830608f12376,Rainy Day savings,💸,,,,,,,,,,
690bc745c8d894ef96bf6ca2,68894fdf3fe661ad58144838,Deposit,SUCCESS,2025-11-05T21:53:09.541Z,2025-11-05T21:53:22.803Z,30000,CARD,Wed Nov 05 2025 22:53:22 GMT+0100 (West Africa Standard Time),1762379589714,,,,,,,,,,,,,
690bc916c8d894ef96bf6cd8,68894fdf3fe661ad58144838,Withdrawal,PENDING,2025-11-05T22:00:54.322Z,2025-11-05T22:00:54.322Z,,BANK-TRF,,TRF_l9xchgxrcfcjcwu7,68f835c2c2d88314dfe5923c,,,,,,,,,,,,
690bcf4212218dd38eae3553,68894fdf3fe661ad58144838,Withdrawal,PENDING,2025-11-05T22:27:14.432Z,2025-11-05T22:27:14.432Z,,BANK-TRF,,TRF_cc2f0n4kgvtz56s2,68f835c2c2d88314dfe5923c,,,,,,,,,,,,
690bd35ba0fbdad84292948a,68894fdf3fe661ad58144838,Withdrawal,PENDING,2025-11-05T22:44:43.563Z,2025-11-05T22:44:43.563Z,,BANK-TRF,,TRF_9jr9iuxn6tgcymzk,69090cfcdb2536eaf33d31a4,,,,,,,,,,,,
690bd469f6709c9b1a84b11b,68894fdf3fe661ad58144838,Withdrawal,PENDING,2025-11-05T22:49:13.210Z,2025-11-05T22:49:13.210Z,,BANK-TRF,,TRF_cr69ngy7qfs11hhp,69090cfcdb2536eaf33d31a4,,,,,,,,,,,,
690bd53b315f6ada7a65cdae,68894fdf3fe661ad58144838,Withdrawal,PENDING,2025-11-05T22:52:43.727Z,2025-11-05T22:52:43.727Z,,BANK-TRF,,TRF_jnxuaeir5e0fid7r,69090cfcdb2536eaf33d31a4,,,,,,,,,,,,
690bd636a99967f5115f9e6c,68894fdf3fe661ad58144838,Withdrawal,PENDING,2025-11-05T22:56:54.931Z,2025-11-05T22:56:54.931Z,,BANK-TRF,,TRF_qbudmt8vh6xc4x06,69090cfcdb2536eaf33d31a4,,,,,,,,,,,,
690bd81221e3b22d11fd7075,68894fdf3fe661ad58144838,Withdrawal,SUCCESS,2025-11-05T23:04:50.045Z,2025-11-05T23:04:50.663Z,20000,BANK-TRF,,TRF_v08ei1m7a7ittrf8,992e6533-6c9e-45ab-bcfd-2ff60a6d104e,testings series 6 months,😊,,,,0811530602,Access Bank,JAMES JESUGBEMILEKE KEHINDE,,,,
690bd81321e3b22d11fd707e,68894fdf3fe661ad58144838,Withdrawal,SUCCESS,2025-11-05T23:04:51.614Z,2025-11-05T23:04:51.614Z,5.999999999999999,In-App-TRF,,69093cac4584830608f12376,452eaddf-47bc-4c03-a77f-1cae9b78aa55,,,,,,,,,,,,
690bd9f221e3b22d11fd7087,68894fdf3fe661ad58144838,Withdrawal,SUCCESS,2025-11-05T23:12:50.899Z,2025-11-05T23:12:53.080Z,20000,BANK-TRF,,TRF_c9zub267qburtcui,a5e7855c-a354-4999-b2e8-4dedfd7437dd,testings series 6 months,😊,,,,0811530602,Access Bank,JAMES JESUGBEMILEKE KEHINDE,,,,
690bd9f521e3b22d11fd7090,68894fdf3fe661ad58144838,Withdrawal,SUCCESS,2025-11-05T23:12:53.885Z,2025-11-05T23:12:53.885Z,5.999999999999999,In-App-TRF,,69093cac4584830608f12376,aca59d88-5ffd-4740-a37b-ba1782d863a3,,,,,,,,,,,,
690bdb6421e3b22d11fd7099,68894fdf3fe661ad58144838,Withdrawal,SUCCESS,2025-11-05T23:19:00.889Z,2025-11-05T23:19:01.147Z,20000,BANK-TRF,,TRF_yhjtb6m291890w1x,814a0f90-b695-4ee1-8416-8e268cbdf420,rent,🏠,,,,0811530602,Access Bank,JAMES JESUGBEMILEKE KEHINDE,,,,
690bdb6521e3b22d11fd70a2,68894fdf3fe661ad58144838,Withdrawal,SUCCESS,2025-11-05T23:19:01.681Z,2025-11-05T23:19:01.681Z,5.999999999999999,In-App-TRF,,69093cac4584830608f12376,1e1b1474-d63c-427c-80a0-90f5f865d09f,,,,,,,,,,,,
690be11094512c4ffe4dbcee,68894fdf3fe661ad58144838,Withdrawal,SUCCESS,2025-11-05T23:43:12.757Z,2025-11-05T23:43:14.071Z,20000,BANK-TRF,,TRF_e5ksequ7k9qz0a8y,081ea663-d015-470d-8274-2756bf08c587,clothing,👕,,,,0811530602,Access Bank,JAMES JESUGBEMILEKE KEHINDE,,cloth your body,,
690be11394512c4ffe4dbcf7,68894fdf3fe661ad58144838,Withdrawal,SUCCESS,2025-11-05T23:43:15.230Z,2025-11-05T23:43:15.230Z,5.999999999999999,In-App-TRF,,69093cac4584830608f12376,aaac388e-6781-411d-b61b-c6625c8a8d0c,,,,,,,,,,,,
690c69e1570ea945fc648f30,68da85dc4f5e4d4b75b562a0,Withdrawal,SUCCESS,2025-11-06T09:26:57.249Z,2025-11-06T09:27:00.544Z,300000,BANK-TRF,2025-11-06T09:26:58.000Z,TRF_icqcjldpox3e2fxb,6dbc89bf-2186-48fa-aa00-a4d9f3218b4f,transportation,🚌,,,,9131965226,OPay Digital Services Limited (OPay),ABDULAZEEZ GBOLAHAN ABDULWASIU,9999910091108344801,Gift ,,
690c9d43570cb9e1461f57ec,68da85dc4f5e4d4b75b562a0,Withdrawal,SUCCESS,2025-11-06T13:06:11.565Z,2025-11-06T13:06:14.431Z,50000,BANK-TRF,2025-11-06T13:06:12.000Z,TRF_fifjps7frvdubf88,fd7eb52e-48c9-44dc-ace9-91880f4d55bb,rent,🏠,,,,8101799492,OPay Digital Services Limited (OPay),IYANUOLUWA JOHN ADEBAYO,9999910091116755501,Help is done ,,
690c9d47570cb9e1461f57fb,68da85dc4f5e4d4b75b562a0,Withdrawal,SUCCESS,2025-11-06T13:06:15.345Z,2025-11-06T13:06:15.345Z,14.999999999999998,In-App-TRF,,69024126dd889866555e6924,ee5dacee-b70a-4af2-babf-c0d09f910bb5,,,,,,,,,,,,
690e9918cec6f5b87db81c48,68894fdf3fe661ad58144838,Withdrawal,SUCCESS,2025-11-08T01:12:56.575Z,2025-11-08T01:12:58.433Z,30000,BANK-TRF,2025-11-08T01:12:57.000Z,TRF_2ty9n2bwzfgnby8p,79a9ddff-6d9b-43e6-8d88-44c11e21d400,clothing,👕,,,,0811530602,Access Bank,JAMES JESUGBEMILEKE KEHINDE,110006251108011255091186647101,,,
690e991b08a029e1c83edcd9,68894fdf3fe661ad58144838,Withdrawal,SUCCESS,2025-11-08T01:12:59.400Z,2025-11-08T01:12:59.400Z,9,In-App-TRF,,69093cac4584830608f12376,21e072d2-6f48-45cd-9e35-233c605f8b39,,,,,,,,,,,,
690ea96dcec6f5b87db81cbe,68894fdf3fe661ad58144838,Deposit,SUCCESS,2025-11-08T02:22:37.940Z,2026-02-26T15:43:21.787Z,5.999999999999999,In-App-TRF,,45e3849a-387f-4cea-949d-44afbb549d82,69093cac4584830608f12376,Rainy Day savings,💸,,,,,,,,,,
690eabbd69be2bb1317299bb,68894fdf3fe661ad58144838,Deposit,SUCCESS,2025-11-08T02:32:29.044Z,2026-02-26T15:43:21.891Z,5.999999999999999,In-App-TRF,,8f02fed4-4895-4b5b-bb8a-1034ee5dc573,69093cac4584830608f12376,Rainy Day savings,💸,,,,,,,,,,
690ead60e56c8979f055717c,68894fdf3fe661ad58144838,Deposit,SUCCESS,2025-11-08T02:39:28.504Z,2026-02-26T15:43:21.987Z,9,In-App-TRF,,a152e219-f41d-4093-96b3-16465d2e35af,69093cac4584830608f12376,Rainy Day savings,💸,,,,,,,,,,
690f70fadc46720fb457f32e,68da85dc4f5e4d4b75b562a0,Deposit,SUCCESS,2025-11-08T16:34:02.062Z,2025-11-08T16:34:02.062Z,30000,BANK-TRF,2025-11-08T16:34:00.000Z,000014251108172858287285116966,AUTH_esh183d7xq,,,IYANUOLUWA JOHN KENT-ADEBAYO,Access Bank,1445997812,,,,,,,
6910e0ee28d5d8f8a47daf44,68894fdf3fe661ad58144838,Withdrawal,SUCCESS,2025-11-09T18:43:58.057Z,2025-11-09T18:43:59.200Z,30000,BANK-TRF,,TRF_a9wh4r43fbk18gq3,1c080699-382b-4eca-879c-c2e1cf03fba3,rent,🏠,,,,0811530602,Access Bank,JAMES JESUGBEMILEKE KEHINDE,,,,
6910e0f128d5d8f8a47daf4d,68894fdf3fe661ad58144838,Withdrawal,SUCCESS,2025-11-09T18:44:01.184Z,2025-11-09T18:44:01.184Z,9,In-App-TRF,,69093cac4584830608f12376,5b4ffba2-b7c5-4718-8cef-ae111fb5ee44,,,,,,,,,,,,
6910e1995990f146aa7cd8ab,68894fdf3fe661ad58144838,Withdrawal,SUCCESS,2025-11-09T18:46:49.446Z,2025-11-09T18:46:57.639Z,30000,BANK-TRF,,TRF_jdvob1shc5nzyhd7,dada2176-ca21-42a2-bf5c-a94e6f4d599b,rent,🏠,,,,0811530602,Access Bank,JAMES JESUGBEMILEKE KEHINDE,,,,
6910e1a25990f146aa7cd8be,68894fdf3fe661ad58144838,Withdrawal,SUCCESS,2025-11-09T18:46:58.507Z,2025-11-09T18:46:58.507Z,9,In-App-TRF,,69093cac4584830608f12376,579ce1fe-1624-415b-a5d2-d4efe72772b5,,,,,,,,,,,,
6910eb9a7b1c9fca2d9e2eb4,68894fdf3fe661ad58144838,Withdrawal,SUCCESS,2025-11-09T19:29:30.767Z,2025-11-09T19:29:39.872Z,30000,BANK-TRF,,TRF_fok44z2bt7yg1cms,437a694e-387c-4753-802e-086fbbeae0c5,rent,🏠,,,,0811530602,Access Bank,JAMES JESUGBEMILEKE KEHINDE,,,,
6910eba57b1c9fca2d9e2ec7,68894fdf3fe661ad58144838,Withdrawal,SUCCESS,2025-11-09T19:29:41.819Z,2025-11-09T19:29:41.819Z,9,In-App-TRF,,69093cac4584830608f12376,2b76887c-4aa0-44ab-ac3d-c73bc1ed2ad0,,,,,,,,,,,,
691262a18162c536f474a576,68da85dc4f5e4d4b75b562a0,Deposit,SUCCESS,2025-11-10T22:09:37.346Z,2025-11-10T22:09:37.346Z,2000000,BANK-TRF,2025-11-10T22:09:35.000Z,090267251110220914130100018272,AUTH_kyouslosrg,,,IYANUOLUWA JOHN ADEBAYO,Kuda Bank,1100018272,,,,,,,
691263e98162c536f474a5de,68da85dc4f5e4d4b75b562a0,Withdrawal,SUCCESS,2025-11-10T22:15:05.052Z,2025-11-10T22:15:05.817Z,500000,BANK-TRF,2025-11-10T22:15:04.000Z,TRF_kbktt2erw4qhg0n6,4b35aa44-215d-4061-96b5-b7a7534c7caa,food,🥑,,,,8085077951,PalmPay,MOTOLANI OLUWAFEYISAYO JUNAID,110006251110221501091320204701,Okay,,
691263ea8162c536f474a5e7,68da85dc4f5e4d4b75b562a0,Withdrawal,SUCCESS,2025-11-10T22:15:06.740Z,2025-11-10T22:15:06.740Z,150,In-App-TRF,,69024126dd889866555e6924,4c5bcc41-8479-4356-bb60-a08f6b0f5562,,,,,,,,,,,,
691314569a74fbc52d851c6e,68da85dc4f5e4d4b75b562a0,Withdrawal,SUCCESS,2025-11-11T10:47:50.360Z,2025-11-11T10:47:51.131Z,500000,BANK-TRF,2025-11-11T10:47:50.000Z,TRF_yx1h6yp7eo1wtiau,e726023d-92d7-4ae1-b3c9-45041e2a0998,food,🥑,,,,8100192727,OPay Digital Services Limited (OPay),BLESSING ESTHER IBIDAPO,9999910091338138901,,,
691314589a74fbc52d851c77,68da85dc4f5e4d4b75b562a0,Withdrawal,SUCCESS,2025-11-11T10:47:52.063Z,2025-11-11T10:47:52.063Z,3200,In-App-TRF,,69024126dd889866555e6924,aaa16c69-4b47-4baf-9642-d413239363a1,,,,,,,,,,,,
691385eb9a74fbc52d851da4,68da85dc4f5e4d4b75b562a0,Withdrawal,SUCCESS,2025-11-11T18:52:27.108Z,2025-11-11T18:52:28.960Z,300000,BANK-TRF,2025-11-11T18:52:26.000Z,TRF_w95g5f3tr87akoi4,5d423f35-f580-4a26-9c07-32c9665f4dc3,transportation,🚌,,,,9042280067,OPay Digital Services Limited (OPay),GABRIEL OLUWASEUN OLA,9999910091356044101,,,
691385ed9a74fbc52d851db2,68da85dc4f5e4d4b75b562a0,Withdrawal,SUCCESS,2025-11-11T18:52:29.865Z,2025-11-11T18:52:29.865Z,1920,In-App-TRF,,69024126dd889866555e6924,93759ad2-db15-46ae-bdf2-dab32ea58e65,,,,,,,,,,,,
69138c849a74fbc52d851e2b,68da85dc4f5e4d4b75b562a0,Withdrawal,SUCCESS,2025-11-11T19:20:36.045Z,2025-11-11T19:20:36.800Z,200000,BANK-TRF,2025-11-11T19:20:35.000Z,TRF_pasai11crf2x86l4,26b44ee0-c6b0-4610-801e-086361ff0bb9,food,🥑,,,,9091244078,PalmPay,OLAMIDE SEUN OLUWAFEMI,110006251111192033091357059201,,,
69138c859a74fbc52d851e36,68da85dc4f5e4d4b75b562a0,Withdrawal,SUCCESS,2025-11-11T19:20:37.725Z,2025-11-11T19:20:37.725Z,1280,In-App-TRF,,69024126dd889866555e6924,c01f3889-e2be-4b36-9030-8b660beb7ea2,,,,,,,,,,,,
6913d2f0921ed747f3e05d1e,68894fdf3fe661ad58144838,Withdrawal,SUCCESS,2025-11-12T00:21:04.892Z,2025-11-12T00:21:04.892Z,10000,In-App-TRF,,2b50d7d4-05a8-4d69-8f61-fcb55edda8a9,69093cac4584830608f12376,Rainy Day savings,💸,,,,,,,,,,
6913db47921ed747f3e05d7a,68894fdf3fe661ad58144838,Withdrawal,SUCCESS,2025-11-12T00:56:39.650Z,2025-11-12T00:56:39.650Z,10000,In-App-TRF,,77be3247-5b49-4eac-8b74-1d4945dac3b4,69093cac4584830608f12376,Rainy Day savings,💸,,,,,,,,,,
691412f3659323be23fc5b1a,68894fdf3fe661ad58144838,Withdrawal,SUCCESS,2025-11-12T04:54:11.104Z,2025-11-12T04:54:11.104Z,10000,In-App-TRF,,69024126dd889866555e6924,ad65675e-6886-4875-9282-601a7476d045,trial test 2,😒,,,,,,,,,,
691413e823806aa38625af9b,68894fdf3fe661ad58144838,Withdrawal,SUCCESS,2025-11-12T04:58:16.346Z,2025-11-12T04:58:16.346Z,10000,In-App-TRF,,6906497715d5271d1d281b34,e585b486-516b-489a-8403-dc9ac6f0bb35,trial test 2,😒,,,,,,,,,,
6914147d426536b4ad0669f6,68894fdf3fe661ad58144838,Withdrawal,SUCCESS,2025-11-12T05:00:45.793Z,2025-11-12T05:00:45.793Z,10000,In-App-TRF,,6906497715d5271d1d281b34,363bdd7b-515f-4f8f-8b02-2fb200b9623b,trial test 2,😒,,,,,,,,,,
691415ce0d48570607ba08fe,68894fdf3fe661ad58144838,Withdrawal,SUCCESS,2025-11-12T05:06:22.212Z,2025-11-12T05:06:22.212Z,10000,In-App-TRF,,69093cac4584830608f12376,26775374-c916-4446-bf32-c637ce97e9b0,trial test 2,😒,,,,,,,,,,
691416465a5643ec749f7fb9,68894fdf3fe661ad58144838,Withdrawal,SUCCESS,2025-11-12T05:08:22.492Z,2025-11-12T05:08:22.492Z,10000,In-App-TRF,,69093cac4584830608f12376,2ba05471-85a2-481b-ab9b-47c828f38e6b,trial test 2,😒,,,,,,,,,,
691416d2a5c4c8901231c44a,68894fdf3fe661ad58144838,Withdrawal,SUCCESS,2025-11-12T05:10:42.387Z,2025-11-12T05:10:42.387Z,10000,In-App-TRF,,690a86a66b1554bfbd5ad27d,8387bcc0-37ca-4244-9470-30c47a0fc356,trial test 2,😒,,,,,,,,,,
6915ae88e4b09bf041c2ae13,68da85dc4f5e4d4b75b562a0,Deposit,SUCCESS,2025-11-13T10:10:16.473Z,2025-11-13T10:10:16.473Z,500000,BANK-TRF,2025-11-13T10:10:14.000Z,100033251113100930737899969050,AUTH_p1cm1xlfo3,,,MOTOLANI OLUWAFEYISAYO JUNAID,PalmPay,8085077951,,,,,,,
691719edfe4d4bd4b968ae45,68da85dc4f5e4d4b75b562a0,Withdrawal,SUCCESS,2025-11-14T12:00:45.328Z,2025-11-14T12:00:46.107Z,200000,BANK-TRF,2025-11-14T12:00:45.000Z,TRF_mfxeifx6jcszi4u0,e58719e7-2c78-44bd-bfaa-eb435500ce07,food,🥑,,,,9055485433,OPay Digital Services Limited (OPay),PATRICK NFONOBONG SAMUEL,9999910091463678001,,,
691719effe4d4bd4b968ae4f,68da85dc4f5e4d4b75b562a0,Withdrawal,SUCCESS,2025-11-14T12:00:47.108Z,2025-11-14T12:00:47.108Z,1280,In-App-TRF,,69024126dd889866555e6924,32493a83-ca0d-4e73-abdc-9d91301857a6,,,,,,,,,,,,
69184adf512294a09e04542f,68da85dc4f5e4d4b75b562a0,Withdrawal,SUCCESS,2025-11-15T09:41:51.463Z,2025-11-15T09:41:52.239Z,100000,BANK-TRF,2025-11-15T09:41:51.000Z,TRF_8f2bhyt8spevpe4i,f00af136-d6e4-4106-9c49-a4afbb8efd01,food,🥑,,,,9876979015,Paystack-Titan,OONECONCEPTZ/KENTADEBAYO JOHN,110006251115094149091498107601,,,
69184ae1512294a09e045439,68da85dc4f5e4d4b75b562a0,Withdrawal,SUCCESS,2025-11-15T09:41:53.161Z,2025-11-15T09:41:53.161Z,640,In-App-TRF,,69024126dd889866555e6924,275909d5-7329-4c53-b2db-22ee712e925c,,,,,,,,,,,,
6918593c149a27a8268e12ab,68894fdf3fe661ad58144838,Withdrawal,SUCCESS,2025-11-15T10:43:08.968Z,2025-11-15T10:43:10.172Z,30000,BANK-TRF,,TRF_t0xf4jh6z00vr3q7,b28b9396-b92d-422d-a240-0678e72f1ad3,clothing,👕,,,,0811530602,Access Bank,JAMES JESUGBEMILEKE KEHINDE,,,,
6918593f149a27a8268e12b4,68894fdf3fe661ad58144838,Deposit,SUCCESS,2025-11-15T10:43:11.337Z,2025-11-15T10:43:11.337Z,9,In-App-TRF,,69093cac4584830608f12376,fe87c461-fa2c-4fac-849e-175b4de30ef1,,,,,,,,,,,,
69185b49bd35bfc6eaaf583e,68894fdf3fe661ad58144838,Withdrawal,SUCCESS,2025-11-15T10:51:53.614Z,2025-11-15T10:51:54.341Z,30000,BANK-TRF,,TRF_gwoilkm8y8rhk769,1b84d06a-2a45-4c25-8eac-84056366e9c2,clothing,👕,,,,0811530602,Access Bank,JAMES JESUGBEMILEKE KEHINDE,,,,
69185b4bbd35bfc6eaaf5847,68894fdf3fe661ad58144838,Deposit,SUCCESS,2025-11-15T10:51:55.176Z,2025-11-15T10:51:55.176Z,9,In-App-TRF,,69093cac4584830608f12376,a8c8a05b-08bd-4ecf-87fe-3ad962c125a0,,,,,,,,,,,,
69185dd57dff6444b0d88e0e,68894fdf3fe661ad58144838,Withdrawal,SUCCESS,2025-11-15T11:02:45.290Z,2025-11-15T11:02:49.513Z,30000,BANK-TRF,2025-11-15T11:02:46.000Z,TRF_5wd97012k8gs38xv,7e2b3285-9411-48ac-b809-3ed0775d512f,clothing,👕,,,,0811530602,Access Bank,JAMES JESUGBEMILEKE KEHINDE,,,,
69185dda7dff6444b0d88e1e,68894fdf3fe661ad58144838,Deposit,SUCCESS,2025-11-15T11:02:50.410Z,2025-11-15T11:02:50.410Z,9,In-App-TRF,,69093cac4584830608f12376,a265af6c-508f-494c-aa1f-9c221b3e6252,,,,,,,,,,,,
6919c91134198e868f59dd1b,68da85dc4f5e4d4b75b562a0,Withdrawal,SUCCESS,2025-11-16T12:52:33.599Z,2025-11-16T12:52:33.599Z,10000,In-App-TRF,,10b03f25-31e1-4022-8c59-def5188cbc4d,69024126dd889866555e6924,Rainy Day savings,💸,,,,,,,,,,
691a496b04e282084fd27c3b,68894fdf3fe661ad58144838,Withdrawal,SUCCESS,2025-11-16T22:00:11.295Z,2025-11-16T22:00:17.357Z,30000,BANK-TRF,2025-11-16T22:00:13.000Z,TRF_xbrkc8p1unw4uah5,a912398c-7cbc-4032-a52f-2beeb1eb40f3,clothing,👕,,,,0811530602,Access Bank,JAMES JESUGBEMILEKE KEHINDE,,,,
691a497104e282084fd27c4b,68894fdf3fe661ad58144838,Deposit,SUCCESS,2025-11-16T22:00:17.872Z,2026-02-26T15:43:22.091Z,9,In-App-TRF,,769a4e21-a3f5-41b5-9db9-8c49bad8b377,69093cac4584830608f12376,Rainy Day savings,💸,,,,,,,,,,
691a5fc58cb8bd160acd3343,68894fdf3fe661ad58144838,Withdrawal,SUCCESS,2025-11-16T23:35:33.609Z,2025-11-16T23:35:37.712Z,30000,BANK-TRF,2025-11-16T23:35:36.000Z,TRF_9ueh3sck5ijrhxt0,6352a343-4acc-4ee6-917e-185e73204efa,clothing,👕,,,,0811530602,Access Bank,JAMES JESUGBEMILEKE KEHINDE,,,,
691a5fca8cb8bd160acd334d,68894fdf3fe661ad58144838,Deposit,SUCCESS,2025-11-16T23:35:38.524Z,2026-02-26T15:43:22.189Z,9,In-App-TRF,,5447b1c0-9683-41ba-a544-6c259e2a7f65,69093cac4584830608f12376,Rainy Day savings,💸,,,,,,,,,,
691a61bc8cb8bd160acd337c,68894fdf3fe661ad58144838,Withdrawal,SUCCESS,2025-11-16T23:43:56.247Z,2025-11-16T23:44:01.080Z,30000,BANK-TRF,2025-11-16T23:43:59.000Z,TRF_birzs6qcv950ruuw,867c4727-c7d0-40e3-90f0-884cc73cc0c6,clothing,👕,,,,0811530602,Access Bank,JAMES JESUGBEMILEKE KEHINDE,,,,
691a61c38cb8bd160acd338c,68894fdf3fe661ad58144838,Deposit,SUCCESS,2025-11-16T23:44:03.078Z,2026-02-26T15:43:22.293Z,9,In-App-TRF,,1c83c35b-a682-48e3-ae41-70b26210662d,69093cac4584830608f12376,Rainy Day savings,💸,,,,,,,,,,
691a62c08cb8bd160acd33b4,68894fdf3fe661ad58144838,Withdrawal,SUCCESS,2025-11-16T23:48:16.039Z,2025-11-16T23:48:19.709Z,20000,BANK-TRF,2025-11-16T23:48:18.000Z,TRF_tjl1trynieooxna6,a582a973-1643-4dd2-a439-0c985f5d85ca,clothing,👕,,,,0811530602,Access Bank,JAMES JESUGBEMILEKE KEHINDE,,,,
691a62c48cb8bd160acd33c4,68894fdf3fe661ad58144838,Deposit,SUCCESS,2025-11-16T23:48:20.156Z,2026-02-26T15:43:22.387Z,5.999999999999999,In-App-TRF,,7fbfbf96-ffd9-48ae-b33b-1e87c416f168,69093cac4584830608f12376,Rainy Day savings,💸,,,,,,,,,,
691ad3d7ee1461216bb254a3,68894fdf3fe661ad58144838,Deposit,SUCCESS,2025-11-17T07:50:47.510Z,2026-02-26T15:43:22.491Z,5.999999999999999,In-App-TRF,,eefd1083-8703-4208-baf6-65e7af6e0605,69093cac4584830608f12376,Rainy Day savings,💸,,,,,,,,,,
691ad6e6ee1461216bb254ec,68894fdf3fe661ad58144838,Deposit,SUCCESS,2025-11-17T08:03:50.856Z,2026-02-26T15:43:22.605Z,5.999999999999999,In-App-TRF,,6c73041d-a1a1-4630-a30c-764555bffd1d,69093cac4584830608f12376,Rainy Day savings,💸,,,,,,,,,,
691adfd1ee1461216bb2550e,68894fdf3fe661ad58144838,Deposit,SUCCESS,2025-11-17T08:41:53.807Z,2025-11-17T08:42:41.363Z,30000,CARD,Mon Nov 17 2025 09:42:41 GMT+0100 (West Africa Standard Time),1763368913947,,,,,,,,,,,,,
691ae05dee1461216bb2551a,68894fdf3fe661ad58144838,Deposit,SUCCESS,2025-11-17T08:44:13.505Z,2025-11-17T08:44:22.574Z,30000,CARD,Mon Nov 17 2025 09:44:22 GMT+0100 (West Africa Standard Time),1763369053598,,,,,,,,,,,,,
691ae18f7cee00ba9a7a442e,68894fdf3fe661ad58144838,Deposit,SUCCESS,2025-11-17T08:49:19.833Z,2025-11-17T08:49:29.311Z,30000,CARD,Mon Nov 17 2025 09:49:29 GMT+0100 (West Africa Standard Time),1763369359928,,,,,,,,,,,,,
691ae3882f0247230b7f216f,68894fdf3fe661ad58144838,Deposit,SUCCESS,2025-11-17T08:57:44.099Z,2025-11-17T08:57:53.993Z,30000,CARD,Mon Nov 17 2025 09:57:53 GMT+0100 (West Africa Standard Time),1763369864309,,,,,,,,,,,,,
691ae48bf208e008a9d1a570,68894fdf3fe661ad58144838,Deposit,SUCCESS,2025-11-17T09:02:03.281Z,2025-11-17T09:02:38.854Z,30000,CARD,Mon Nov 17 2025 10:02:38 GMT+0100 (West Africa Standard Time),1763370123494,,,,,,,,,,,,,
691b39539fae89b7937af1cf,68da85dc4f5e4d4b75b562a0,Deposit,SUCCESS,2025-11-17T15:03:47.165Z,2025-11-17T15:03:47.165Z,20000,BANK-TRF,2025-11-17T15:03:45.000Z,100004251117135948145508878439,AUTH_5r8vomz3mq,,,IYANUOLUWA JOHN ADEBAYO,OPay Digital Services Limited (OPay),8101799492,,,,,,,
691b8c5cea798895d2841f6a,68894fdf3fe661ad58144838,Deposit,SUCCESS,2025-11-17T20:58:04.110Z,2025-11-17T20:58:15.158Z,30000,CARD,Mon Nov 17 2025 21:58:15 GMT+0100 (West Africa Standard Time),1763413084290,,,,,,,,,,,,,
691b931bea798895d2841fa2,68894fdf3fe661ad58144838,Deposit,SUCCESS,2025-11-17T21:26:51.147Z,2025-11-17T21:27:06.830Z,30000,CARD,Mon Nov 17 2025 22:27:06 GMT+0100 (West Africa Standard Time),1763414811240,,,,,,,,,,,,,
691b95a49fae89b7937af1fa,68da85dc4f5e4d4b75b562a0,Deposit,SUCCESS,2025-11-17T21:37:40.328Z,2025-11-17T21:37:40.328Z,20000,BANK-TRF,2025-11-17T21:37:38.000Z,100004251117213714145545832582,AUTH_ifqtmas942,,,IYANUOLUWA JOHN ADEBAYO,OPay Digital Services Limited (OPay),8101799492,,,,,,,
691b96aef68223f08a9eb312,68894fdf3fe661ad58144838,Deposit,SUCCESS,2025-11-17T21:42:06.717Z,2025-11-17T21:42:15.613Z,30000,CARD,Mon Nov 17 2025 22:42:15 GMT+0100 (West Africa Standard Time),1763415726820,,,,,,,,,,,,,
691b96cef68223f08a9eb32d,68894fdf3fe661ad58144838,Deposit,SUCCESS,2025-11-17T21:42:38.671Z,2025-11-17T21:42:45.606Z,30000,CARD,Mon Nov 17 2025 22:42:45 GMT+0100 (West Africa Standard Time),1763415758809,,,,,,,,,,,,,
691b9703f68223f08a9eb354,68894fdf3fe661ad58144838,Deposit,SUCCESS,2025-11-17T21:43:31.443Z,2025-11-17T21:43:38.233Z,30000,CARD,Mon Nov 17 2025 22:43:38 GMT+0100 (West Africa Standard Time),1763415811556,,,,,,,,,,,,,
691b970c9fae89b7937af22b,68da85dc4f5e4d4b75b562a0,Deposit,SUCCESS,2025-11-17T21:43:40.611Z,2025-11-17T21:43:40.611Z,20000,BANK-TRF,2025-11-17T21:43:39.000Z,100004251117214319145546100927,AUTH_c9wdnbhzxk,,,IYANUOLUWA JOHN ADEBAYO,OPay Digital Services Limited (OPay),8101799492,,,,,,,
691b9e7d50688e10d0597f29,68da85dc4f5e4d4b75b562a0,Withdrawal,SUCCESS,2025-11-17T22:15:25.228Z,2025-11-17T22:15:25.228Z,30000,In-App-TRF,,69106dfb6f4bdf743b7af46a,c9cd6921-f5d4-4319-8d59-5c3ca49e7ba7,Travel,🏚️,,,,,,,,,,
691ba2c450688e10d0597fe6,68da85dc4f5e4d4b75b562a0,Withdrawal,SUCCESS,2025-11-17T22:33:40.135Z,2025-11-17T22:33:41.859Z,50000,BANK-TRF,2025-11-17T22:33:40.000Z,TRF_65nchx6ccxmloykq,488c1aac-c0d4-4e71-a178-789d374c5002,clothing,👕,,,,1100018272,Kuda Bank,IYANUOLUWA JOHN ADEBAYO,110006251117223337091619198001,Good,,
691ba2c650688e10d0597ff1,68da85dc4f5e4d4b75b562a0,Deposit,SUCCESS,2025-11-17T22:33:42.753Z,2026-02-26T15:43:22.708Z,320,In-App-TRF,,5c3d8188-1c7a-41fb-b5f2-b9abbaa3cfc1,69024126dd889866555e6924,Rainy Day savings,💸,,,,,,,,,,
691ba990f48763a82955635a,68894fdf3fe661ad58144838,Withdrawal,SUCCESS,2025-11-17T23:02:40.009Z,2025-11-17T23:02:42.301Z,10000,BANK-TRF,2025-11-17T23:02:41.000Z,TRF_g4s0mwiyy8azfqdl,ab5ffaf0-2010-4137-83ae-7899a3498ef5,home,🏚️,,,,8101799492,OPay Digital Services Limited (OPay),IYANUOLUWA JOHN ADEBAYO,9999910091619993901,,,
691ba99350688e10d05980f2,68894fdf3fe661ad58144838,Deposit,SUCCESS,2025-11-17T23:02:43.209Z,2026-02-26T15:43:22.813Z,2.9999999999999996,In-App-TRF,,474fffca-e52a-4f57-944e-81bb7dfb787f,69093cac4584830608f12376,Rainy Day savings,💸,,,,,,,,,,
691baa9e9d73baa8b7f9788c,68894fdf3fe661ad58144838,Withdrawal,SUCCESS,2025-11-17T23:07:10.773Z,2025-11-17T23:07:13.072Z,10000,BANK-TRF,2025-11-17T23:07:12.000Z,TRF_hurwkq56lsgxrqgu,e91e474f-989a-4857-85e4-863f3daf3f4f,home,🏚️,,,,8101799492,OPay Digital Services Limited (OPay),IYANUOLUWA JOHN ADEBAYO,9999910091620099401,,,
691baaa150688e10d0598100,68894fdf3fe661ad58144838,Deposit,SUCCESS,2025-11-17T23:07:13.978Z,2026-02-26T15:43:22.910Z,2.9999999999999996,In-App-TRF,,87b4aebc-3fa2-4141-aacd-6ffd84381bfc,69093cac4584830608f12376,Rainy Day savings,💸,,,,,,,,,,
691bab529d73baa8b7f978af,68894fdf3fe661ad58144838,Withdrawal,SUCCESS,2025-11-17T23:10:10.605Z,2025-11-17T23:10:12.925Z,10000,BANK-TRF,2025-11-17T23:10:12.000Z,TRF_x7ayy2tf7dr4zckc,5bda9ed4-aae4-4303-ad5c-10c794b1ed3c,home,🏚️,,,,8101799492,OPay Digital Services Limited (OPay),IYANUOLUWA JOHN ADEBAYO,9999910091620165701,,,
691bab5550688e10d059810e,68894fdf3fe661ad58144838,Deposit,SUCCESS,2025-11-17T23:10:13.832Z,2026-02-26T15:43:23.027Z,2.9999999999999996,In-App-TRF,,e44923d5-2483-400e-90c8-60cc600fa3e3,69093cac4584830608f12376,Rainy Day savings,💸,,,,,,,,,,
691bacc31eca2e6766d0c787,68894fdf3fe661ad58144838,Withdrawal,SUCCESS,2025-11-17T23:16:19.266Z,2025-11-17T23:16:21.551Z,10000,BANK-TRF,2025-11-17T23:16:20.000Z,TRF_1hwpok8tvk07kisu,eb0cc581-c632-4550-a934-e0cedf081295,home,🏚️,,,,8101799492,OPay Digital Services Limited (OPay),IYANUOLUWA JOHN ADEBAYO,9999910091620294001,,,
691bacc650688e10d059811c,68894fdf3fe661ad58144838,Deposit,SUCCESS,2025-11-17T23:16:22.457Z,2026-02-26T15:43:23.148Z,2.9999999999999996,In-App-TRF,,501a0b46-cb6c-46ea-8b2f-032e03d740c6,69093cac4584830608f12376,Rainy Day savings,💸,,,,,,,,,,
691badc81eca2e6766d0c7af,68894fdf3fe661ad58144838,Withdrawal,SUCCESS,2025-11-17T23:20:40.672Z,2025-11-17T23:20:43.038Z,10000,BANK-TRF,2025-11-17T23:20:42.000Z,TRF_0fl3mtqoxfle8qry,1d2563f6-3132-4d69-99d6-a81d041b5e9e,home,🏚️,,,,8101799492,OPay Digital Services Limited (OPay),IYANUOLUWA JOHN ADEBAYO,9999910091620388301,,,
691badcb50688e10d059812a,68894fdf3fe661ad58144838,Deposit,SUCCESS,2025-11-17T23:20:43.944Z,2026-02-26T15:43:23.256Z,2.9999999999999996,In-App-TRF,,cafdce9e-08a2-4b8f-83bf-c71eb65c4361,69093cac4584830608f12376,Rainy Day savings,💸,,,,,,,,,,
691baeba1eca2e6766d0c7df,68894fdf3fe661ad58144838,Deposit,SUCCESS,2025-11-17T23:24:42.511Z,2026-02-26T15:43:23.373Z,2.9999999999999996,In-App-TRF,,05cc27f4-d06f-4ffa-bf94-1af7208d8618,69093cac4584830608f12376,Rainy Day savings,💸,,,,,,,,,,
691bb01cab1a9d2fe941c92f,68894fdf3fe661ad58144838,Deposit,SUCCESS,2025-11-17T23:30:36.348Z,2026-02-26T15:43:23.473Z,2.9999999999999996,In-App-TRF,,94605fef-d51a-4360-b030-25cad681900e,69093cac4584830608f12376,Rainy Day savings,💸,,,,,,,,,,
691bb16c93c9a0e694fe1919,68894fdf3fe661ad58144838,Deposit,SUCCESS,2025-11-17T23:36:12.061Z,2026-02-26T15:43:23.596Z,2.9999999999999996,In-App-TRF,,88dcb921-22bb-4042-891f-c555ff6e05e5,69093cac4584830608f12376,Rainy Day savings,💸,,,,,,,,,,
691bb1d993c9a0e694fe1943,68894fdf3fe661ad58144838,Withdrawal,SUCCESS,2025-11-17T23:38:01.778Z,2025-11-17T23:38:04.105Z,10000,BANK-TRF,2025-11-17T23:38:03.000Z,TRF_fqxwncbiu4t6przx,fbec2656-9d03-4be9-a098-c02b676bb7e1,home,🏚️,,,,8101799492,OPay Digital Services Limited (OPay),IYANUOLUWA JOHN ADEBAYO,9999910091620719301,,,
691bb1dc50688e10d0598138,68894fdf3fe661ad58144838,Deposit,SUCCESS,2025-11-17T23:38:04.995Z,2026-02-26T15:43:23.697Z,2.9999999999999996,In-App-TRF,,afd90150-1d79-4082-9114-1f159fb0da5d,69093cac4584830608f12376,Rainy Day savings,💸,,,,,,,,,,
691bbc4b44d961bfcc3d0140,6919c3247409286afbee11bd,Withdrawal,SUCCESS,2025-11-18T00:22:35.422Z,2025-11-18T00:22:37.099Z,10000,BANK-TRF,2025-11-18T00:22:36.000Z,TRF_y2xblxjuemoflz0m,15bf7e59-d65c-4f45-9c1c-404255b8fc82,cleaning,🧼,,,,8101799492,OPay Digital Services Limited (OPay),IYANUOLUWA JOHN ADEBAYO,9999910091621415901,,,
691c346c50688e10d05981cf,68da85dc4f5e4d4b75b562a0,Withdrawal,SUCCESS,2025-11-18T08:55:08.968Z,2025-11-18T08:55:10.774Z,16000,BANK-TRF,2025-11-18T08:55:08.000Z,TRF_4j5i5tl336hrl2ww,215a6f91-388f-4dd3-b4e9-d9f07ed62d8c,rent,🏠,,,,9992781758,Paystack-Titan,PAYSTACK CHECKOUT,110006251118085507091631797901,,,
691c346f50688e10d05981dc,68da85dc4f5e4d4b75b562a0,Deposit,SUCCESS,2025-11-18T08:55:11.680Z,2026-02-26T15:43:23.801Z,102.4,In-App-TRF,,a43019ce-7d89-484d-963d-1613a2a2b308,69024126dd889866555e6924,Rainy Day savings,💸,,,,,,,,,,
691c97b90fe6a9c7483c939f,6919c3247409286afbee11bd,Withdrawal,SUCCESS,2025-11-18T15:58:49.999Z,2025-11-18T15:58:51.779Z,10000,BANK-TRF,2025-11-18T15:58:49.000Z,TRF_bo15trpjv2eygflb,d975bb78-0b59-45e0-9622-053f692648a1,cleaning,🧼,,,,0811530602,Access Bank,JAMES JESUGBEMILEKE KEHINDE,110006251118155847091647170101,,,
691caf2265dffc4250474ae3,68da85dc4f5e4d4b75b562a0,Deposit,PENDING,2025-11-18T17:38:42.759Z,2025-11-18T17:38:42.759Z,,,,,,,,,,,,,,,,,
691caf5465dffc4250474ae8,68da85dc4f5e4d4b75b562a0,Deposit,PENDING,2025-11-18T17:39:32.461Z,2025-11-18T17:39:32.461Z,,,,,,,,,,,,,,,,,
691cb08b65dffc4250474b17,68da85dc4f5e4d4b75b562a0,Deposit,SUCCESS,2025-11-18T17:44:43.279Z,2025-11-18T17:46:12.354Z,120000,CARD,Tue Nov 18 2025 17:46:12 GMT+0000 (Coordinated Universal Time),1763487883507,,,,,,,,,,,Okay,,
691cc2b565dffc4250474bf1,68da85dc4f5e4d4b75b562a0,Deposit,SUCCESS,2025-11-18T19:02:13.637Z,2026-02-26T15:43:23.906Z,320,In-App-TRF,,d4b467b8-294c-47c1-8407-369c4d0505f4,69024126dd889866555e6924,Rainy Day savings,💸,,,,,,,,,,
691cc4b065dffc4250474c72,691cc13665dffc4250474b6a,Deposit,SUCCESS,2025-11-18T19:10:40.373Z,2025-11-18T19:10:40.373Z,1000000,BANK-TRF,2025-11-18T19:10:38.000Z,090110251118201026401635421981,AUTH_rk1wv3xwrp,,,Vant,VFD Microfinance Bank Limited,1026459314,,,,,,,
691cfb90142342a5c3cf097d,68894fdf3fe661ad58144838,Deposit,SUCCESS,2025-11-18T23:04:48.061Z,2026-02-26T15:43:24.019Z,2.9999999999999996,In-App-TRF,,91b1072e-8ed6-48a6-9ba0-9bcbd2bd4347,69093cac4584830608f12376,Rainy Day savings,💸,,,,,,,,,,
691da6ad142342a5c3cf0d08,68da85dc4f5e4d4b75b562a0,Deposit,SUCCESS,2025-11-19T11:14:53.765Z,2026-02-26T15:43:24.133Z,320,In-App-TRF,,1cfcab2c-2c7f-4b79-bb3a-1ff3c7dba7d8,69024126dd889866555e6924,Rainy Day savings,💸,,,,,,,,,,
691dc322142342a5c3cf0db5,691cc13665dffc4250474b6a,Withdrawal,SUCCESS,2025-11-19T13:16:18.264Z,2025-11-19T13:16:19.009Z,240000,BANK-TRF,2025-11-19T13:16:18.000Z,TRF_2tx68pjzoadnsa1y,68f693c9-551c-4a53-ae18-691934ab57b8,transportation,🚌,,,,7081207678,OPay Digital Services Limited (OPay),GOODNESS AYOBAMI TAIWO,9999910091681037301,,,
691dc3ab142342a5c3cf0ddb,691cc13665dffc4250474b6a,Withdrawal,SUCCESS,2025-11-19T13:18:35.150Z,2025-11-19T13:18:36.915Z,200000,BANK-TRF,2025-11-19T13:18:35.000Z,TRF_g24q7grugo0vo3yi,32ebad59-76f1-4081-a8a9-09a0cfe87e86,transportation,🚌,,,,8024357295,OPay Digital Services Limited (OPay),SARAH ANUOLUWAPO TAIWO,9999910091681107001,2000,,
691dc47f142342a5c3cf0e04,691cc13665dffc4250474b6a,Withdrawal,SUCCESS,2025-11-19T13:22:07.054Z,2025-11-19T13:22:08.636Z,40000,BANK-TRF,2025-11-19T13:22:06.000Z,TRF_v09zqcw62huxnlvk,d08268f5-7ef3-476a-93de-ea1c848ce3c6,transportation,🚌,,,,8068283623,OPay Digital Services Limited (OPay),BASIRAT TEMITOPE ABDULKAREEM,9999910091681214101,,,
691e0334142342a5c3cf104b,691cc13665dffc4250474b6a,Withdrawal,SUCCESS,2025-11-19T17:49:40.321Z,2025-11-19T17:49:42.210Z,500000,BANK-TRF,2025-11-19T17:49:40.000Z,TRF_ogo7ul8yimbr4byd,d9157f6b-61ce-4f1e-87cb-98d890b04f29,transportation,🚌,,,,8135550655,OPay Digital Services Limited (OPay),TAIWO OREOLUWA AKINPELU,9999910091691230701,,,
691e0c44142342a5c3cf1132,68da85dc4f5e4d4b75b562a0,Deposit,SUCCESS,2025-11-19T18:28:20.157Z,2026-02-26T15:43:24.229Z,320,In-App-TRF,,a5284a4f-6741-443a-b325-0ba024778c51,69024126dd889866555e6924,Rainy Day savings,💸,,,,,,,,,,
691e0d55142342a5c3cf11cb,691e0a6f142342a5c3cf109f,Withdrawal,SUCCESS,2025-11-19T18:32:53.933Z,2025-11-19T18:32:55.913Z,50000,BANK-TRF,2025-11-19T18:32:53.000Z,TRF_8biwamdsxlf1946o,523a9c08-4ee1-46c1-ad76-30f9a9f67415,savings,💰,,,,8141797322,OPay Digital Services Limited (OPay),OLAWALE MATTHEW FALOYIN,9999910091692584501,,,
691e551f7a9544db52f44c8f,691e2064142342a5c3cf122f,Deposit,SUCCESS,2025-11-19T23:39:11.799Z,2025-11-19T23:39:11.799Z,20000,BANK-TRF,2025-11-19T23:39:10.000Z,100004251119233842145696765865,AUTH_jndb1p5jh3,,,IYANUOLUWA JOHN ADEBAYO,OPay Digital Services Limited (OPay),8101799492,,,,,,,
691e632f636f949f59d0a504,6919c3247409286afbee11bd,Withdrawal,SUCCESS,2025-11-20T00:39:11.623Z,2025-11-20T00:39:13.764Z,10000,BANK-TRF,2025-11-20T00:39:11.000Z,TRF_s0iromz9kl4ytle4,55991f63-ac91-4d8f-a297-85428bb75a16,beauty,💅,,,,8147323999,OPay Digital Services Limited (OPay),JAMES JESUGBEMILEKE KEHINDE,9999910091703608901,this is fashion,,
691ec96524cf6022a24d983e,68da85dc4f5e4d4b75b562a0,Deposit,SUCCESS,2025-11-20T07:55:17.637Z,2026-02-26T15:43:24.333Z,128,In-App-TRF,,78cc34bb-b4ff-4973-ba4e-7bfc3130d402,69024126dd889866555e6924,Rainy Day savings,💸,,,,,,,,,,
691ee21824cf6022a24d9abb,691ee07f24cf6022a24d9a65,Deposit,SUCCESS,2025-11-20T09:40:40.891Z,2025-11-20T09:40:40.891Z,200000,BANK-TRF,2025-11-20T09:40:39.000Z,100004251120094020145714339590,AUTH_76tf4lzt8c,,,JOSHUA AKINKUNMI ALONGE,OPay Digital Services Limited (OPay),8145751306,,,,,,,
691ee2d224cf6022a24d9b49,691ee07f24cf6022a24d9a65,Withdrawal,SUCCESS,2025-11-20T09:43:46.263Z,2025-11-20T09:43:48.180Z,100000,BANK-TRF,2025-11-20T09:43:46.000Z,TRF_0cnd41diwold741j,d45dadcf-29a8-4225-83ba-471024eac84d,laundry,🧺,,,,8145751306,OPay Digital Services Limited (OPay),JOSHUA AKINKUNMI ALONGE,9999910091714518201,He,,
691ee2d624cf6022a24d9b5d,691ee07f24cf6022a24d9a65,Withdrawal,PENDING,2025-11-20T09:43:50.546Z,2025-11-20T09:43:50.546Z,,BANK-TRF,,TRF_o8hsmd8iq7qxcsms,691ee26624cf6022a24d9ae6,,,,,,,,,,He,,
691ee40724cf6022a24d9cfe,691cc13665dffc4250474b6a,Withdrawal,SUCCESS,2025-11-20T09:48:55.207Z,2025-11-20T09:48:55.970Z,20000,BANK-TRF,2025-11-20T09:48:55.000Z,TRF_j1iko9y5rnebabce,8d159b5c-8fe3-4a23-86e2-1553b68face1,electricity,💡,,,,7052062724,OPay Digital Services Limited (OPay),FEMI JOSEPH OLOJOKU,9999910091714687401,,,
691eeefe40183e9f81d9f9d3,68da85dc4f5e4d4b75b562a0,Deposit,SUCCESS,2025-11-20T10:35:42.339Z,2025-11-20T10:35:42.339Z,10000000,BANK-TRF,2025-11-20T10:35:40.000Z,090615251120113515027144455941,AUTH_lhzc976ak5,,,JOHN KENT-ADEBAYO,Beststar Microfinance Bank,8101799492,,,,,,,
691eef9440183e9f81d9fa37,68da85dc4f5e4d4b75b562a0,Deposit,SUCCESS,2025-11-20T10:38:12.195Z,2026-02-26T15:43:24.464Z,16000,In-App-TRF,,add201b1-6f57-409e-9c6f-0bd4d97e7c82,69024126dd889866555e6924,Rainy Day savings,💸,,,,,,,,,,
691ef1de40183e9f81d9fba4,691ee43124cf6022a24d9d0e,Withdrawal,SUCCESS,2025-11-20T10:47:58.263Z,2025-11-20T10:48:00.083Z,2300000,BANK-TRF,2025-11-20T10:47:58.000Z,TRF_cfvmem6mkn2g6btf,265adc12-0757-4222-b81d-597badf3e670,Business,📦,,,,6893991019,First City Monument Bank,QUOTIDIAN-V FOODS,100039251120104756091716646101,,,
691ef64540183e9f81d9fc8a,68da85dc4f5e4d4b75b562a0,Deposit,SUCCESS,2025-11-20T11:06:45.506Z,2026-02-26T15:43:24.583Z,320,In-App-TRF,,02fb8678-c3ac-4481-b14a-c830705e3e90,69024126dd889866555e6924,Rainy Day savings,💸,,,,,,,,,,
691efb8940183e9f81d9ffe5,691efa5840183e9f81d9fe4f,Deposit,SUCCESS,2025-11-20T11:29:13.374Z,2025-11-20T11:29:13.374Z,100000,BANK-TRF,2025-11-20T11:29:11.000Z,100004251120112836145721399185,AUTH_va5q8ce7eq,,,TOLUWALASE SOLOMON ALOWOESIN,OPay Digital Services Limited (OPay),8160203795,,,,,,,
691efced40183e9f81da0186,691efb1940183e9f81d9fed0,Deposit,SUCCESS,2025-11-20T11:35:09.929Z,2025-11-20T11:35:09.929Z,100000,BANK-TRF,2025-11-20T11:35:08.000Z,100004251120113457145722018850,AUTH_exqbgrfhab,,,JAMES ADEOLU TAIWO,OPay Digital Services Limited (OPay),8177627186,,,,,,,
691efcf140183e9f81da01a4,68da85dc4f5e4d4b75b562a0,Deposit,SUCCESS,2025-11-20T11:35:13.981Z,2026-02-26T15:43:24.690Z,320,In-App-TRF,,1506f064-c42e-49dc-8371-735f50eb392b,69024126dd889866555e6924,Rainy Day savings,💸,,,,,,,,,,
691efd9e40183e9f81da024c,691efb1940183e9f81d9fed0,Withdrawal,SUCCESS,2025-11-20T11:38:06.847Z,2025-11-20T11:38:07.611Z,50000,BANK-TRF,2025-11-20T11:38:06.000Z,TRF_kc19g10lfnbiq9lz,128eba41-dadb-496b-8b40-0eb3a5196fb5,alcohol,🍻,,,,8177627186,OPay Digital Services Limited (OPay),JAMES ADEOLU TAIWO,9999910091718436801,,,
691efda240183e9f81da0269,691efb1940183e9f81d9fed0,Withdrawal,SUCCESS,2025-11-20T11:38:10.936Z,2025-11-20T11:38:12.744Z,50000,BANK-TRF,2025-11-20T11:38:10.000Z,TRF_dewz9urgdouvyg05,5efaf7b5-b82b-4bd9-9e90-9334cfe3f467,alcohol,🍻,,,,8177627186,OPay Digital Services Limited (OPay),JAMES ADEOLU TAIWO,9999910091718438901,,,
691efdd840183e9f81da02bd,68da85dc4f5e4d4b75b562a0,Deposit,SUCCESS,2025-11-20T11:39:04.675Z,2026-02-26T15:43:24.789Z,320,In-App-TRF,,6585370d-9ea4-4e3b-91dc-2fb41b2ad8dc,69024126dd889866555e6924,Rainy Day savings,💸,,,,,,,,,,
691f084f40183e9f81da0668,68da85dc4f5e4d4b75b562a0,Deposit,SUCCESS,2025-11-20T12:23:43.670Z,2026-02-26T15:43:24.893Z,64,In-App-TRF,,7a74d82a-a1a3-4915-af6b-2754dbbed3f7,69024126dd889866555e6924,Rainy Day savings,💸,,,,,,,,,,
691f093440183e9f81da07c3,68da85dc4f5e4d4b75b562a0,Deposit,SUCCESS,2025-11-20T12:27:32.128Z,2026-02-26T15:43:25.011Z,64,In-App-TRF,,8f553e28-fd12-4cbb-a278-edf3e62b2993,69024126dd889866555e6924,Rainy Day savings,💸,,,,,,,,,,
691f1c7f40183e9f81da0b04,68da85dc4f5e4d4b75b562a0,Withdrawal,SUCCESS,2025-11-20T13:49:51.830Z,2025-11-20T13:49:52.559Z,200000,BANK-TRF,2025-11-20T13:49:51.000Z,TRF_ydw6ia18x0fre8jk,1fd54fb3-3795-4702-bb9f-ec4e8313aaeb,cleaning,🧼,,,,8101799492,OPay Digital Services Limited (OPay),IYANUOLUWA JOHN ADEBAYO,9999910091723280001,,,
691f1c8140183e9f81da0b0f,68da85dc4f5e4d4b75b562a0,Deposit,SUCCESS,2025-11-20T13:49:53.481Z,2026-02-26T15:43:25.110Z,1280,In-App-TRF,,2aea8b3b-fd2c-4946-8937-20951bcd7485,69024126dd889866555e6924,Rainy Day savings,💸,,,,,,,,,,
691f28de40183e9f81da0cbb,68da85dc4f5e4d4b75b562a0,Withdrawal,SUCCESS,2025-11-20T14:42:38.354Z,2025-11-20T14:42:39.119Z,400000,BANK-TRF,2025-11-20T14:42:38.000Z,TRF_coe9zna54elha7s2,64014e92-c602-4af1-9954-d0fff693e3b6,maintenance,🔧,,,,5693746377,Moniepoint MFB,POS Transfer- JAIYEOLA IDRIS AMOO,505150091725365001,,,
691f28e040183e9f81da0cc8,68da85dc4f5e4d4b75b562a0,Deposit,SUCCESS,2025-11-20T14:42:40.041Z,2026-02-26T15:43:25.219Z,2560,In-App-TRF,,99b4135e-06fb-4123-9b1f-94e683737509,69024126dd889866555e6924,Rainy Day savings,💸,,,,,,,,,,
691f339e40183e9f81da0d6b,68da85dc4f5e4d4b75b562a0,Withdrawal,SUCCESS,2025-11-20T15:28:30.265Z,2025-11-20T15:28:32.269Z,600000,BANK-TRF,2025-11-20T15:28:30.000Z,TRF_bhj1qvqjcs3w96i0,855a3117-c62c-4829-9ab6-8bc1d7a89c22,maintenance,🔧,,,,5693746377,Moniepoint MFB,POS Transfer- JAIYEOLA IDRIS AMOO,505150091727142301,,,
691f33a140183e9f81da0d79,68da85dc4f5e4d4b75b562a0,Deposit,SUCCESS,2025-11-20T15:28:33.284Z,2026-02-26T15:43:25.339Z,3840,In-App-TRF,,2d7af8d3-2a71-4f18-97d3-3795aa9e30a7,69024126dd889866555e6924,Rainy Day savings,💸,,,,,,,,,,
691f33cb40183e9f81da0d9f,68da85dc4f5e4d4b75b562a0,Withdrawal,SUCCESS,2025-11-20T15:29:15.148Z,2025-11-20T15:29:15.898Z,400000,BANK-TRF,2025-11-20T15:29:15.000Z,TRF_oxhkceonr4p1km7j,ee9f6734-16a8-4a0e-b9c9-71347c4d538e,beauty,💅,,,,5693746377,Moniepoint MFB,POS Transfer- JAIYEOLA IDRIS AMOO,505150091727166901,,,
691f33cc40183e9f81da0daa,68da85dc4f5e4d4b75b562a0,Deposit,SUCCESS,2025-11-20T15:29:16.823Z,2026-02-26T15:43:25.460Z,2560,In-App-TRF,,e7ec32d9-2c4f-4789-af8e-052edc301755,69024126dd889866555e6924,Rainy Day savings,💸,,,,,,,,,,
691f34be40183e9f81da0df3,68da85dc4f5e4d4b75b562a0,Withdrawal,SUCCESS,2025-11-20T15:33:18.562Z,2025-11-20T15:33:19.290Z,200000,BANK-TRF,2025-11-20T15:33:18.000Z,TRF_39isch4mqdt8shlg,f789f453-e3d1-47f8-85ed-2deb40c4e299,beauty,💅,,,,5693746377,Moniepoint MFB,POS Transfer- JAIYEOLA IDRIS AMOO,505150091727305301,,,
691f34c040183e9f81da0dff,68da85dc4f5e4d4b75b562a0,Deposit,SUCCESS,2025-11-20T15:33:20.205Z,2026-02-26T15:43:25.574Z,1280,In-App-TRF,,f849ded9-b7be-49c0-a3e0-360b7eb7873a,69024126dd889866555e6924,Rainy Day savings,💸,,,,,,,,,,
691f634d40183e9f81da1035,68da85dc4f5e4d4b75b562a0,Withdrawal,SUCCESS,2025-11-20T18:51:57.496Z,2025-11-20T18:51:59.220Z,1000000,BANK-TRF,2025-11-20T18:51:57.000Z,TRF_7a5xte38gfq4des9,3b5069db-7c0c-4b68-b214-90ff7e7486fe,beauty,💅,,,,5650867138,Moniepoint MFB,DATAAD PETROCHEMICALS LIMITED - DATAAD PETROCHEMICAL COY2,505150091733589001,,,
691f635040183e9f81da1045,68da85dc4f5e4d4b75b562a0,Deposit,SUCCESS,2025-11-20T18:52:00.127Z,2026-02-26T15:43:25.669Z,6400,In-App-TRF,,f0a36d9c-16b6-4ab8-8f52-12e03e23f9ac,69024126dd889866555e6924,Rainy Day savings,💸,,,,,,,,,,
691f807c40183e9f81da10d2,68da85dc4f5e4d4b75b562a0,Withdrawal,SUCCESS,2025-11-20T20:56:28.475Z,2025-11-20T20:56:29.259Z,10000,BANK-TRF,2025-11-20T20:56:28.000Z,TRF_7l1nu2j426mbx5qj,f34dc2f4-465c-40dc-8b95-8e26618b6653,alcohol,🍻,,,,1100018272,Kuda Bank,IYANUOLUWA JOHN ADEBAYO,110006251120205626091737625801,Check ,,
691f807e40183e9f81da10dd,68da85dc4f5e4d4b75b562a0,Deposit,SUCCESS,2025-11-20T20:56:30.180Z,2026-02-26T15:43:25.772Z,64,In-App-TRF,,65f6fa3d-295c-4316-8a79-efe305769a6e,69024126dd889866555e6924,Rainy Day savings,💸,,,,,,,,,,
691fb3cc40183e9f81da1185,691efadb40183e9f81d9fe8e,Withdrawal,SUCCESS,2025-11-21T00:35:24.527Z,2025-11-21T00:35:26.414Z,50000,BANK-TRF,2025-11-21T00:35:24.000Z,TRF_0x4ej6wou76kr6yi,b3dfac44-a8b3-4580-8d88-210b959eeb5a,bankFees,🏦,,,,8105539948,OPay Digital Services Limited (OPay),OLUWAKOYEJO AGBOOLA OYEWOLE,9999910091742886801,,,
69205d6f18606cf295766e12,69205b1a18606cf295766d72,Deposit,SUCCESS,2025-11-21T12:39:11.142Z,2025-11-21T12:39:11.142Z,50000,BANK-TRF,2025-11-21T12:39:09.000Z,000004251121133851854168248256,AUTH_1hhk7mpmgy,,,DAMILOLA FIDELIX ILESANMI,United Bank For Africa,2149422572,,,,,,,
69205f1818606cf295766f01,68da85dc4f5e4d4b75b562a0,Deposit,SUCCESS,2025-11-21T12:46:16.429Z,2026-02-26T15:43:25.871Z,64,In-App-TRF,,745fe730-30da-4e63-9dc6-62ff7d244024,69024126dd889866555e6924,Rainy Day savings,💸,,,,,,,,,,
6920662f18606cf2957670c5,68da85dc4f5e4d4b75b562a0,Deposit,SUCCESS,2025-11-21T13:16:31.370Z,2026-02-26T15:43:25.972Z,19200,In-App-TRF,,956e96d6-42d2-4756-8fc9-279d95ee80c0,69024126dd889866555e6924,Rainy Day savings,💸,,,,,,,,,,
69208b5b18606cf295767227,691ee43124cf6022a24d9d0e,Withdrawal,SUCCESS,2025-11-21T15:55:07.028Z,2025-11-21T15:55:08.930Z,200000,BANK-TRF,2025-11-21T15:55:06.000Z,TRF_tbg040ixcgrlfqdd,6d8e3407-83d0-43ab-a7e1-d25db545050e,Business,📦,,,,9138922033,OPay Digital Services Limited (OPay),OREOLUWA FELICIAL SOYOYE,9999910091764969201,,,
6920a6ae18606cf295767315,692058f318606cf295766cfd,Withdrawal,SUCCESS,2025-11-21T17:51:42.335Z,2025-11-21T17:51:43.078Z,2000000,BANK-TRF,2025-11-21T17:51:42.000Z,TRF_pcgx69d7zhcn4awf,86158697-be77-44a6-b802-10b2d87b8217,beauty,💅,,,,8085077951,PalmPay,MOTOLANI OLUWAFEYISAYO JUNAID,100039251121175137091769488301,,,
6920c1d618606cf29576746f,691ec63d24cf6022a24d9775,Withdrawal,SUCCESS,2025-11-21T19:47:34.983Z,2025-11-21T19:47:35.717Z,10000,BANK-TRF,2025-11-21T19:47:34.000Z,TRF_3pl8iruv3yehtiki,39de6b80-e1cf-432a-9a27-cfbfaf822615,bankFees,🏦,,,,8101799492,Beststar Microfinance Bank,JOHN KENT-ADEBAYO,110006251121194731091773257101,so good,,
6920c74118606cf295767555,68da85dc4f5e4d4b75b562a0,Deposit,SUCCESS,2025-11-21T20:10:41.304Z,2025-11-21T20:10:41.304Z,23996500,BANK-TRF,2025-11-21T20:10:39.000Z,090405251121211018265792309569,AUTH_spmfeugng2,,,Payout,Moniepoint MFB,8000001406,,,,,,,
6920c85b18606cf2957675c8,68da85dc4f5e4d4b75b562a0,Deposit,SUCCESS,2025-11-21T20:15:23.504Z,2026-02-26T15:43:26.090Z,38400,In-App-TRF,,3be8d96b-e949-4779-b81b-7d4aa99897c3,69024126dd889866555e6924,Rainy Day savings,💸,,,,,,,,,,
6920cc0a18606cf2957675f7,68da85dc4f5e4d4b75b562a0,Withdrawal,SUCCESS,2025-11-21T20:31:06.985Z,2025-11-21T20:31:08.687Z,700000,BANK-TRF,2025-11-21T20:31:06.000Z,TRF_3smnp6adku2w2635,b0d9cddc-aebd-4f2d-bfb9-6332afd46208,beauty,💅,,,,8166726840,Moniepoint MFB,AMINU ABDULLAHI,505150091774864701,,,
6920cc0d18606cf295767607,68da85dc4f5e4d4b75b562a0,Deposit,SUCCESS,2025-11-21T20:31:09.594Z,2026-02-26T15:43:26.205Z,4480,In-App-TRF,,3736899d-1e3d-4166-8add-31a92b6eea10,69024126dd889866555e6924,Rainy Day savings,💸,,,,,,,,,,
6920dabe18606cf295767743,68da85dc4f5e4d4b75b562a0,Deposit,SUCCESS,2025-11-21T21:33:50.586Z,2026-02-26T15:43:26.316Z,38400,In-App-TRF,,9099b40f-84ad-49c0-a5bf-c085856c02c4,69024126dd889866555e6924,Rainy Day savings,💸,,,,,,,,,,
6920dec518606cf295767861,6920d7dd18606cf295767686,Withdrawal,SUCCESS,2025-11-21T21:51:01.478Z,2025-11-21T21:51:03.315Z,6000000,BANK-TRF,2025-11-21T21:51:01.000Z,TRF_n4pw648dzaeuq649,4b21a861-617e-4181-a20a-d530d58f9b35,tools,🛠️,,,,8063397513,OPay Digital Services Limited (OPay),WASIU  AKINREMI,9999910091777799201,Self,,
6920e28918606cf295767891,691ec63d24cf6022a24d9775,Deposit,SUCCESS,2025-11-21T22:07:05.657Z,2025-11-21T22:07:05.657Z,10000,BANK-TRF,2025-11-21T22:07:04.000Z,100004251121220629145844721078,AUTH_vbmxue5ysq,,,IYANUOLUWA JOHN ADEBAYO,OPay Digital Services Limited (OPay),8101799492,,,,,,,
69220d2afe50ffd62d8568be,691cc13665dffc4250474b6a,Withdrawal,SUCCESS,2025-11-22T19:21:14.798Z,2025-11-22T19:21:16.724Z,50000,BANK-TRF,2025-11-22T19:21:14.000Z,TRF_qjs9lxo0a3wzl38t,52815981-21c0-430c-ae40-896e13b6bc78,electricity,💡,,,,8131655804,OPay Digital Services Limited (OPay),GOODNESS AYOBAMI TAIWO,9999910091818702301,,,
69221020fe50ffd62d856900,68da85dc4f5e4d4b75b562a0,Withdrawal,SUCCESS,2025-11-22T19:33:52.604Z,2025-11-22T19:33:54.614Z,100000,BANK-TRF,2025-11-22T19:33:52.000Z,TRF_djxap7s110s3lo68,939b6f89-256d-411b-8988-c7c049d14033,subscription,📺,,,,8101799492,OPay Digital Services Limited (OPay),IYANUOLUWA JOHN ADEBAYO,9999910091819518001,,,
69221023fe50ffd62d85690e,68da85dc4f5e4d4b75b562a0,Deposit,SUCCESS,2025-11-22T19:33:55.541Z,2026-02-26T15:43:26.429Z,640,In-App-TRF,,f8d76064-23f6-40a7-94fd-dcb83bb08858,69024126dd889866555e6924,Rainy Day savings,💸,,,,,,,,,,
692211a2fe50ffd62d8569b4,6920b87d18606cf295767322,Withdrawal,SUCCESS,2025-11-22T19:40:18.117Z,2025-11-22T19:40:20.069Z,6000000,BANK-TRF,2025-11-22T19:40:18.000Z,TRF_w5x21o1vq2ldipzx,4f2003f5-e61a-44ec-b657-830e2d840052,entertainment,🎮,,,,8079089546,OPay Digital Services Limited (OPay),ABDULBASIT OBALOYE OYESIJI,9999910091819916801,,,
69222546fe50ffd62d856a77,68da85dc4f5e4d4b75b562a0,Withdrawal,SUCCESS,2025-11-22T21:04:06.352Z,2025-11-22T21:04:07.165Z,3000000,BANK-TRF,2025-11-22T21:04:06.000Z,TRF_k7eh9rpnvnr8eijn,fc23ed73-13f2-4040-af4e-951685defb77,FIGMA,🌈,,,,9997847420,Paystack-Titan,PAYSTACK CHECKOUT,110006251122210404091824051601,,,
69222548fe50ffd62d856a82,68da85dc4f5e4d4b75b562a0,Deposit,SUCCESS,2025-11-22T21:04:08.088Z,2026-02-26T15:43:26.541Z,19200,In-App-TRF,,c0d5422b-6fcb-45d1-af89-72fcabbff3be,69024126dd889866555e6924,Rainy Day savings,💸,,,,,,,,,,
6922dc23fe50ffd62d856b7c,692058f318606cf295766cfd,Withdrawal,SUCCESS,2025-11-23T10:04:19.082Z,2025-11-23T10:04:20.919Z,900000,BANK-TRF,2025-11-23T10:04:18.000Z,TRF_kykihcvoii3gfeq6,9a8e628e-0ff9-4651-b769-75bc85966d5a,beauty,💅,,,,8085077951,PalmPay,MOTOLANI OLUWAFEYISAYO JUNAID,100039251123100416091845482701,,,
6922e828fe50ffd62d856bc8,68da85dc4f5e4d4b75b562a0,Withdrawal,SUCCESS,2025-11-23T10:55:36.755Z,2025-11-23T10:55:37.531Z,100000,BANK-TRF,2025-11-23T10:55:36.000Z,TRF_3bnlwix69zrzqh8v,ded641a0-fe1b-407b-97c1-82f20b6b3c8b,For,🏋️,,,,9653727500,Providus Bank,VANT(Template Networks),110006251123105533091847193701,Offering,,
6922e82afe50ffd62d856bd4,68da85dc4f5e4d4b75b562a0,Deposit,SUCCESS,2025-11-23T10:55:38.442Z,2026-02-26T15:43:26.650Z,640,In-App-TRF,,44e51729-0c16-453b-b839-cc5e375fd539,69024126dd889866555e6924,Rainy Day savings,💸,,,,,,,,,,
6922f56fdb9c0f9697a47909,691ec63d24cf6022a24d9775,Deposit,SUCCESS,2025-11-23T11:52:15.614Z,2025-11-23T11:52:15.614Z,2430000,BANK-TRF,2025-11-23T11:52:13.000Z,090110251123125151367119303304,AUTH_d45x4cevdx,,,Vant,VFD Microfinance Bank Limited,1026459314,,,,,,,
6922f640db9c0f9697a47966,691ec63d24cf6022a24d9775,Withdrawal,SUCCESS,2025-11-23T11:55:44.962Z,2025-11-23T11:55:45.746Z,200000,BANK-TRF,2025-11-23T11:55:44.000Z,TRF_qgzdk5gleddkzq0n,13a684e2-9d84-4cf2-be54-3d8dd761b25f,Template_Transportation,🚕,,,,8153574843,OPay Digital Services Limited (OPay),AZEEZAT OMOLARA DASAOLU,9999910091849262501,Transport ,,
6922f8b0db9c0f9697a479c3,691ec63d24cf6022a24d9775,Withdrawal,SUCCESS,2025-11-23T12:06:08.588Z,2025-11-23T12:06:09.332Z,50000,BANK-TRF,2025-11-23T12:06:08.000Z,TRF_tp3ihfazx69achdd,9e5d3104-d39c-49f6-9434-1c9425c2fbd5,Template_Transportation,🚕,,,,9055485433,OPay Digital Services Limited (OPay),PATRICK NFONOBONG SAMUEL,9999910091849647901,,,
6922fc59db9c0f9697a47a2f,691ec63d24cf6022a24d9775,Withdrawal,SUCCESS,2025-11-23T12:21:45.744Z,2025-11-23T12:21:46.514Z,100000,BANK-TRF,2025-11-23T12:21:45.000Z,TRF_ixvmcvvnzwxyoyto,609f2026-0bac-4c12-93fa-6bfcee3e7393,Template_Transportation,🚕,,,,7053480038,OPay Digital Services Limited (OPay),AISHAT BISOYE ADEBESIN,9999910091850157601,,,
69232bd8db9c0f9697a47b3f,68da85dc4f5e4d4b75b562a0,Withdrawal,SUCCESS,2025-11-23T15:44:24.233Z,2025-11-23T15:44:25.013Z,300000,BANK-TRF,2025-11-23T15:44:24.000Z,TRF_25k15zc0e3gju666,e11bda5a-fed0-412c-9213-57311464cd12,loan,📉,,,,8166726840,Moniepoint MFB,AMINU ABDULLAHI,505150091857541901,Transport bike,,
69232bd9db9c0f9697a47b4a,68da85dc4f5e4d4b75b562a0,Deposit,SUCCESS,2025-11-23T15:44:25.933Z,2026-02-26T15:43:26.756Z,1920,In-App-TRF,,3c4f94fd-2bff-4fd8-ae24-4df2c037289e,69024126dd889866555e6924,Rainy Day savings,💸,,,,,,,,,,
692331c6db9c0f9697a47bac,68da85dc4f5e4d4b75b562a0,Withdrawal,SUCCESS,2025-11-23T16:09:42.598Z,2025-11-23T16:09:44.366Z,230000,BANK-TRF,2025-11-23T16:09:42.000Z,TRF_c6s1s3qvhnysm57b,630b9739-753e-46ff-ace5-6b80f97233e9,loan,📉,,,,8037281205,Moniepoint MFB,OLUFUNMI BEATRICE IBIYEMI,505150091858784101,Drinks,,
692331c9db9c0f9697a47bbc,68da85dc4f5e4d4b75b562a0,Deposit,SUCCESS,2025-11-23T16:09:45.284Z,2026-02-26T15:43:26.851Z,1472,In-App-TRF,,c2827e18-f7f4-41de-bef1-b4f754521f6a,69024126dd889866555e6924,Rainy Day savings,💸,,,,,,,,,,
69234d11db9c0f9697a47c28,68da85dc4f5e4d4b75b562a0,Withdrawal,SUCCESS,2025-11-23T18:06:09.620Z,2025-11-23T18:06:10.363Z,10000,BANK-TRF,2025-11-23T18:06:09.000Z,TRF_beelktkkbtm3b3do,471efbea-1d95-46d3-9454-09c9dd594d88,For,🏋️,,,,8101799492,OPay Digital Services Limited (OPay),IYANUOLUWA JOHN ADEBAYO,9999910091863893001,,,
69234d13db9c0f9697a47c31,68da85dc4f5e4d4b75b562a0,Deposit,SUCCESS,2025-11-23T18:06:11.253Z,2026-02-26T15:43:26.946Z,64,In-App-TRF,,bd1850c2-7c0b-4c44-86a0-7ffc4cc53fe7,69024126dd889866555e6924,Rainy Day savings,💸,,,,,,,,,,
69234df7db9c0f9697a47c8a,68da85dc4f5e4d4b75b562a0,Deposit,SUCCESS,2025-11-23T18:09:59.570Z,2025-11-23T18:09:59.570Z,100000,BANK-TRF,2025-11-23T18:09:57.000Z,100004251123180944145967614648,AUTH_7ukacnho8i,,,IYANUOLUWA JOHN ADEBAYO,OPay Digital Services Limited (OPay),8101799492,,,,,,,
69235939db9c0f9697a47d9d,691ec63d24cf6022a24d9775,Withdrawal,SUCCESS,2025-11-23T18:58:01.742Z,2025-11-23T18:58:03.495Z,2000000,BANK-TRF,2025-11-23T18:58:01.000Z,TRF_r6j230vzkti9bhul,77c81118-ca7f-42b1-a078-3241ef518d1b,Template_Transportation,🚕,,,,9327936308,Wema Bank,CRE8NGDIGITAL/AKINPELU TAIWO,110006251123185800091866413401,,,
69235963db9c0f9697a47db2,69235443db9c0f9697a47d20,Deposit,SUCCESS,2025-11-23T18:58:43.228Z,2025-11-23T18:58:43.228Z,2000000,BANK-TRF,2025-11-23T18:58:41.000Z,110006251123185800091866413401,AUTH_g17argasrp,,,Paystack,,1017692813,,,,,,,
6923733ddb9c0f9697a47f85,68da85dc4f5e4d4b75b562a0,Withdrawal,SUCCESS,2025-11-23T20:49:01.995Z,2025-11-23T20:49:02.789Z,500000,BANK-TRF,2025-11-23T20:49:01.000Z,TRF_hq7lcg9kbj4ltvca,02f94301-849c-4f6a-93a9-1ecc53f06113,FIGMA,🌈,,,,8069532584,OPay Digital Services Limited (OPay),AYOBAMI BABATUNDE AKINSANYA,9999910091871258301,Wiring ,,
6923733fdb9c0f9697a47f92,68da85dc4f5e4d4b75b562a0,Deposit,SUCCESS,2025-11-23T20:49:03.711Z,2026-02-26T15:43:27.053Z,3200,In-App-TRF,,9843a6ee-8848-428e-9a07-15a6d6cec4a9,69024126dd889866555e6924,Rainy Day savings,💸,,,,,,,,,,
6923a9f392e68f78607cbb46,68894fdf3fe661ad58144838,Deposit,SUCCESS,2025-11-24T00:42:27.460Z,2026-02-26T15:43:27.147Z,30000,In-App-TRF,,cdded958-9277-4d23-aa12-7021c10b0ed4,69093cac4584830608f12376,Rainy Day savings,💸,,,,,,,,,,
6923aa6192e68f78607cbb81,68894fdf3fe661ad58144838,Deposit,SUCCESS,2025-11-24T00:44:17.774Z,2026-02-26T15:43:27.245Z,5000,In-App-TRF,,d900c66b-6b18-43de-a359-f3f7799abfe8,69093cac4584830608f12376,Rainy Day savings,💸,,,,,,,,,,
692466a5c07ce653d4d7dfc7,69235443db9c0f9697a47d20,Withdrawal,SUCCESS,2025-11-24T14:07:33.912Z,2025-11-24T14:07:35.900Z,2000000,BANK-TRF,2025-11-24T14:07:33.000Z,TRF_qslyrr6ky8wttcj8,a8c0f7a0-61a7-4a97-97a4-d8c910b96fb3,transportation,🚌,,,,8135550655,OPay Digital Services Limited (OPay),TAIWO OREOLUWA AKINPELU,9999910091898901401,,,
6925984ca5d893b8c8e3930e,68da85dc4f5e4d4b75b562a0,Withdrawal,SUCCESS,2025-11-25T11:51:40.939Z,2025-11-25T11:51:41.731Z,2100000,BANK-TRF,2025-11-25T11:51:40.000Z,TRF_askdboz08m2hup6p,4f6a81ee-5787-48de-95d2-944ebb4ba516,FIGMA,🌈,,,,9070352069,PalmPay,SAHEED AJASA MAKINDE,100039251125115137091932531101,Car Airflow,,
6925984ea5d893b8c8e3931b,68da85dc4f5e4d4b75b562a0,Deposit,SUCCESS,2025-11-25T11:51:42.653Z,2026-02-26T15:43:27.358Z,1344000,In-App-TRF,,d4b88748-b083-489c-8c2c-31c081a4d16a,69024126dd889866555e6924,Rainy Day savings,💸,,,,,,,,,,
6925a2d6a5d893b8c8e39396,68da85dc4f5e4d4b75b562a0,Withdrawal,SUCCESS,2025-11-25T12:36:38.967Z,2025-11-25T12:36:39.716Z,695000,BANK-TRF,2025-11-25T12:36:38.000Z,TRF_555q2hucuccco28x,91559e01-9701-41cd-8faa-223468743a76,FIGMA,🌈,,,,9981140775,Paystack-Titan,PAYSTACK CHECKOUT,110006251125123636091934395901,Chowdeck,,
6925a2d8a5d893b8c8e393a1,68da85dc4f5e4d4b75b562a0,Deposit,SUCCESS,2025-11-25T12:36:40.636Z,2026-02-26T15:43:27.461Z,444800,In-App-TRF,,5c876b6f-e1b3-40ae-aebe-47f34e0ae881,69024126dd889866555e6924,Rainy Day savings,💸,,,,,,,,,,
6925fcb9a5d893b8c8e39418,691ec63d24cf6022a24d9775,Deposit,SUCCESS,2025-11-25T19:00:09.036Z,2025-11-25T19:00:09.036Z,1000000,BANK-TRF,2025-11-25T19:00:04.000Z,090615251125195919215648871481,AUTH_8huei7pj4a,,,JOHN KENT-ADEBAYO,Beststar Microfinance Bank,8101799492,,,,,,,
6925fd13a5d893b8c8e3948b,691ec63d24cf6022a24d9775,Withdrawal,SUCCESS,2025-11-25T19:01:39.934Z,2025-11-25T19:01:40.690Z,50000,BANK-TRF,2025-11-25T19:01:39.000Z,TRF_6zieqularfkr0ii5,1f314fdd-83bc-42b3-88d2-d16fd4efca19,Template_Transportation,🚕,,,,9055485433,OPay Digital Services Limited (OPay),PATRICK NFONOBONG SAMUEL,9999910091949786601,,,
6925fd67a5d893b8c8e394b5,691ec63d24cf6022a24d9775,Withdrawal,SUCCESS,2025-11-25T19:03:03.288Z,2025-11-25T19:03:04.120Z,50000,BANK-TRF,2025-11-25T19:03:03.000Z,TRF_gxyjxfazdaiaordl,6af8b4f5-bc7f-4cdc-8bf4-31346bb81c94,Template_Transportation,🚕,,,,8136473187,OPay Digital Services Limited (OPay),UZOAMAKA HANNAH OGBONNA,9999910091949824401,,,
6925ff91a5d893b8c8e395a6,691cc13665dffc4250474b6a,Withdrawal,SUCCESS,2025-11-25T19:12:17.409Z,2025-11-25T19:12:18.404Z,140000,BANK-TRF,2025-11-25T19:12:17.000Z,TRF_su6y3a6f7ttshrmq,35b9ddb3-578a-4fd3-b089-ee9b68e750b9,donation,🙏,,,,9023119669,OPay Digital Services Limited (OPay),JOSEPH AYOMIKUN OLASEMO,9999910091950085601,,,
692719e302354c88ef302de1,68da85dc4f5e4d4b75b562a0,Withdrawal,SUCCESS,2025-11-26T15:16:51.115Z,2025-11-26T15:16:52.895Z,2000000,BANK-TRF,2025-11-26T15:16:50.000Z,TRF_9093zmv6ja1r5iwa,c6a563a7-9590-4566-8db6-baab442d3d2e,FIGMA,🌈,,,,8100192727,OPay Digital Services Limited (OPay),BLESSING ESTHER IBIDAPO,9999910091981048001,,,
692719e502354c88ef302df1,68da85dc4f5e4d4b75b562a0,Deposit,SUCCESS,2025-11-26T15:16:53.818Z,2026-02-26T15:43:27.580Z,1280000,In-App-TRF,,396bb070-6083-4cb2-92ad-84fd5fae6348,69024126dd889866555e6924,Rainy Day savings,💸,,,,,,,,,,
69271b1902354c88ef302e1b,68da85dc4f5e4d4b75b562a0,Withdrawal,SUCCESS,2025-11-26T15:22:01.016Z,2025-11-26T15:22:02.732Z,2250000,BANK-TRF,2025-11-26T15:22:00.000Z,TRF_c4860nru1k6vv4r1,52d5ad6d-e962-4996-8491-31769753e974,FIGMA,🌈,,,,5159548697,Moniepoint MFB, TEMITOPE ADEOLA GLOBAL VENTURES - TEMITOPE ADEOLA GLOBAL  T.A LUXURY JEWELRY ST,505150091981246501,,,
69271b1b02354c88ef302e28,68da85dc4f5e4d4b75b562a0,Deposit,SUCCESS,2025-11-26T15:22:03.651Z,2026-02-26T15:43:27.731Z,1440000,In-App-TRF,,09f031a6-f0e9-40ac-9438-6902fa8a30d0,69024126dd889866555e6924,Rainy Day savings,💸,,,,,,,,,,
69271f6102354c88ef302e4c,68da85dc4f5e4d4b75b562a0,Withdrawal,SUCCESS,2025-11-26T15:40:17.231Z,2025-11-26T15:40:18.979Z,510000,BANK-TRF,2025-11-26T15:40:17.000Z,TRF_j5bwudxm4fyffx2y,34a84e76-c74b-40af-baa9-1945e052e1fe,FIGMA,🌈,,,,6108627567,OPay Digital Services Limited (OPay),REGDAM COMMUNICATIONS,110006251126154015091981991001,,,
69271f6302354c88ef302e59,68da85dc4f5e4d4b75b562a0,Deposit,SUCCESS,2025-11-26T15:40:19.900Z,2026-02-26T15:43:27.827Z,326400,In-App-TRF,,67916d2d-018d-4d3f-91e2-5ec902859032,69024126dd889866555e6924,Rainy Day savings,💸,,,,,,,,,,
692744fc02354c88ef302eb0,69205b1a18606cf295766d72,Deposit,SUCCESS,2025-11-26T18:20:44.122Z,2025-11-26T18:20:44.122Z,2000000,BANK-TRF,2025-11-26T18:20:42.000Z,000004251126192011585388889455,AUTH_hrvja4wmlo,,,DAMILOLA FIDELIX ILESANMI,United Bank For Africa,2149422572,,,,,,,
692756cd02354c88ef30302a,69243743c07ce653d4d7de8a,Deposit,SUCCESS,2025-11-26T19:36:45.260Z,2025-11-26T19:36:45.260Z,1005000,BANK-TRF,2025-11-26T19:36:44.000Z,100004251126193625146202245402,AUTH_jen21q8lx6,,,ABIOLA EMMANUEL OLOWU,OPay Digital Services Limited (OPay),8107855430,,,,,,,
6928e2c5efdc5710d57bcd3d,691ec63d24cf6022a24d9775,Deposit,SUCCESS,2025-11-27T23:46:13.795Z,2025-11-27T23:46:13.795Z,70000000,BANK-TRF,2025-11-27T23:46:12.000Z,000013251128004545000575440616,AUTH_knj0lcrhzg,,,KENT-ADEBAYO JOHN IYANUOLUWA,Guaranty Trust Bank,0137605007,,,,,,,
6928e37defdc5710d57bce0e,691ee43124cf6022a24d9d0e,Deposit,SUCCESS,2025-11-27T23:49:17.319Z,2025-11-27T23:49:17.319Z,3100000,BANK-TRF,2025-11-27T23:49:16.000Z,000003251128004841004493488207,AUTH_wmxgj8l66j,,,QUOTIDIANV FOODS,First City Monument Bank,6893991019,,,,,,,
6928e502efdc5710d57bcf08,691ee43124cf6022a24d9d0e,Withdrawal,SUCCESS,2025-11-27T23:55:46.233Z,2025-11-27T23:55:48.138Z,33000000,BANK-TRF,2025-11-27T23:55:46.000Z,TRF_y8nwcrk1go7vgc9i,a375afe7-e1eb-4480-8d8a-1df938cd927b,Business,📦,,,,1304533988,Providus Bank,GOD CARES DYNAMIC ENTERPRISE,110006251127235545092064092201,Honey balance,,
6929a019f8f977849b5e2f59,68da85dc4f5e4d4b75b562a0,Withdrawal,SUCCESS,2025-11-28T13:14:01.244Z,2025-11-28T13:14:03.304Z,100000,BANK-TRF,2025-11-28T13:14:01.000Z,TRF_edxs1pbcli672zsb,915b52a3-709e-44df-95c3-0a11b19fe180,FIGMA,🌈,,,,6216206724,Globus Bank,UNI-JOHN KENT-ADEBAYO,110006251128131358092089015101,,,
6929a01cf8f977849b5e2f69,68da85dc4f5e4d4b75b562a0,Deposit,SUCCESS,2025-11-28T13:14:04.227Z,2026-02-26T15:43:27.931Z,64000,In-App-TRF,,de72740e-5546-4052-8b9e-2e063d2c5946,69024126dd889866555e6924,Rainy Day savings,💸,,,,,,,,,,
6929a436f8f977849b5e2fdd,68da85dc4f5e4d4b75b562a0,Withdrawal,SUCCESS,2025-11-28T13:31:34.963Z,2025-11-28T13:31:36.965Z,100000,BANK-TRF,2025-11-28T13:31:34.000Z,TRF_k9yvt7mra725m1z1,8dadd894-6fcf-4015-8e5b-6cc35132b80b,beauty,💅,,,,8880062258,Rubies MFB,JOHN KENT-ADEBAYO,110006251128133131092089622701,,,
6929a439f8f977849b5e2fe7,68da85dc4f5e4d4b75b562a0,Deposit,SUCCESS,2025-11-28T13:31:37.887Z,2026-02-26T15:43:28.027Z,64000,In-App-TRF,,3134d8e2-274d-44c0-a3f0-31c85ccd8b57,69024126dd889866555e6924,Rainy Day savings,💸,,,,,,,,,,
6929ec93f8f977849b5e30b0,68da85dc4f5e4d4b75b562a0,Withdrawal,SUCCESS,2025-11-28T18:40:19.692Z,2025-11-28T18:40:21.697Z,300000,BANK-TRF,2025-11-28T18:40:19.000Z,TRF_60vxur5jpusodgob,3674d62e-d74c-4f68-b9c2-41c1d9239edf,FIGMA,🌈,,,,8166726840,Moniepoint MFB,AMINU ABDULLAHI,505150092100134901,,,
6929ec96f8f977849b5e30bd,68da85dc4f5e4d4b75b562a0,Deposit,SUCCESS,2025-11-28T18:40:22.620Z,2026-02-26T15:43:28.145Z,192000,In-App-TRF,,d2a6b6df-a6cb-4ed4-8f67-509b592c4afb,69024126dd889866555e6924,Rainy Day savings,💸,,,,,,,,,,
692b0d90c0076069f22e6c3c,692b0706c0076069f22e6b5e,Deposit,SUCCESS,2025-11-29T15:13:20.456Z,2025-11-29T15:13:20.456Z,200000,BANK-TRF,2025-11-29T15:13:19.000Z,100004251129151242146416158817,AUTH_h7s0lzkmrl,,,ESTHER OMOREMI KEHINDE,OPay Digital Services Limited (OPay),7036617718,,,,,,,
692b1088c0076069f22e6ced,692b0706c0076069f22e6b5e,Deposit,SUCCESS,2025-11-29T15:26:00.423Z,2026-02-26T15:43:28.260Z,1000,In-App-TRF,,49a210c8-23e7-4d52-8a08-d0ca9389d808,692b0eebc0076069f22e6c7c,Rainy Day savings,💸,,,,,,,,,,
692b4a97c0076069f22e6e3c,691ec63d24cf6022a24d9775,Withdrawal,SUCCESS,2025-11-29T19:33:43.855Z,2025-11-29T19:33:44.613Z,1160000,BANK-TRF,2025-11-29T19:33:43.000Z,TRF_e2750x3j44y4biib,f07f8cd0-3b5e-4170-9d84-4edab7a5b710,Template_Transportation,🚕,,,,8100192727,OPay Digital Services Limited (OPay),BLESSING ESTHER IBIDAPO,9999910092151362401,Welfare ,,
692b4a9ec0076069f22e6e4b,691ec63d24cf6022a24d9775,Withdrawal,SUCCESS,2025-11-29T19:33:50.682Z,2025-11-29T19:33:51.418Z,1160000,BANK-TRF,2025-11-29T19:33:50.000Z,TRF_q014vrpkyvaaqp8p,9e2d7251-917c-440d-b242-bead3335b1c8,Template_Transportation,🚕,,,,8100192727,OPay Digital Services Limited (OPay),BLESSING ESTHER IBIDAPO,9999910092151370001,Welfare ,,
692b4bacc0076069f22e6ece,691ec63d24cf6022a24d9775,Deposit,SUCCESS,2025-11-29T19:38:20.013Z,2025-11-29T19:38:20.013Z,1160000,BANK-TRF,2025-11-29T19:38:18.000Z,100004251129193758146439594514,AUTH_jm5dplfz5e,,,BLESSING ESTHER IBIDAPO,OPay Digital Services Limited (OPay),8100192727,,,,,,,
692b4e52c0076069f22e7069,69235443db9c0f9697a47d20,Withdrawal,SUCCESS,2025-11-29T19:49:38.961Z,2025-11-29T19:49:40.925Z,1500000,BANK-TRF,2025-11-29T19:49:38.000Z,TRF_ddz1sh3qgexj4p97,6331ec01-88d2-4c0f-b4b5-9b12bb7d278d,travel,✈️,,,,8135550655,OPay Digital Services Limited (OPay),TAIWO OREOLUWA AKINPELU,9999910092152420901,,,
692b4fd6c0076069f22e70e9,691ec63d24cf6022a24d9775,Withdrawal,SUCCESS,2025-11-29T19:56:06.196Z,2025-11-29T19:56:07.608Z,2005000,BANK-TRF,2025-11-29T19:56:06.000Z,TRF_3bfek6m2zigypsop,9d87e0f2-fb35-47cc-9f7f-b754acbf4e83,fuel,⛽,,,,9074911439,OPay Digital Services Limited (OPay),HAMEED OLUWASEUN WASIU,9999910092152810001,,,
692b5fd5c0076069f22e7167,68da85dc4f5e4d4b75b562a0,Withdrawal,SUCCESS,2025-11-29T21:04:21.157Z,2025-11-29T21:04:21.157Z,4000000,In-App-TRF,,8f782151-044f-4a5e-9a6e-dbd387fe8120,69024126dd889866555e6924,Rainy Day savings,💸,,,,,,,,,,
692b60d5c0076069f22e7250,68da85dc4f5e4d4b75b562a0,Withdrawal,SUCCESS,2025-11-29T21:08:37.804Z,2025-11-29T21:08:39.729Z,4300000,BANK-TRF,2025-11-29T21:08:37.000Z,TRF_f0f0g91ivnxmnwve,8dcdc721-f62a-443e-916b-f6dee63e00e9,Phone and Internet,📱,,,,7446192456,Pocket App,ENIOLA FESTUS SOTIKARE,110006251129210835092156874901,Powebank + charger,,
692b60d8c0076069f22e7261,68da85dc4f5e4d4b75b562a0,Deposit,SUCCESS,2025-11-29T21:08:40.651Z,2026-02-26T15:43:28.395Z,2752000,In-App-TRF,,23465428-7a7e-4797-8adc-82b7be493885,69024126dd889866555e6924,Rainy Day savings,💸,,,,,,,,,,
692c057fc0076069f22e7464,691d96aa142342a5c3cf0c8e,Withdrawal,SUCCESS,2025-11-30T08:51:11.016Z,2025-11-30T08:51:11.769Z,450000,BANK-TRF,2025-11-30T08:51:10.000Z,TRF_5l8rnfomekbyqm5w,2cb43cae-b6b2-4a58-9795-a80c17c5dbbc,internet,🌐,,,,7052597527,OPay Digital Services Limited (OPay),JOEL TIMILEYIN ADEBAYO,9999910092180633301,Data,,
692c0589c0076069f22e7474,691d96aa142342a5c3cf0c8e,Withdrawal,SUCCESS,2025-11-30T08:51:21.133Z,2025-11-30T08:51:22.775Z,450000,BANK-TRF,2025-11-30T08:51:21.000Z,TRF_jwb9w5ksimy1r7vq,dea7aad9-0a62-4ee2-97fe-65a403b19bac,internet,🌐,,,,7052597527,OPay Digital Services Limited (OPay),JOEL TIMILEYIN ADEBAYO,9999910092180639701,Data,,
692c141dc0076069f22e7534,691ec63d24cf6022a24d9775,Withdrawal,SUCCESS,2025-11-30T09:53:33.209Z,2025-11-30T09:53:35.336Z,13005000,BANK-TRF,2025-11-30T09:53:33.000Z,TRF_2vavcm5hhavx0n6w,e40bc0a8-7130-4cbb-88c6-f119369f5172,Thrift,🎲,,,,7064473698,OPay Digital Services Limited (OPay),MOYINOLUWA ELIZABETH OYENIYI,9999910092182954401,,,
692c16dec0076069f22e7595,691ec63d24cf6022a24d9775,Deposit,SUCCESS,2025-11-30T10:05:18.563Z,2025-11-30T10:05:18.563Z,2500000,BANK-TRF,2025-11-30T10:05:17.000Z,090110251130110451105536299877,AUTH_n7gkwhbj6c,,,Vant,VFD Microfinance Bank Limited,1026459314,,,,,,,
692c3099c0076069f22e7b25,68da85dc4f5e4d4b75b562a0,Deposit,SUCCESS,2025-11-30T11:55:05.606Z,2026-02-26T15:43:28.493Z,5000,In-App-TRF,,143ea317-049a-4ddc-85fc-a8e9dc698a8f,69024126dd889866555e6924,Rainy Day savings,💸,,,,,,,,,,
692c32a27498d6967250a6d1,68da85dc4f5e4d4b75b562a0,Deposit,SUCCESS,2025-11-30T12:03:46.245Z,2026-02-26T15:43:28.595Z,5000,In-App-TRF,,2aefd49d-fba5-4959-b572-213e28d34f7e,69024126dd889866555e6924,Rainy Day savings,💸,,,,,,,,,,
692c33ed7498d6967250a826,691ec63d24cf6022a24d9775,Deposit,SUCCESS,2025-11-30T12:09:17.630Z,2025-11-30T12:09:17.630Z,2000000,BANK-TRF,2025-11-30T12:09:16.000Z,090110251130130857216540059232,AUTH_d8ly9xlspb,,,Vant,VFD Microfinance Bank Limited,1026459314,,,,,,,
692c35577498d6967250a8ad,68da85dc4f5e4d4b75b562a0,Deposit,SUCCESS,2025-11-30T12:15:19.538Z,2026-02-26T15:43:28.710Z,5000,In-App-TRF,,e7781d7f-774e-485d-97ff-f9cbc768cdc1,69024126dd889866555e6924,Rainy Day savings,💸,,,,,,,,,,
692c3ba47498d6967250aa81,692c2f24c0076069f22e7a48,Withdrawal,SUCCESS,2025-11-30T12:42:12.579Z,2025-11-30T12:42:13.322Z,50000,BANK-TRF,2025-11-30T12:42:12.000Z,TRF_23jod0ymb4xj0v5t,e6353159-64df-4e59-b8e4-a4141d164050,transportation,🚌,,,,8021057413,OPay Digital Services Limited (OPay),BUKATA ISAAC EZEKIEL,9999910092189002101,Transport ,,
692c3d357498d6967250aae8,691ec63d24cf6022a24d9775,Withdrawal,SUCCESS,2025-11-30T12:48:53.833Z,2025-11-30T12:48:54.622Z,50000,BANK-TRF,2025-11-30T12:48:53.000Z,TRF_xbgdmtt9bqlkjv43,ad836c6f-658d-4fce-b268-71b2f5062029,Template_Transportation,🚕,,,,8071048948,OPay Digital Services Limited (OPay),ABIODUN SAMSON OYASOWO,9999910092189237401,,,
692c3d7d7498d6967250ab19,691ec63d24cf6022a24d9775,Withdrawal,SUCCESS,2025-11-30T12:50:05.634Z,2025-11-30T12:50:06.406Z,100000,BANK-TRF,2025-11-30T12:50:05.000Z,TRF_hs0l5v2pi7kk8yse,fd9ed4e6-6d2e-4602-a099-bb446e8c607d,Template_Transportation,🚕,,,,8144382807,OPay Digital Services Limited (OPay),KEHINDE ABIODUN RAHEEM,9999910092189280501,,,
692c3dc97498d6967250ab54,691ec63d24cf6022a24d9775,Withdrawal,SUCCESS,2025-11-30T12:51:21.903Z,2025-11-30T12:51:22.682Z,100000,BANK-TRF,2025-11-30T12:51:21.000Z,TRF_f2lpmr8azlqyw5r7,fd7ee540-afb1-43e0-99d3-74a8156026a1,Template_Transportation,🚕,,,,8024357295,OPay Digital Services Limited (OPay),SARAH ANUOLUWAPO TAIWO,9999910092189324801,,,
692c43337498d6967250ac13,68894fdf3fe661ad58144838,Deposit,SUCCESS,2025-11-30T13:14:27.473Z,2026-02-26T15:43:28.827Z,5000,In-App-TRF,,1b5c91b7-8959-4237-9edf-6bf539f2cf64,69093cac4584830608f12376,Rainy Day savings,💸,,,,,,,,,,
692c44ff7498d6967250ac66,691d96aa142342a5c3cf0c8e,Withdrawal,SUCCESS,2025-11-30T13:22:07.547Z,2025-11-30T13:22:08.332Z,225000,BANK-TRF,2025-11-30T13:22:07.000Z,TRF_x27n7klsz2l2u2q5,1249e918-10df-4e61-a08c-85ab9452a5ef,food,🥑,,,,5665859096,Moniepoint MFB,CHELOY KITCHEN CATERING SERVICES 2,505150092190464401,Trf,,
692c57d67498d6967250ad81,692c32927498d6967250a6c5,Withdrawal,SUCCESS,2025-11-30T14:42:30.412Z,2025-11-30T14:42:32.296Z,100000,BANK-TRF,2025-11-30T14:42:30.000Z,TRF_sgtnk61yvs3tf9lh,1cc6cd45-904c-4fa3-8754-979c57135194,transportation,🚌,,,,7053480038,OPay Digital Services Limited (OPay),AISHAT BISOYE ADEBESIN,9999910092194048401,Tyt,,
692c57d97498d6967250ad92,692c32927498d6967250a6c5,Withdrawal,PENDING,2025-11-30T14:42:33.863Z,2025-11-30T14:42:33.863Z,,BANK-TRF,,TRF_2abace6pcede5ovq,692c573b7498d6967250ad05,,,,,,,,,,Tyt,,
692c72f57498d6967250ae1b,691cc13665dffc4250474b6a,Withdrawal,SUCCESS,2025-11-30T16:38:13.295Z,2025-11-30T16:38:14.037Z,20000,BANK-TRF,2025-11-30T16:38:13.000Z,TRF_6muj7yfzbgbmmx73,56fc15e9-3058-4e48-82fd-b26eb7c8e1a3,donation,🙏,,,,0560276720,Guaranty Trust Bank,MUE IOOM,110006251130163811092200172601,,,
692c904a7498d6967250af11,691ec63d24cf6022a24d9775,Withdrawal,SUCCESS,2025-11-30T18:43:22.981Z,2025-11-30T18:43:23.743Z,3400000,BANK-TRF,2025-11-30T18:43:22.000Z,TRF_vd0kepqd3m4ceja9,3c7b9044-24dc-491b-ae13-62cf5498f3e7,shopping,🛍️,,,,7010175318,PalmPay,OLUWATOMISIN AYOMIDE OJELABI,100039251130184316092207282401,Diffuser + Mic,,
692c95737498d6967250af53,692c2f24c0076069f22e7a48,Withdrawal,SUCCESS,2025-11-30T19:05:23.042Z,2025-11-30T19:05:25.189Z,50000,BANK-TRF,2025-11-30T19:05:22.000Z,TRF_gz6olzvrof28583i,39695444-71b7-4e8d-93a6-a441e91a8bec,transportation,🚌,,,,8136346155,OPay Digital Services Limited (OPay),PRECIOUS AJOKE ADEKUNLE,9999910092208686701,Transport ,,
692c96647498d6967250afb4,692c2f24c0076069f22e7a48,Withdrawal,SUCCESS,2025-11-30T19:09:24.706Z,2025-11-30T19:09:25.503Z,10000,BANK-TRF,2025-11-30T19:09:24.000Z,TRF_05m6qg0ofnqbk0w1,37590881-ca86-400a-bf20-727140b7c651,food,🥑,,,,8136346155,OPay Digital Services Limited (OPay),PRECIOUS AJOKE ADEKUNLE,9999910092208924301,,,
692cdb0d7498d6967250b081,68894fdf3fe661ad58144838,Deposit,SUCCESS,2025-12-01T00:02:21.469Z,2026-02-26T15:43:28.931Z,5000,In-App-TRF,,55c30655-0848-492c-8884-279578ac8f16,69093cac4584830608f12376,Rainy Day savings,💸,,,,,,,,,,
692cdcca7498d6967250b0b2,68894fdf3fe661ad58144838,Deposit,SUCCESS,2025-12-01T00:09:46.899Z,2026-02-26T15:43:29.035Z,5000,In-App-TRF,,8ecb6cfc-9bb9-4a7a-8650-4aa4cc7a0d51,69093cac4584830608f12376,Rainy Day savings,💸,,,,,,,,,,
692cde347498d6967250b0e3,68894fdf3fe661ad58144838,Deposit,SUCCESS,2025-12-01T00:15:48.984Z,2026-02-26T15:43:29.131Z,5000,In-App-TRF,,ffaba24f-2143-4b01-844b-cac7003b462c,69093cac4584830608f12376,Rainy Day savings,💸,,,,,,,,,,
692cde7e7498d6967250b114,68894fdf3fe661ad58144838,Deposit,SUCCESS,2025-12-01T00:17:02.561Z,2026-02-26T15:43:29.237Z,5000,In-App-TRF,,ada12e47-597c-444a-9b11-8809c1d0bd7c,69093cac4584830608f12376,Rainy Day savings,💸,,,,,,,,,,
692d3f42bbfb178a5f1bcd7f,691cc13665dffc4250474b6a,Withdrawal,SUCCESS,2025-12-01T07:09:54.785Z,2025-12-01T07:09:55.526Z,20000,BANK-TRF,2025-12-01T07:09:54.000Z,TRF_1igix4glorn4v67u,487834a6-2feb-40ca-b172-b8b5ce5e692b,donation,🙏,,,,8131655804,OPay Digital Services Limited (OPay),GOODNESS AYOBAMI TAIWO,9999910092230831401,,,
692d4d5dbbfb178a5f1bcdf6,69243743c07ce653d4d7de8a,Withdrawal,SUCCESS,2025-12-01T08:10:05.337Z,2025-12-01T08:10:06.107Z,50000,BANK-TRF,2025-12-01T08:10:05.000Z,TRF_idd1vprncvcc3a5s,b0b2541a-174d-448b-90dc-05a287fefdcc,internet,🌐,,,,8107855430,OPay Digital Services Limited (OPay),ABIOLA EMMANUEL OLOWU,9999910092233413201,,,
692d714cbbfb178a5f1bce5a,691d96aa142342a5c3cf0c8e,Withdrawal,SUCCESS,2025-12-01T10:43:24.576Z,2025-12-01T10:43:25.362Z,235000,BANK-TRF,2025-12-01T10:43:24.000Z,TRF_vwep986sohnoth7n,e291882a-0447-4e5d-a10d-c3cb042c852a,food,🥑,,,,5680169936,Moniepoint MFB,POS Transfer-BILAWU BOLANLE MARY,505150092239790901,Trf,,
692da063bbfb178a5f1bcec7,691d96aa142342a5c3cf0c8e,Withdrawal,SUCCESS,2025-12-01T14:04:19.822Z,2025-12-01T14:04:21.865Z,100000,BANK-TRF,2025-12-01T14:04:19.000Z,TRF_kc3mreicsapausac,630aaf2d-364f-4990-8957-1ca64b430a92,internet,🌐,,,,9034858188,OPay Digital Services Limited (OPay),GBENGA SAMSON OYEWOLE,9999910092247880001,Bike,,
692dc609bbfb178a5f1bcf45,692c277dc0076069f22e786d,Withdrawal,SUCCESS,2025-12-01T16:44:57.177Z,2025-12-01T16:44:59.062Z,500000,BANK-TRF,2025-12-01T16:44:57.000Z,TRF_7yz7s5awf6p81skh,4c58c21a-ff05-41d5-97ba-cc3691a7a299,maintenance,🔧,,,,8032171626,OPay Digital Services Limited (OPay),FELICIA OLUWAFUNMILAYO OYEKANMI,9999910092254096801,,,
692dd7eebbfb178a5f1bcf5f,69243743c07ce653d4d7de8a,Withdrawal,SUCCESS,2025-12-01T18:01:18.950Z,2025-12-01T18:01:19.705Z,260000,BANK-TRF,2025-12-01T18:01:18.000Z,TRF_seogdrntnm6px0bc,1061bd9e-bad9-4547-b8a1-cf7da3309b6c,internet,🌐,,,,8107855430,OPay Digital Services Limited (OPay),ABIOLA EMMANUEL OLOWU,9999910092256855001,,,
692deb6bbbfb178a5f1bcfb7,692c2f24c0076069f22e7a48,Withdrawal,SUCCESS,2025-12-01T19:24:27.076Z,2025-12-01T19:24:28.977Z,40000,BANK-TRF,2025-12-01T19:24:26.000Z,TRF_3ixhd7zale2wantr,e3abce1f-c6d2-430e-ac55-647eb5a8704e,food,🥑,,,,8136346155,OPay Digital Services Limited (OPay),PRECIOUS AJOKE ADEKUNLE,9999910092259849601,,,
692deeaabbfb178a5f1bcff0,691d96aa142342a5c3cf0c8e,Withdrawal,SUCCESS,2025-12-01T19:38:18.637Z,2025-12-01T19:38:20.566Z,495000,BANK-TRF,2025-12-01T19:38:18.000Z,TRF_lxhfcq4cbu8w8rho,43d99ce9-42a0-4c2b-8334-9e84ffe6821d,electricity,💡,,,,8149921430,OPay Digital Services Limited (OPay),MARVELOUS OLAOLUWA OMONIYI,9999910092260307601,Trf,,
692df15abbfb178a5f1bd020,691d96aa142342a5c3cf0c8e,Withdrawal,SUCCESS,2025-12-01T19:49:46.335Z,2025-12-01T19:49:47.086Z,150000,BANK-TRF,2025-12-01T19:49:46.000Z,TRF_tuq053dnk0gv2zdw,2b79164f-62d2-4ba2-a821-00f9e84b5f91,food,🥑,,,,7046653361,OPay Digital Services Limited (OPay),KABIRU  IBRAHIM,9999910092260700001,Trf,,
692dfffabbfb178a5f1bd0fe,691ec63d24cf6022a24d9775,Withdrawal,SUCCESS,2025-12-01T20:52:10.593Z,2025-12-01T20:52:12.458Z,4010000,BANK-TRF,2025-12-01T20:52:10.000Z,TRF_yykis9hpsulhocyj,f04d44f5-37fa-4875-9d86-a4c4deb777e7,electricity,💡,,,,9000969514,BuyPower MFB,BuyPower-45077128556,110006251201205206092262991301,,,
692e1111bbfb178a5f1bd2bb,68da85dc4f5e4d4b75b562a0,Withdrawal,SUCCESS,2025-12-01T22:05:05.216Z,2025-12-01T22:05:05.216Z,4000000,In-App-TRF,,f6186a54-d483-47e8-b94c-2e657189931b,69024126dd889866555e6924,Rainy Day savings,💸,,,,,,,,,,
692e83592dfc48a0616409c2,691cc13665dffc4250474b6a,Withdrawal,SUCCESS,2025-12-02T06:12:41.631Z,2025-12-02T06:12:43.597Z,130000,BANK-TRF,2025-12-02T06:12:41.000Z,TRF_ubk3415bih0vqsr8,0b3d44cc-32a5-4c9a-8b97-64b003160f5b,donation,🙏,,,,8131655804,OPay Digital Services Limited (OPay),GOODNESS AYOBAMI TAIWO,9999910092274862101,,,
692e84352dfc48a061640a10,691d96aa142342a5c3cf0c8e,Withdrawal,SUCCESS,2025-12-02T06:16:21.290Z,2025-12-02T06:16:22.057Z,52000,BANK-TRF,2025-12-02T06:16:21.000Z,TRF_9t54i87u8mw4egzl,a917ee5b-ed47-43dc-a316-7b22f1afdcd4,food,🥑,,,,8062673246,OPay Digital Services Limited (OPay),ADERONKE TAWAKALIT ELUSADE,9999910092275011801,Trf,,
692e9f622dfc48a061640af6,68da85dc4f5e4d4b75b562a0,Deposit,SUCCESS,2025-12-02T08:12:18.370Z,2025-12-02T08:12:18.370Z,980000,BANK-TRF,2025-12-02T08:12:17.000Z,000014251202091201253167058401,AUTH_9wzji03gb8,,,IYANUOLUWA JOHN KENT-ADEBAYO,Access Bank,1445997812,,,,,,,
692e9ff82dfc48a061640afd,68da85dc4f5e4d4b75b562a0,Deposit,SUCCESS,2025-12-02T08:14:48.218Z,2025-12-02T08:14:48.218Z,700000,BANK-TRF,2025-12-02T08:14:46.000Z,090267251202081416554100018272,AUTH_6gt1z5vnsy,,,IYANUOLUWA JOHN ADEBAYO,Kuda Bank,1100018272,,,,,,,
692ea0902dfc48a061640b2c,68da85dc4f5e4d4b75b562a0,Deposit,SUCCESS,2025-12-02T08:17:20.174Z,2025-12-02T08:17:20.174Z,630000,BANK-TRF,2025-12-02T08:17:18.000Z,000007251202091641436592575773,AUTH_qrk8iwlc3i,,,IYANUOLUWA JOHN ADEBAYO,Fidelity Bank,6590593275,,,,,,,
692ea17f2dfc48a061640bce,68da85dc4f5e4d4b75b562a0,Deposit,SUCCESS,2025-12-02T08:21:19.921Z,2026-02-26T15:43:29.334Z,120000,In-App-TRF,,08526951-4086-4ec6-8e1c-e9a38528f417,69024126dd889866555e6924,Rainy Day savings,💸,,,,,,,,,,
692ec3da2dfc48a061640ce0,692e0758bbfb178a5f1bd183,Withdrawal,SUCCESS,2025-12-02T10:47:54.208Z,2025-12-02T10:47:56.201Z,6000000,BANK-TRF,2025-12-02T10:47:54.000Z,TRF_b4fubw9qng15t7w5,3bc9d76c-b821-463c-a799-820ba4cfef7b,rent,🏠,,,,9018123814,OPay Digital Services Limited (OPay),IBRAHEEM AINA ADEMOYE,9999910092285088001,Movement of Funds,,
692ec60c2dfc48a061640d37,691d96aa142342a5c3cf0c8e,Withdrawal,SUCCESS,2025-12-02T10:57:16.892Z,2025-12-02T10:57:17.632Z,150000,BANK-TRF,2025-12-02T10:57:16.000Z,TRF_ewpz0grjoqjlq2w3,1cf68fa4-51d9-42a3-8919-dd3f70c235fa,food,🥑,,,,7042514589,OPay Digital Services Limited (OPay),HAPPY SUNDAY GODWIN,9999910092285475101,Hair,,
692f09a62dfc48a061640dde,691ec63d24cf6022a24d9775,Withdrawal,SUCCESS,2025-12-02T15:45:42.306Z,2025-12-02T15:45:43.030Z,170000,BANK-TRF,2025-12-02T15:45:42.000Z,TRF_6d9vb6hhofl4sy9h,15acc373-7aae-4fbb-854b-214057cea051,shopping,🛍️,,,,8029718204,OPay Digital Services Limited (OPay),FEYISARA ABISOLA SULU,9999910092298402201,,,
692f221e2dfc48a061640e41,691d96aa142342a5c3cf0c8e,Withdrawal,SUCCESS,2025-12-02T17:30:06.793Z,2025-12-02T17:30:07.631Z,55000,BANK-TRF,2025-12-02T17:30:06.000Z,TRF_19p36acpclm5oaf3,69fb3a7e-16af-4b1c-8380-27cbb70d48aa,food,🥑,,,,8113031814,OPay Digital Services Limited (OPay),CHRISTIANAH OMOWUNMI ODUBOTE,9999910092302211301,Trf,,
692f324a2dfc48a06164102e,691d96aa142342a5c3cf0c8e,Withdrawal,SUCCESS,2025-12-02T18:39:06.546Z,2025-12-02T18:39:07.326Z,270000,BANK-TRF,2025-12-02T18:39:06.000Z,TRF_kflfo4888gkq0koc,5ebbb3d5-fa6c-4e50-8180-8cdc0cdaa921,food,🥑,,,,9159881012,OPay Digital Services Limited (OPay),emeneka emmanuel joseph,9999910092304408201,Trf,,
692f36742dfc48a061641148,691cc13665dffc4250474b6a,Withdrawal,SUCCESS,2025-12-02T18:56:52.476Z,2025-12-02T18:56:53.252Z,150000,BANK-TRF,2025-12-02T18:56:52.000Z,TRF_vpen60tupoz1w0im,9c9db1e6-609e-41ab-8c73-5e90541a23ad,transportation,🚌,,,,5151049284,Moniepoint MFB,POS Transfer- ATANDA SHAKIRU BAKARE,505150092305008701,,,
692f37442dfc48a0616411c8,691cc13665dffc4250474b6a,Withdrawal,SUCCESS,2025-12-02T19:00:20.179Z,2025-12-02T19:00:22.072Z,1000000,BANK-TRF,2025-12-02T19:00:20.000Z,TRF_6yow8k95ivp1s8wq,b8a07e7f-8406-4c32-8427-ee8c66a4a6b4,transportation,🚌,,,,8100829203,OPay Digital Services Limited (OPay),SODIQ BABATUNDE AKINBODE,9999910092305133101,,,
692f5f2d2dfc48a0616413d6,692f31322dfc48a061640ed7,Withdrawal,SUCCESS,2025-12-02T21:50:37.379Z,2025-12-02T21:50:39.235Z,50000,BANK-TRF,2025-12-02T21:50:37.000Z,TRF_3fs629jgttgid9h2,cb39414f-43f8-4b19-a175-1c757143f8bb,transportation,🚌,,,,9055485433,OPay Digital Services Limited (OPay),PATRICK NFONOBONG SAMUEL,9999910092312039701,Ggg,,
692fd34a498828a2484c4281,691d96aa142342a5c3cf0c8e,Withdrawal,SUCCESS,2025-12-03T06:06:02.661Z,2025-12-03T06:06:03.314Z,135000,BANK-TRF,2025-12-03T06:06:02.000Z,TRF_jv7r3rsv3nh8flfd,eac38484-26b9-42a2-b43d-61e1eb0ad57a,food,🥑,,,,8062673246,OPay Digital Services Limited (OPay),ADERONKE TAWAKALIT ELUSADE,9999910092322433801,Trf,,
692fdef7498828a2484c42b7,691d96aa142342a5c3cf0c8e,Withdrawal,SUCCESS,2025-12-03T06:55:51.121Z,2025-12-03T06:55:52.881Z,500000,BANK-TRF,2025-12-03T06:55:51.000Z,TRF_1q8a8x5euggipqg0,26981712-8e25-4140-9f9f-53645f210cf4,food,🥑,,,,7052597527,OPay Digital Services Limited (OPay),JOEL TIMILEYIN ADEBAYO,9999910092324472001,Data,,
692fe927498828a2484c42f2,691ec63d24cf6022a24d9775,Deposit,SUCCESS,2025-12-03T07:39:19.689Z,2025-12-03T07:39:19.689Z,5000000,BANK-TRF,2025-12-03T07:39:18.000Z,000003251203083848004510082889,AUTH_b721rg94ja,,,QUOTIDIANV FOODS,First City Monument Bank,6893991019,,,,,,,
692ffbc7498828a2484c434b,69243743c07ce653d4d7de8a,Withdrawal,SUCCESS,2025-12-03T08:58:47.234Z,2025-12-03T08:58:48.001Z,150000,BANK-TRF,2025-12-03T08:58:47.000Z,TRF_vb3o9t8i9e80chxr,983f7659-be53-438b-83a4-3dcb5f4bddb6,internet,🌐,,,,8107855430,OPay Digital Services Limited (OPay),ABIOLA EMMANUEL OLOWU,9999910092328925101,,,
69300f71498828a2484c43ec,691ec63d24cf6022a24d9775,Withdrawal,SUCCESS,2025-12-03T10:22:41.754Z,2025-12-03T10:22:42.530Z,100000,BANK-TRF,2025-12-03T10:22:41.000Z,TRF_si48srrsm8gppo2m,2f726c2b-f5d0-482a-937d-c64cdc0029c2,shopping,🛍️,,,,8065466406,OPay Digital Services Limited (OPay),ZAINAB  ADEFALA,9999910092332154101,,,
69301025498828a2484c4416,691ec63d24cf6022a24d9775,Withdrawal,SUCCESS,2025-12-03T10:25:41.094Z,2025-12-03T10:25:41.850Z,2000000,BANK-TRF,2025-12-03T10:25:40.000Z,TRF_m98xkhcekgcmvkdf,f567c3e3-6b85-434d-b090-2691a087b30c,fuel,⛽,,,,8235932252,Moniepoint MFB,AYOMIDE IYANA MORTUARY 1,505150092332276301,,,
69301af5498828a2484c4425,691ec63d24cf6022a24d9775,Deposit,SUCCESS,2025-12-03T11:11:49.725Z,2025-12-03T11:11:49.725Z,60206500,BANK-TRF,2025-12-03T11:11:48.000Z,090405251203121120881067611835,AUTH_xn3atfvrui,,,Payout,Moniepoint MFB,8000001406,,,,,,,
69301f2d498828a2484c44ae,691ec63d24cf6022a24d9775,Withdrawal,SUCCESS,2025-12-03T11:29:49.804Z,2025-12-03T11:29:51.802Z,20000000,BANK-TRF,2025-12-03T11:29:49.000Z,TRF_fho6bys0n65gyrlw,081bc8e0-3ab0-47f2-a334-9e86d5c0cdea,Land,🌴,,,,9650556026,Providus Bank,VANT(Cre8ng Digital Innovatio),110006251203112948092334912701,,,
69302fd5498828a2484c461b,691d96aa142342a5c3cf0c8e,Withdrawal,SUCCESS,2025-12-03T12:40:53.710Z,2025-12-03T12:40:55.504Z,80000,BANK-TRF,2025-12-03T12:40:53.000Z,TRF_s9rm4jzliturbgvk,b152d316-b6e4-4c2e-aa3b-a56c948d32a1,food,🥑,,,,7052597527,OPay Digital Services Limited (OPay),JOEL TIMILEYIN ADEBAYO,9999910092337371501,Soap,,
6930403e498828a2484c47f7,691d96aa142342a5c3cf0c8e,Withdrawal,SUCCESS,2025-12-03T13:50:54.659Z,2025-12-03T13:50:56.406Z,120000,BANK-TRF,2025-12-03T13:50:54.000Z,TRF_qqas7xcwk8d9a3yj,d4b0ba5d-748a-4694-b0a4-2ec9b3dd02a5,food,🥑,,,,5680169936,Moniepoint MFB,POS Transfer-BILAWU BOLANLE MARY,505150092339793801,Trf,,
693048b0498828a2484c482b,691ec63d24cf6022a24d9775,Withdrawal,SUCCESS,2025-12-03T14:26:56.691Z,2025-12-03T14:26:57.434Z,270000,BANK-TRF,2025-12-03T14:26:56.000Z,TRF_jtdmphpt0n1ag9dx,341cc254-0fca-4a7f-94b3-7cb774425464,shopping,🛍️,,,,9905552598,Paystack-Titan,PAYSTACK CHECKOUT,110006251203142652092341290801,,,
693048b2498828a2484c4835,691ec63d24cf6022a24d9775,Deposit,SUCCESS,2025-12-03T14:26:58.344Z,2026-02-26T15:43:29.444Z,5400,In-App-TRF,,f17a4f4d-2728-4b7a-aaab-f53285148771,69303185498828a2484c46ac,Rainy Day savings,💸,,,,,,,,,,
69305b4b498828a2484c4890,691d96aa142342a5c3cf0c8e,Withdrawal,SUCCESS,2025-12-03T15:46:19.235Z,2025-12-03T15:46:19.977Z,100000,BANK-TRF,2025-12-03T15:46:19.000Z,TRF_08cg76c5ya6hrv99,99345be2-2031-46df-8b62-a194781d1c70,food,🥑,,,,7077262122,PalmPay,ALIYU  USMAN,100039251203154616092344685301,Fruit,,
69307eeb498828a2484c48de,691d96aa142342a5c3cf0c8e,Withdrawal,SUCCESS,2025-12-03T18:18:19.712Z,2025-12-03T18:18:21.425Z,100000,BANK-TRF,2025-12-03T18:18:19.000Z,TRF_gsosb8vmvrsqeh59,f6bce3eb-033e-4710-b360-39fad85d137f,food,🥑,,,,8029650302,OPay Digital Services Limited (OPay),OLUWASOLAPE DANIEL MEDUPIN,9999910092350231101,Suya,,
6930938a498828a2484c4989,691ec63d24cf6022a24d9775,Withdrawal,SUCCESS,2025-12-03T19:46:18.543Z,2025-12-03T19:46:19.302Z,4750000,BANK-TRF,2025-12-03T19:46:18.000Z,TRF_oekbar14ehgxrv58,39a5bb2c-938b-475e-acb1-d73c66d63b10,Farm,🍀,,,,8166149943,OPay Digital Services Limited (OPay),UPELE DANIEL OGBOR,9999910092353324001,Cutlass and Oct,,
6930938c498828a2484c4992,691ec63d24cf6022a24d9775,Deposit,SUCCESS,2025-12-03T19:46:20.228Z,2026-02-26T15:43:29.547Z,95000,In-App-TRF,,9ae21729-2d4d-449e-ba09-b9b26e7f4774,69303185498828a2484c46ac,Rainy Day savings,💸,,,,,,,,,,
69309450498828a2484c49f3,691ec63d24cf6022a24d9775,Deposit,SUCCESS,2025-12-03T19:49:36.646Z,2026-02-26T15:43:29.661Z,4000,In-App-TRF,,1de3ae13-729e-457a-bf8f-c97f929cb40a,69303185498828a2484c46ac,Rainy Day savings,💸,,,,,,,,,,
6930a455498828a2484c4aa1,692f31322dfc48a061640ed7,Withdrawal,SUCCESS,2025-12-03T20:57:57.730Z,2025-12-03T20:57:59.620Z,200000,BANK-TRF,2025-12-03T20:57:57.000Z,TRF_dbfw065wsr5hkjui,9ff3d110-1fdb-44fa-87e3-bc7eb139881d,food,🥑,,,,9055485433,OPay Digital Services Limited (OPay),PATRICK NFONOBONG SAMUEL,9999910092355754701,,,
6930c158498828a2484c4b21,691ec63d24cf6022a24d9775,Withdrawal,SUCCESS,2025-12-03T23:01:44.705Z,2025-12-03T23:01:46.494Z,10200000,BANK-TRF,2025-12-03T23:01:44.000Z,TRF_k41aecy7vhz6u2n2,f1991ca3-6f98-40d1-a31a-44a2bdc544d0,loan,📉,,,,1100018272,Kuda Bank,IYANUOLUWA JOHN ADEBAYO,110006251203230142092363841301,,,
6930c15b498828a2484c4b30,691ec63d24cf6022a24d9775,Deposit,SUCCESS,2025-12-03T23:01:47.421Z,2026-02-26T15:43:29.779Z,204000,In-App-TRF,,b69aa8de-f036-4a29-93e0-a9b48ce3ee8f,69303185498828a2484c46ac,Rainy Day savings,💸,,,,,,,,,,
69312a4e8b518173bcd20039,691d96aa142342a5c3cf0c8e,Withdrawal,SUCCESS,2025-12-04T06:29:34.513Z,2025-12-04T06:29:36.384Z,67000,BANK-TRF,2025-12-04T06:29:34.000Z,TRF_429xkvl95zuhiyez,d39319b4-a951-42f5-aecd-946421e997fd,food,🥑,,,,8062673246,OPay Digital Services Limited (OPay),ADERONKE TAWAKALIT ELUSADE,9999910092372183801,Trf,,
6931655f8b518173bcd20144,69243743c07ce653d4d7de8a,Withdrawal,SUCCESS,2025-12-04T10:41:35.910Z,2025-12-04T10:41:37.900Z,240000,BANK-TRF,2025-12-04T10:41:35.000Z,TRF_qdy7qxd7quq5uobp,fd8a7463-3784-4e3b-995a-8518dd3133de,internet,🌐,,,,8034900000,PalmPay,GABRIEL ADEWALE ADEDOKUN,100039251204104133092382186201,,,
6931c0418b518173bcd20251,691ec63d24cf6022a24d9775,Withdrawal,SUCCESS,2025-12-04T17:09:21.747Z,2025-12-04T17:09:22.529Z,426000,BANK-TRF,2025-12-04T17:09:21.000Z,TRF_j50worwyzx427pyx,ac42bbd5-b7ea-4270-b8d9-0d046027f4ca,transportation,🚌,,,,9933920602,Paystack-Titan,PAYSTACK CHECKOUT,110006251204170919092397769201,,,
6931c0438b518173bcd2025c,691ec63d24cf6022a24d9775,Deposit,SUCCESS,2025-12-04T17:09:23.457Z,2026-02-26T15:43:29.899Z,8520,In-App-TRF,,a7653f33-2549-4f01-8e51-52315f4a8cf2,69303185498828a2484c46ac,Rainy Day savings,💸,,,,,,,,,,
6931cfc68b518173bcd202bd,691ec63d24cf6022a24d9775,Withdrawal,SUCCESS,2025-12-04T18:15:34.107Z,2025-12-04T18:15:35.998Z,70000,BANK-TRF,2025-12-04T18:15:33.000Z,TRF_ztx3bebzniql5pyi,ff81c2d5-098d-4272-a00a-8549ff03a3d2,shopping,🛍️,,,,9031600451,OPay Digital Services Limited (OPay),ADETOLA OLUWATOBI ADEYEMI,9999910092400245701,,,
6931cfc88b518173bcd202cd,691ec63d24cf6022a24d9775,Deposit,SUCCESS,2025-12-04T18:15:36.920Z,2026-02-26T15:43:30.010Z,1400,In-App-TRF,,d1aa9dbb-1c23-4650-afa8-0e40384129c7,69303185498828a2484c46ac,Rainy Day savings,💸,,,,,,,,,,
6931e4308b518173bcd2033a,691ec63d24cf6022a24d9775,Withdrawal,SUCCESS,2025-12-04T19:42:40.845Z,2025-12-04T19:42:42.735Z,506000,BANK-TRF,2025-12-04T19:42:40.000Z,TRF_3qul6el9yazk2b0p,d249e49a-a44f-4e7c-aa6a-421f0c541487,loan,📉,,,,5820653431,Moniepoint MFB,JUST RITE LIMITED - Justrite Kemta Abeokuta,505150092403865701,,,
6931e4338b518173bcd20347,691ec63d24cf6022a24d9775,Deposit,SUCCESS,2025-12-04T19:42:43.656Z,2026-02-26T15:43:30.108Z,10120,In-App-TRF,,defe8f93-35f8-4e0f-99ad-af5b998176a2,69303185498828a2484c46ac,Rainy Day savings,💸,,,,,,,,,,
6931ef308b518173bcd2047f,691ec63d24cf6022a24d9775,Deposit,SUCCESS,2025-12-04T20:29:36.325Z,2026-02-26T15:43:30.213Z,1000,In-App-TRF,,1a4a8b28-7d16-494c-a043-755c05262979,69303185498828a2484c46ac,Rainy Day savings,💸,,,,,,,,,,
6931f1758b518173bcd204ca,691d96aa142342a5c3cf0c8e,Withdrawal,SUCCESS,2025-12-04T20:39:17.778Z,2025-12-04T20:39:19.524Z,70000,BANK-TRF,2025-12-04T20:39:17.000Z,TRF_mltrdw1u7ot6x9dx,d04dc87c-a6e0-400e-98b7-65546107dd64,food,🥑,,,,8032097999,OPay Digital Services Limited (OPay),Bosede Comfort Eluigwe,9999910092405742001,Trg,,
6931f3988b518173bcd20536,691ec63d24cf6022a24d9775,Withdrawal,SUCCESS,2025-12-04T20:48:24.804Z,2025-12-04T20:48:26.627Z,2020700,BANK-TRF,2025-12-04T20:48:24.000Z,TRF_3tfywmm3fw143cih,bf11f43b-a3c7-4235-97db-b8c59c0f19d8,Caleb_Leadway,🥂,,,,9854991565,Paystack-Titan,LEADWAYASSURA/ETP25009696 IYANUOLUWA KENTADEBAYO,110006251204204822092406021701,ETP25009696,,
6931f39b8b518173bcd20546,691ec63d24cf6022a24d9775,Deposit,SUCCESS,2025-12-04T20:48:27.548Z,2026-02-26T15:43:30.312Z,40414,In-App-TRF,,f8bce8ad-0850-4991-851f-4747a6b2517c,69303185498828a2484c46ac,Rainy Day savings,💸,,,,,,,,,,
69329a80429d8b20969eca52,691d96aa142342a5c3cf0c8e,Withdrawal,SUCCESS,2025-12-05T08:40:32.279Z,2025-12-05T08:40:33.052Z,2025000,BANK-TRF,2025-12-05T08:40:32.000Z,TRF_j03lfxz360hq2uco,23fa6d34-a8d0-4727-9425-e0f27aefe8f0,loan,📉,,,,6681554424,PalmPay,79_3847_71336528_234(MAYWOOD LENDING LIMITED),100039251205084029092420874401,Loan,,
69329b5f429d8b20969eca87,691d96aa142342a5c3cf0c8e,Withdrawal,SUCCESS,2025-12-05T08:44:15.664Z,2025-12-05T08:46:17.902Z,2228800,BANK-TRF,2025-12-05T08:46:16.000Z,TRF_wprxybgydrmx8nmz,bd33e761-803c-46c8-9941-e16e9cf6c338,loan,📉,,,,5376046536,OPay Digital Services Limited (OPay),(EaseMoni) JOEL TIMILEYIN ADEBAYO,110006251205084414092420982102,Loan,,
6932ad5f429d8b20969ecc4b,691ec63d24cf6022a24d9775,Withdrawal,SUCCESS,2025-12-05T10:01:03.507Z,2025-12-05T10:01:04.197Z,1030000,BANK-TRF,2025-12-05T10:01:03.000Z,TRF_920gl08zq90fnkrk,79f7f978-b882-4796-9241-42eae2e0e6a3,transportation,🚌,,,,6113066619,OPay Digital Services Limited (OPay),TEMMY PERFECT BEAUTY SALON,110006251205100054092422874301,Transport,,
6932ad61429d8b20969ecc55,691ec63d24cf6022a24d9775,Deposit,SUCCESS,2025-12-05T10:01:05.124Z,2026-02-26T15:43:30.420Z,20600,In-App-TRF,,2ef10d3e-24ae-4d87-8abf-d0269e130e71,69303185498828a2484c46ac,Rainy Day savings,💸,,,,,,,,,,
6932c2e5429d8b20969eccd5,691ec63d24cf6022a24d9775,Withdrawal,SUCCESS,2025-12-05T11:32:53.848Z,2025-12-05T11:32:55.645Z,5000000,BANK-TRF,2025-12-05T11:32:53.000Z,TRF_635619x2ufivjvpc,0123083e-6c34-46d4-bc13-93260b2cfbf0,Transcript,📝,,,,1021377115,United Bank For Africa,PRECIOUS CORNERSTONE UNIVERSITY  IBADAN OYO STATE,110006251205113252092425876001,,,
6932c2e8429d8b20969ecce4,691ec63d24cf6022a24d9775,Deposit,SUCCESS,2025-12-05T11:32:56.553Z,2026-02-26T15:43:30.547Z,100000,In-App-TRF,,d707ccf9-685d-435c-8e88-9f50c832bd55,69303185498828a2484c46ac,Rainy Day savings,💸,,,,,,,,,,
6932c8b6429d8b20969ecd0e,691ec63d24cf6022a24d9775,Withdrawal,SUCCESS,2025-12-05T11:57:42.361Z,2025-12-05T11:57:44.088Z,300000,BANK-TRF,2025-12-05T11:57:42.000Z,TRF_jq5b77hky5nq6q43,d956677e-9d3e-4b5c-99cb-dd29a80251c6,Transcript,📝,,,,8101799492,Beststar Microfinance Bank,JOHN KENT-ADEBAYO,110006251205115739092426682701,,,
6932c8b9429d8b20969ecd1b,691ec63d24cf6022a24d9775,Deposit,SUCCESS,2025-12-05T11:57:45.014Z,2026-02-26T15:43:30.652Z,6000,In-App-TRF,,19e70e17-3794-4c39-b352-d39cd2d38ea5,69303185498828a2484c46ac,Rainy Day savings,💸,,,,,,,,,,
6932d32c429d8b20969ecd93,6932d190429d8b20969ecd47,Deposit,SUCCESS,2025-12-05T12:42:20.638Z,2025-12-05T12:42:20.638Z,1000000,BANK-TRF,2025-12-05T12:42:18.000Z,000013251205134208000594006687,AUTH_iz7s546fx4,,,ONUH EMMANUEL CHIBIKE,Guaranty Trust Bank,0151337861,,,,,,,
6932d3bb429d8b20969ece1e,691ec63d24cf6022a24d9775,Withdrawal,SUCCESS,2025-12-05T12:44:43.460Z,2025-12-05T12:44:44.227Z,240000,BANK-TRF,2025-12-05T12:44:43.000Z,TRF_qor43dapej9tnyku,f3b4514e-5cab-4744-b7bc-f37d0db7fa06,transportation,🚌,,,,2013416656,First Bank of Nigeria,AKANDE CHRISTOPHER ABIODUN,110006251205124441092428259301,,,
6932d3bd429d8b20969ece29,691ec63d24cf6022a24d9775,Deposit,SUCCESS,2025-12-05T12:44:45.146Z,2026-02-26T15:43:30.755Z,4800,In-App-TRF,,17786f95-20eb-4f29-a2ee-531f3a76cbf2,69303185498828a2484c46ac,Rainy Day savings,💸,,,,,,,,,,
6932f617429d8b20969ece7b,691ec63d24cf6022a24d9775,Withdrawal,SUCCESS,2025-12-05T15:11:19.755Z,2025-12-05T15:11:20.530Z,300000,BANK-TRF,2025-12-05T15:11:19.000Z,TRF_yalu35v0qe0u2yh0,de79ffd7-a3a0-4ed0-911d-d03474cbbfb4,transportation,🚌,,,,7019259009,OPay Digital Services Limited (OPay),EMMAUNEL OLUWAPELUMI ORIMOGUNJE,9999910092433630801,,,
6932f619429d8b20969ece86,691ec63d24cf6022a24d9775,Deposit,SUCCESS,2025-12-05T15:11:21.446Z,2026-02-26T15:43:30.855Z,6000,In-App-TRF,,ae698a13-7b92-45bd-9fba-80ea2774b325,69303185498828a2484c46ac,Rainy Day savings,💸,,,,,,,,,,
69330d13429d8b20969ecf1e,691ec63d24cf6022a24d9775,Withdrawal,SUCCESS,2025-12-05T16:49:23.078Z,2025-12-05T16:49:23.817Z,1300000,BANK-TRF,2025-12-05T16:49:22.000Z,TRF_10on40z8qtl8fm0p,1c024089-547b-4da9-8723-ec8593aafc30,gift,🎁,,,,5701377317,Moniepoint MFB,AMAH-S GLOBAL ENTERPRISE - Amah-s Bite,505150092436945101,,,
69330d14429d8b20969ecf29,691ec63d24cf6022a24d9775,Deposit,SUCCESS,2025-12-05T16:49:24.726Z,2026-02-26T15:43:30.950Z,26000,In-App-TRF,,1367e3fd-d7cd-40df-b473-032b25570a73,69303185498828a2484c46ac,Rainy Day savings,💸,,,,,,,,,,
6933170c429d8b20969ecf5a,691ec63d24cf6022a24d9775,Withdrawal,SUCCESS,2025-12-05T17:31:56.690Z,2025-12-05T17:31:57.522Z,515000,BANK-TRF,2025-12-05T17:31:56.000Z,TRF_kzlziex3decrfp6s,de799913-69ea-4ace-bfdc-841993466e1f,transportation,🚌,,,,5928978081,Moniepoint MFB,POS Transfer-DOLAPO MICHEAL ADEGOKE,505150092438402101,,,
6933170e429d8b20969ecf63,691ec63d24cf6022a24d9775,Deposit,SUCCESS,2025-12-05T17:31:58.445Z,2026-02-26T15:43:31.060Z,10300,In-App-TRF,,c5c55646-58af-4a54-8c64-d6afb0efce22,69303185498828a2484c46ac,Rainy Day savings,💸,,,,,,,,,,
69331fc9429d8b20969ecfac,691d96aa142342a5c3cf0c8e,Withdrawal,SUCCESS,2025-12-05T18:09:13.006Z,2025-12-05T18:09:13.762Z,192000,BANK-TRF,2025-12-05T18:09:12.000Z,TRF_qba0hvj7s9dh8q5t,8bfce69b-2daa-480e-b818-4ad4eaa94687,food,🥑,,,,8225406659,Moniepoint MFB,ROYAL TASTE,505150092439752501,Trf,,
69333399429d8b20969ecfe0,691d96aa142342a5c3cf0c8e,Withdrawal,SUCCESS,2025-12-05T19:33:45.136Z,2025-12-05T19:33:45.893Z,120000,BANK-TRF,2025-12-05T19:33:45.000Z,TRF_gb6vpyrgkv9dcbbv,787ec1f7-5a90-40ba-b268-a30e16d7507e,food,🥑,,,,8136573528,OPay Digital Services Limited (OPay),nurat kehinde OMISORE,9999910092442889501,Trf,,
6933386f429d8b20969ecfff,691ec63d24cf6022a24d9775,Withdrawal,SUCCESS,2025-12-05T19:54:23.200Z,2025-12-05T19:54:24.020Z,1100000,BANK-TRF,2025-12-05T19:54:23.000Z,TRF_gnqmjvhswo3zd4va,0d39624e-6450-4216-97c0-ac4ff6ba36ce,transportation,🚌,,,,7039456335,OPay Digital Services Limited (OPay),LATIFAT ANIKE ADEYANJU,9999910092443619801,Cleaning+POS,,
69333870429d8b20969ed00c,691ec63d24cf6022a24d9775,Deposit,SUCCESS,2025-12-05T19:54:24.946Z,2026-02-26T15:43:31.180Z,22000,In-App-TRF,,6abe95e8-f8d5-4110-bd7a-cf286d1b7640,69303185498828a2484c46ac,Rainy Day savings,💸,,,,,,,,,,
6933ea1f06e6527bb12fc6e9,691d96aa142342a5c3cf0c8e,Withdrawal,SUCCESS,2025-12-06T08:32:31.317Z,2025-12-06T08:32:32.107Z,100000,BANK-TRF,2025-12-06T08:32:31.000Z,TRF_vv9xuqkon2viisaf,d06de1f3-8e31-4acf-a675-db2f2e477f6c,food,🥑,,,,7052597527,OPay Digital Services Limited (OPay),JOEL TIMILEYIN ADEBAYO,9999910092460550801,Trf,,
69342f37c1fd4d52da87b315,6904ff26631cc0931a4cc59c,Deposit,SUCCESS,2025-12-06T13:27:19.864Z,2025-12-06T13:27:19.864Z,300000,BANK-TRF,2025-12-06T13:27:18.000Z,000015251206142708000002295896,AUTH_s1z5w376r7,,,ADEBAYO,Zenith Bank,2270157880,,,,,,,
69343791c1fd4d52da87b34b,691ec63d24cf6022a24d9775,Withdrawal,SUCCESS,2025-12-06T14:02:57.910Z,2025-12-06T14:02:59.713Z,135000,BANK-TRF,2025-12-06T14:02:57.000Z,TRF_la47eeiidxkeuluu,264838f3-5e9d-4091-b1b5-e69830dfe0ea,loan,📉,,,,7088093312,OPay Digital Services Limited (OPay),OLAIDE MOTUNRAYO BANMEKE,9999910092472248601,,,
69343794c1fd4d52da87b357,691ec63d24cf6022a24d9775,Deposit,SUCCESS,2025-12-06T14:03:00.640Z,2026-02-26T15:43:31.300Z,2700,In-App-TRF,,cdeca37e-1ca1-4fbf-8003-5b9a326e05df,69303185498828a2484c46ac,Rainy Day savings,💸,,,,,,,,,,
69343868c1fd4d52da87b399,691d96aa142342a5c3cf0c8e,Withdrawal,SUCCESS,2025-12-06T14:06:32.910Z,2025-12-06T14:06:33.684Z,140000,BANK-TRF,2025-12-06T14:06:32.000Z,TRF_o2chhieoftg3e6ga,39dd50ef-ca75-45ba-b0a0-2f4f496b9dc9,food,🥑,,,,5680169936,Moniepoint MFB,POS Transfer-BILAWU BOLANLE MARY,505150092472395601,Trf,,
69344770c1fd4d52da87b3fd,691ec63d24cf6022a24d9775,Withdrawal,SUCCESS,2025-12-06T15:10:40.453Z,2025-12-06T15:10:42.324Z,250000,BANK-TRF,2025-12-06T15:10:40.000Z,TRF_dzku99so9carnwxj,0715155c-0bbb-46ff-909e-5c6e674ebd04,gift,🎁,,,,9123589906,OPay Digital Services Limited (OPay),OLUWATOBILOBA JULIANAH POGE,9999910092475137701,,,
69344773c1fd4d52da87b40a,691ec63d24cf6022a24d9775,Deposit,SUCCESS,2025-12-06T15:10:43.253Z,2026-02-26T15:43:31.412Z,5000,In-App-TRF,,b58b7e43-0f02-4bad-addb-793619d49cd4,69303185498828a2484c46ac,Rainy Day savings,💸,,,,,,,,,,
69344907c1fd4d52da87b47f,691ec63d24cf6022a24d9775,Withdrawal,SUCCESS,2025-12-06T15:17:27.673Z,2025-12-06T15:17:29.499Z,240000,BANK-TRF,2025-12-06T15:17:27.000Z,TRF_3yn7kqy30iplqonx,6b70fb1b-3cca-4e78-8b8b-a46b455f7ff7,gift,🎁,,,,9123589906,OPay Digital Services Limited (OPay),OLUWATOBILOBA JULIANAH POGE,9999910092475414001,,,
693486a8c1fd4d52da87b785,691d96aa142342a5c3cf0c8e,Withdrawal,SUCCESS,2025-12-06T19:40:24.692Z,2025-12-06T19:40:25.470Z,270000,BANK-TRF,2025-12-06T19:40:24.000Z,TRF_rjowpmhhz5h7srwk,107ac5a6-9027-40ff-9b70-683265d97f53,food,🥑,,,,9159881012,OPay Digital Services Limited (OPay),emeneka emmanuel joseph,9999910092490616901,Trf,,
69348b2fc1fd4d52da87b834,69243743c07ce653d4d7de8a,Withdrawal,SUCCESS,2025-12-06T19:59:43.801Z,2025-12-06T19:59:45.683Z,400000,BANK-TRF,2025-12-06T19:59:43.000Z,TRF_49tfv7k7iq6hic61,a5c8dabc-efc0-4a6f-87bc-63fe70c709af,food,🥑,,,,8107855430,OPay Digital Services Limited (OPay),ABIOLA EMMANUEL OLOWU,9999910092491747101,,,
6934bf6dc1fd4d52da87ba83,691ec63d24cf6022a24d9775,Deposit,SUCCESS,2025-12-06T23:42:37.781Z,2026-02-26T15:43:31.510Z,42000,In-App-TRF,,30bf3525-5ea5-443e-8871-ece8cdb5516c,69303185498828a2484c46ac,Rainy Day savings,💸,,,,,,,,,,
69356110c1fd4d52da87bb20,691d96aa142342a5c3cf0c8e,Withdrawal,SUCCESS,2025-12-07T11:12:16.076Z,2025-12-07T11:12:16.897Z,60000,BANK-TRF,2025-12-07T11:12:15.000Z,TRF_dzfiyljmzmpk36qi,71e730ca-889c-41bd-976b-764e631a98ec,food,🥑,,,,8136945053,OPay Digital Services Limited (OPay),OLUWABORI CAROLINE OLOJEDE,9999910092518197301,Zobo,,
69356673c1fd4d52da87bb6a,691d96aa142342a5c3cf0c8e,Withdrawal,SUCCESS,2025-12-07T11:35:15.017Z,2025-12-07T11:35:15.758Z,80000,BANK-TRF,2025-12-07T11:35:14.000Z,TRF_73kod3io0c0vrdi4,4f5ac8fd-63dc-4f1e-b9ca-2e810fd7f639,food,🥑,,,,9031885118,OPay Digital Services Limited (OPay),ABEEB  AKALA,9999910092518996401,Trf,,
693574a8c1fd4d52da87bbd1,691d96aa142342a5c3cf0c8e,Withdrawal,SUCCESS,2025-12-07T12:35:52.136Z,2025-12-07T12:35:54.291Z,700000,BANK-TRF,2025-12-07T12:35:52.000Z,TRF_c49dd0vyfrbdii4l,6626dca7-60b6-45b5-8ada-6515beb8bdb5,food,🥑,,,,7052597527,OPay Digital Services Limited (OPay),JOEL TIMILEYIN ADEBAYO,9999910092521172701,,,
69357c9bb402350f2601c8aa,691ec63d24cf6022a24d9775,Deposit,SUCCESS,2025-12-07T13:09:47.479Z,2025-12-07T13:09:47.479Z,2280000,BANK-TRF,2025-12-07T13:09:45.000Z,090110251207140920948743867822,AUTH_d7qj6j84g8,,,Vant,VFD Microfinance Bank Limited,1026459314,,,,,,,
69357e7cb402350f2601c936,691ec63d24cf6022a24d9775,Deposit,SUCCESS,2025-12-07T13:17:48.588Z,2026-02-26T15:43:31.619Z,9000,In-App-TRF,,ba1bc0cf-2f5a-4835-b516-01fc2efb1ebf,69303185498828a2484c46ac,Rainy Day savings,💸,,,,,,,,,,
69358dbcb402350f2601cb3e,691ec63d24cf6022a24d9775,Withdrawal,SUCCESS,2025-12-07T14:22:52.082Z,2025-12-07T14:22:52.082Z,100000,In-App-TRF,,eb309636-c6bf-402c-8d83-7f936ab523ae,69303185498828a2484c46ac,Rainy Day savings,💸,,,,,,,,,,
6935a620b402350f2601cbad,691ec63d24cf6022a24d9775,Withdrawal,SUCCESS,2025-12-07T16:06:56.439Z,2025-12-07T16:06:58.217Z,830000,BANK-TRF,2025-12-07T16:06:56.000Z,TRF_kk0o7dnq9y55jscf,9d84bd35-7b85-476b-a3c1-58c6902764bd,transportation,🚌,,,,6114576418,OPay Digital Services Limited (OPay),Sweet Sensation Idi Aba,110006251207160654092529081801,,,
6935add2b402350f2601cbe4,691ec63d24cf6022a24d9775,Deposit,SUCCESS,2025-12-07T16:39:46.793Z,2025-12-07T16:39:46.793Z,20000000,BANK-TRF,2025-12-07T16:39:45.000Z,000013251207173914000599105737,AUTH_zpvh0pj7tf,,,KENT-ADEBAYO TAIWO OLAWUMI,Guaranty Trust Bank,0125547744,,,,,,,
6935c69db402350f2601ccb8,691ec63d24cf6022a24d9775,Withdrawal,SUCCESS,2025-12-07T18:25:33.227Z,2025-12-07T18:25:35.153Z,10000000,BANK-TRF,2025-12-07T18:25:33.000Z,TRF_5lq9cljdyi7y5qf0,8a2223ac-b6e9-4c09-995d-45035cb05c66,Fairmoney,📌,,,,5280303772,Fairmoney Microfinance Bank,Iyanuoluwa Adebayo,110006251207182531092535205301,,,
6935fde3b402350f2601cdfe,6904ff26631cc0931a4cc59c,Withdrawal,SUCCESS,2025-12-07T22:21:23.106Z,2025-12-07T22:21:25.058Z,150000,BANK-TRF,2025-12-07T22:21:23.000Z,TRF_5opt1dhjjcznctsx,eb5f9878-7906-443b-b979-dd4cc68e79d8,groceries,🛒,,,,7063268351,OPay Digital Services Limited (OPay),ADEBA YO PRECIOUS ADELEYE,9999910092545419001,Food,,
6935fde5b402350f2601ce0c,6904ff26631cc0931a4cc59c,Deposit,SUCCESS,2025-12-07T22:21:25.955Z,2026-02-26T15:43:31.711Z,3000,In-App-TRF,,8b2904fb-f1eb-407a-8ef0-56c992fa23e9,691e3913142342a5c3cf13d4,Rainy Day savings,💸,,,,,,,,,,
6936b001b402350f2601cfea,692f31322dfc48a061640ed7,Withdrawal,SUCCESS,2025-12-08T11:01:21.939Z,2025-12-08T11:01:23.812Z,200000,BANK-TRF,2025-12-08T11:01:21.000Z,TRF_bp4iubbdo43zauab,9ef21050-a60a-49b0-b33e-171962b4d986,bankFees,🏦,,,,9055485433,OPay Digital Services Limited (OPay),PATRICK NFONOBONG SAMUEL,9999910092565778101,,,
6936d9031600ee3ae939112f,691cc13665dffc4250474b6a,Withdrawal,SUCCESS,2025-12-08T13:56:19.434Z,2025-12-08T13:56:21.456Z,2000000,BANK-TRF,2025-12-08T13:56:19.000Z,TRF_1g39fz30reota4bq,1adebe06-e55e-4af4-96ee-8704c6f4a48a,transportation,🚌,,,,9042280067,OPay Digital Services Limited (OPay),GABRIEL OLUWASEUN OLA,9999910092571527201,,,
6936f90d1600ee3ae939115c,691ec63d24cf6022a24d9775,Withdrawal,SUCCESS,2025-12-08T16:13:01.797Z,2025-12-08T16:13:03.724Z,450000,BANK-TRF,2025-12-08T16:13:01.000Z,TRF_9tndq8iz5em25nyc,c56dad2f-8dd9-47f3-bd90-d51536eeac40,transportation,🚌,,,,5643308895,Moniepoint MFB,FUNKDAP GLOBAL VENTURES - FUNKDAP GLOBAL VENTURES,505150092576187301,Car wash,,
6937547d1600ee3ae93911aa,691ec63d24cf6022a24d9775,Deposit,SUCCESS,2025-12-08T22:43:09.394Z,2025-12-08T22:43:09.394Z,5000000,BANK-TRF,2025-12-08T22:43:08.000Z,000013251208234242000601966270,AUTH_qb0mozwit4,,,FADIPE  TIMOTHY OLUWAPELUMI,Guaranty Trust Bank,0559150057,,,,,,,
6937deca1600ee3ae9391247,691ec63d24cf6022a24d9775,Withdrawal,SUCCESS,2025-12-09T08:33:14.816Z,2025-12-09T08:33:16.564Z,11875000,BANK-TRF,2025-12-09T08:33:14.000Z,TRF_ddvdqsjwtxsp6i2r,7b112d5e-4ec9-4400-b07d-7e37adc42e0c,Land,🌴,,,,1000118840,Parallex Bank,OT ORBIT AFRICA PROPERTY LTD,110006251209083312092602559601,,,
6937e9bc1600ee3ae93912d7,691ec63d24cf6022a24d9775,Withdrawal,SUCCESS,2025-12-09T09:19:56.501Z,2025-12-09T09:19:57.279Z,300000,BANK-TRF,2025-12-09T09:19:56.000Z,TRF_lu9ou361mywo4a0z,206c4707-ac62-487d-97c5-9d5beaf725ef,Fiwajoluwa ,🏋️,,,,0055959318,Stanbic IBTC Bank,LAWNET ACADEMY LIMITED,110006251209091954092604292501,,,
6937eb2c1600ee3ae9391306,691ec63d24cf6022a24d9775,Withdrawal,SUCCESS,2025-12-09T09:26:04.622Z,2025-12-09T09:26:05.473Z,500000,BANK-TRF,2025-12-09T09:26:04.000Z,TRF_hanrk6f2giwq8t9q,df3deb75-f825-40d1-9c7a-7a35fa9c5304,beauty,💅,,,,8101799492,Beststar Microfinance Bank,JOHN KENT-ADEBAYO,110006251209092601092604498101,,,
69384b4968958ca850cd9fae,6938422e68958ca850cd9eee,Withdrawal,SUCCESS,2025-12-09T16:16:09.442Z,2025-12-09T16:16:11.425Z,500000,BANK-TRF,2025-12-09T16:16:09.000Z,TRF_pozfnksvxt0wv7c1,23166b0b-ea1d-4db9-8705-d4e0ecda4b10,transportation,🚌,,,,8129580846,OPay Digital Services Limited (OPay),REBECCAH MOJOLAOLUWA ADEBOWALE,9999910092620777601,,,
69384d2b68958ca850cda00e,691d96aa142342a5c3cf0c8e,Withdrawal,SUCCESS,2025-12-09T16:24:11.862Z,2025-12-09T16:24:13.999Z,275200,BANK-TRF,2025-12-09T16:24:11.000Z,TRF_i56kvr1l606lu982,23896829-d5ed-4f6c-b3a2-6f64887a7207,food,🥑,,,,7052597527,OPay Digital Services Limited (OPay),JOEL TIMILEYIN ADEBAYO,9999910092621132001,Trf,,
69386ff168958ca850cda0fc,691ec63d24cf6022a24d9775,Deposit,SUCCESS,2025-12-09T18:52:33.316Z,2025-12-09T18:52:33.316Z,1490000,BANK-TRF,2025-12-09T18:52:32.000Z,090110251209195222882849951183,AUTH_10jxmwksdb,,,Vant,VFD Microfinance Bank Limited,1026459314,,,,,,,
6938723768958ca850cda249,691ec63d24cf6022a24d9775,Withdrawal,SUCCESS,2025-12-09T19:02:15.401Z,2025-12-09T19:02:17.075Z,50000,BANK-TRF,2025-12-09T19:02:15.000Z,TRF_ix2401m2a9dzz7fd,9977646f-751e-4407-b8ab-f30d4c14880f,Template_Transportation,🚕,,,,8136473187,OPay Digital Services Limited (OPay),UZOAMAKA HANNAH OGBONNA,9999910092627785001,,,
6938747368958ca850cda285,6938679d68958ca850cda076,Withdrawal,SUCCESS,2025-12-09T19:11:47.115Z,2025-12-09T19:11:47.906Z,200000,BANK-TRF,2025-12-09T19:11:47.000Z,TRF_ia6vk7k2lwgpzc9a,b0ef8c1a-6d70-4bcd-89a2-fa80c13f99bc,TemplateTransport,🚖,,,,9042280067,OPay Digital Services Limited (OPay),GABRIEL OLUWASEUN OLA,9999910092628100101,For transport ,,
6938747868958ca850cda294,6938679d68958ca850cda076,Withdrawal,SUCCESS,2025-12-09T19:11:52.039Z,2025-12-09T19:11:52.793Z,200000,BANK-TRF,2025-12-09T19:11:51.000Z,TRF_i92o6qp2bjdww5jm,727d2474-b742-4a57-9a2f-8fb9d85dee14,TemplateTransport,🚖,,,,9042280067,OPay Digital Services Limited (OPay),GABRIEL OLUWASEUN OLA,9999910092628102401,For transport ,,
6938776d68958ca850cda2c9,691ec63d24cf6022a24d9775,Withdrawal,SUCCESS,2025-12-09T19:24:29.473Z,2025-12-09T19:24:30.431Z,2000000,BANK-TRF,2025-12-09T19:24:29.000Z,TRF_8zvx802pzx374edn,7f1d0b82-26fb-42fb-ab0d-0c65883d0f59,fuel,⛽,,,,8101799492,OPay Digital Services Limited (OPay),IYANUOLUWA JOHN ADEBAYO,9999910092628537101,,,
6938793068958ca850cda2fb,6938679d68958ca850cda076,Withdrawal,SUCCESS,2025-12-09T19:32:00.452Z,2025-12-09T19:32:02.098Z,1000000,BANK-TRF,2025-12-09T19:32:00.000Z,TRF_7qhjlcvc5nyuyutx,e840d91e-a2df-4ace-ae57-bdebf909f14d,TemplateTransport,🚖,,,,8064202444,OPay Digital Services Limited (OPay),HAMED OLABODE ADENEKAN,9999910092628801101,Transportation ,,
69387f3168958ca850cda32a,691ec63d24cf6022a24d9775,Withdrawal,SUCCESS,2025-12-09T19:57:37.329Z,2025-12-09T20:01:43.372Z,200000,BANK-TRF,2025-12-09T20:01:42.000Z,TRF_21uz574lewo3h0w9,5fbbe508-bf16-4947-9698-d8f6fe75575b,Fiwajoluwa ,🏋️,,,,8101799492,OPay Digital Services Limited (OPay),IYANUOLUWA JOHN ADEBAYO,9999910092629630601,,,
6938883368958ca850cda39d,69357dedb402350f2601c8f6,Withdrawal,PENDING,2025-12-09T20:36:03.755Z,2025-12-09T20:36:03.755Z,,BANK-TRF,,TRF_anpl63nysz3anad7,693581aab402350f2601ca63,,,,,,,,,,Trf ,,
6939450a68958ca850cda497,691ec63d24cf6022a24d9775,Withdrawal,SUCCESS,2025-12-10T10:01:46.805Z,2025-12-10T10:49:26.095Z,4000000,BANK-TRF,2025-12-10T10:49:22.000Z,TRF_wux0e830e8u7lq3t,0ae24760-7f28-4142-b7c5-eb94c11c9af3,loan,📉,,,,8100192727,OPay Digital Services Limited (OPay),BLESSING ESTHER IBIDAPO,9999910092648386101,,,
69394a3668958ca850cda4e0,691ec63d24cf6022a24d9775,Withdrawal,PENDING,2025-12-10T10:23:50.881Z,2025-12-10T10:23:50.881Z,,BANK-TRF,,TRF_jr6fwey1td31k4fh,6930c113498828a2484c4afa,,,,,,,,,,,,
693972f568958ca850cda56c,691ec63d24cf6022a24d9775,Withdrawal,SUCCESS,2025-12-10T13:17:41.325Z,2025-12-10T13:17:42.090Z,500000,BANK-TRF,2025-12-10T13:17:41.000Z,TRF_p3lvk2zfk4yd9yi6,87a0428d-bdd5-4a74-ba36-85c3587a4469,beauty,💅,,,,8101799492,Beststar Microfinance Bank,JOHN KENT-ADEBAYO,110006251210131739092652696001,,,
6939831ed8c6d51a0f8f22f0,691ec63d24cf6022a24d9775,Deposit,SUCCESS,2025-12-10T14:26:38.713Z,2025-12-10T14:26:38.713Z,20000000,BANK-TRF,2025-12-10T14:26:37.000Z,000010251210142625111053907205,AUTH_b785e3pq6y,,,Janet Amosu,Ecobank Nigeria,3900002650,,,,,,,
6939b9a5d8c6d51a0f8f24f0,691ec63d24cf6022a24d9775,Deposit,SUCCESS,2025-12-10T18:19:17.147Z,2025-12-10T18:19:17.147Z,5500000,BANK-TRF,2025-12-10T18:19:15.000Z,100033251210181841526461732292,AUTH_6z0mye3scr,,,UTHMAN AKINOLA AJISAFE,PalmPay,8133233223,,,,,,,
6939bc2c266546d9c71ab5bd,68894fdf3fe661ad58144838,Deposit,SUCCESS,2025-12-10T18:30:04.207Z,2026-02-26T15:43:31.819Z,5222.5,In-App-TRF,,29f327d4-3549-4e7a-bb63-7f4ea4407ef6,69093cac4584830608f12376,Rainy Day savings,💸,,,,,,,,,,
6939be11d8c6d51a0f8f258f,6938679d68958ca850cda076,Withdrawal,SUCCESS,2025-12-10T18:38:09.429Z,2025-12-10T18:38:11.183Z,67000,BANK-TRF,2025-12-10T18:38:09.000Z,TRF_lrbq9nvayvk9fagx,5f1883fe-369d-4930-8725-f9147013c3b8,TemplateTransport,🚖,,,,6103695426,OPay Digital Services Limited (OPay),EAT ON THE GO BAKERY,110006251210183805092662188901,,,
6939bea9d8c6d51a0f8f25c6,6938679d68958ca850cda076,Withdrawal,SUCCESS,2025-12-10T18:40:41.562Z,2025-12-10T18:40:43.324Z,30000,BANK-TRF,2025-12-10T18:40:41.000Z,TRF_rxe6lou4m7awu8hz,7c23f1f9-518e-4486-980e-483e8b8e7e97,TemplateTransport,🚖,,,,8066616977,OPay Digital Services Limited (OPay),RHODA ADEOLA AREMU,9999910092662266001,,,
693aa950d8c6d51a0f8f2717,691ec63d24cf6022a24d9775,Withdrawal,SUCCESS,2025-12-11T11:21:52.304Z,2025-12-11T11:21:53.055Z,200000,BANK-TRF,2025-12-11T11:21:52.000Z,TRF_rhjgb905fhh53blm,fb28fb37-b362-4014-80be-e8869ba91cb5,Fiwajoluwa ,🏋️,,,,5000670326,Moniepoint MFB,POS Transfer-FUNMILAYO MUIBAT ALLI,505150092687374401,,,
693ae63c3785c2e157150437,693ae3bf3785c2e1571503ef,Deposit,SUCCESS,2025-12-11T15:41:48.757Z,2025-12-11T15:41:48.757Z,2280000,BANK-TRF,2025-12-11T15:41:47.000Z,100026251211164107000055665312,AUTH_8nutsmmpxp,,,Taiwo Iyiola,Carbon,8375597310,,,,,,,
693ae7953785c2e15715045d,693ae3bf3785c2e1571503ef,Withdrawal,SUCCESS,2025-12-11T15:47:33.381Z,2025-12-11T15:47:35.136Z,2270000,BANK-TRF,2025-12-11T15:47:33.000Z,TRF_sjggb9g5yjn5wxe0,c939f695-f0cf-4baa-93a8-d7f4942e4a63,investment,📈,,,,4091578348,Polaris Bank,WET-BLEND FERTILIZERS LIMITED,110006251211154732092695739401,30% balance Maxigrow Tomato Project,,
693b02cb3785c2e157150752,691ec63d24cf6022a24d9775,Withdrawal,SUCCESS,2025-12-11T17:43:39.477Z,2025-12-11T17:43:41.322Z,510000,BANK-TRF,2025-12-11T17:43:39.000Z,TRF_e4l3i5gwsnqfm6oi,8b8cc253-5784-4f31-905b-4596219755ed,beauty,💅,,,,6108627567,OPay Digital Services Limited (OPay),REGDAM COMMUNICATIONS,110006251211174336092699158901,,,
693b08373785c2e1571507af,69357dedb402350f2601c8f6,Withdrawal,SUCCESS,2025-12-11T18:06:47.987Z,2025-12-11T18:06:49.810Z,300000,BANK-TRF,2025-12-11T18:06:47.000Z,TRF_qcys0oyqtupi2fdh,c3bbafba-780a-4cd3-bbf1-09ef562ae57c,food,🥑,,,,0297116231,Wema Bank,BLESSING ESTHER IBIDAPO,110006251211180646092699905901,Trf,,
693b0b253785c2e157150853,693b099c3785c2e1571507c3,Deposit,SUCCESS,2025-12-11T18:19:17.284Z,2025-12-11T18:19:17.284Z,1000000,BANK-TRF,2025-12-11T18:19:16.000Z,100004251211181844147381725198,AUTH_5459dprebz,,,RAHMON KOLAWOLE SALAU,OPay Digital Services Limited (OPay),8180531038,,,,,,,
693b138a3785c2e1571509d6,691ec63d24cf6022a24d9775,Withdrawal,SUCCESS,2025-12-11T18:55:06.364Z,2025-12-11T18:55:07.179Z,1479000,BANK-TRF,2025-12-11T18:55:06.000Z,TRF_0fofszofg8gs2hzx,6abb1aff-d919-4914-a4a4-5528964cbc79,GYM,💎,,,,5427065235,Moniepoint MFB,JUST RITE LIMITED - Justrite Kemta Abeokuta,505150092701650401,,,
693b47263785c2e157150c12,691ec63d24cf6022a24d9775,Deposit,SUCCESS,2025-12-11T22:35:18.932Z,2025-12-11T22:35:18.932Z,4000000,BANK-TRF,2025-12-11T22:35:17.000Z,090405251211233457653851441709,AUTH_rui2mi9wl3,,,ADELEYE ADEYINKA VICTOR,Moniepoint MFB,6785419124,,,,,,,
693bb3a960944e3494ea1842,69357dedb402350f2601c8f6,Withdrawal,SUCCESS,2025-12-12T06:18:17.772Z,2025-12-12T06:18:19.746Z,100000,BANK-TRF,2025-12-12T06:18:17.000Z,TRF_jooy02ksbsejs0cc,009c2228-1be6-4365-b264-d1902190012d,groceries,🛒,,,,0297116231,Wema Bank,BLESSING ESTHER IBIDAPO,110006251212061816092726898301,,,
693bcda960944e3494ea18e3,691ec63d24cf6022a24d9775,Withdrawal,SUCCESS,2025-12-12T08:09:13.524Z,2025-12-12T08:09:14.302Z,1000000,BANK-TRF,2025-12-12T08:09:13.000Z,TRF_3rh69n6d44m6fdgy,2bdd4f67-edbf-4dc2-9c9f-079d30934072,GYM,💎,,,,9131965226,OPay Digital Services Limited (OPay),ABDULAZEEZ GBOLAHAN ABDULWASIU,9999910092730968401,,,
693bf5c460944e3494ea1a99,691ec63d24cf6022a24d9775,Deposit,SUCCESS,2025-12-12T11:00:20.671Z,2025-12-12T11:00:20.671Z,44000000,BANK-TRF,2025-12-12T11:00:18.000Z,090405251212115627313655325562,AUTH_9956a9zn2o,,,ADELEYE ADEYINKA VICTOR,Moniepoint MFB,6785419124,,,,,,,
693bf6c260944e3494ea1b2d,692c2e0bc0076069f22e7a0d,Withdrawal,SUCCESS,2025-12-12T11:04:34.935Z,2025-12-12T11:04:36.790Z,50000,BANK-TRF,2025-12-12T11:04:34.000Z,TRF_9a81nfg0tqzdoyl3,48797cbf-6d97-40cc-b95d-621653c8323c,savings,💰,,,,0924928519,Guaranty Trust Bank,ADESANYA  ADEDOYIN ROSELINE,110006251212110433092736973901,,,
693bf76f60944e3494ea1b8b,691ec63d24cf6022a24d9775,Withdrawal,SUCCESS,2025-12-12T11:07:27.737Z,2025-12-12T11:07:28.500Z,35000000,BANK-TRF,2025-12-12T11:07:27.000Z,TRF_dbsvzmafnxq8lks2,5c25bbff-2755-488a-89cd-5018267d92f7,Grazac,💳,,,,1020331197,Polaris Bank,OLUWATOBI KHADIJAT  DUROSINMI,110006251212110726092737063701,,,
693c1a9a60944e3494ea1d53,691ec63d24cf6022a24d9775,Withdrawal,SUCCESS,2025-12-12T13:37:30.963Z,2025-12-12T13:37:32.574Z,5000000,BANK-TRF,2025-12-12T13:37:30.000Z,TRF_z52keitukjko6znj,e5f888f7-fc28-4b0f-b9d4-af0623fb7db3,Grazac,💳,,,,8100192727,OPay Digital Services Limited (OPay),BLESSING ESTHER IBIDAPO,9999910092742085901,,,
693c2f7560944e3494ea1dc6,691ec63d24cf6022a24d9775,Withdrawal,SUCCESS,2025-12-12T15:06:29.980Z,2025-12-12T15:06:32.265Z,3000000,BANK-TRF,2025-12-12T15:06:29.000Z,TRF_thifddzd8stmh8l9,7c82a9c6-fbe4-4183-9dae-3ec4bfdd4401,Grazac,💳,,,,8060544319,PalmPay,AYOMIDE GIDEON FAKUNLE,110006251212150626092745954501,,,
693c450b60944e3494ea1eef,691ee43124cf6022a24d9d0e,Withdrawal,SUCCESS,2025-12-12T16:38:35.317Z,2025-12-12T16:38:36.100Z,140000,BANK-TRF,2025-12-12T16:38:35.000Z,TRF_7s3e8m9q2ceeihkv,163647c4-ff91-44c7-ad15-623392cfdb0a,home,🏚️,,,,8137537408,OPay Digital Services Limited (OPay),KEMI SOBAYO,9999910092749628301,Pepper,,
693c493560944e3494ea1f86,691ec63d24cf6022a24d9775,Withdrawal,SUCCESS,2025-12-12T16:56:21.233Z,2025-12-12T16:56:23.101Z,5000000,BANK-TRF,2025-12-12T16:56:21.000Z,TRF_afacav2hbhxs0xqe,9df67a25-fc7c-4080-82bb-5d6fca65bf32,BMC,🪐,,,,7055693190,OPay Digital Services Limited (OPay),DIVINE FESTUS,9999910092750215301,A seed,,
693c70c560944e3494ea1fbc,691ec63d24cf6022a24d9775,Withdrawal,SUCCESS,2025-12-12T19:45:09.988Z,2025-12-12T19:45:11.752Z,375000,BANK-TRF,2025-12-12T19:45:09.000Z,TRF_ekmv6cxjcueyw9tr,cfe68109-6e0d-4b4c-ade9-0bd7fe0e767b,beauty,💅,,,,5415053477,Moniepoint MFB,FATGBEMS ABEOKUTA CHICKEN REPUBLIC,505150092756567501,,,
693c7a5960944e3494ea1ff8,691ec63d24cf6022a24d9775,Withdrawal,SUCCESS,2025-12-12T20:26:01.705Z,2025-12-12T20:26:03.680Z,1000000,BANK-TRF,2025-12-12T20:26:01.000Z,TRF_5bb5ygmkjud40iss,75fcd59c-66f1-43b1-9eda-40b9946cf65f,Grazac,💳,,,,9074034275,OPay Digital Services Limited (OPay),ADEBAYO ABOLAJI,9999910092758187801,,,
693c87a160944e3494ea2040,691ec63d24cf6022a24d9775,Withdrawal,SUCCESS,2025-12-12T21:22:41.083Z,2025-12-12T21:23:05.122Z,506500,BANK-TRF,2025-12-12T21:23:04.000Z,TRF_5kb05l9nc7te2uhs,25719e16-249a-452b-a16c-9c10d6911535,GYM,💎,,,,5009565775,VFD Microfinance Bank Limited,Founders Friday Abk,100039251212212240092760738402,,,
693ca3be60944e3494ea2084,691ec63d24cf6022a24d9775,Withdrawal,SUCCESS,2025-12-12T23:22:38.870Z,2025-12-12T23:22:39.642Z,1000000,BANK-TRF,2025-12-12T23:22:38.000Z,TRF_30unlhn8hrdg48zu,9150198d-de65-497b-af38-c49a646549d3,GYM,💎,,,,8146269972,OPay Digital Services Limited (OPay),ANUOLUWAPO ADEGBULUGBE,9999910092765858701,,,
693cee111a4706fdd355f67d,691ee43124cf6022a24d9d0e,Withdrawal,SUCCESS,2025-12-13T04:39:45.618Z,2025-12-13T04:39:46.390Z,600000,BANK-TRF,2025-12-13T04:39:45.000Z,TRF_5zfdgsh9m1wff8lz,b74a500e-bba1-40b5-b49e-e29561cb184e,home,🏚️,,,,7030015743,OPay Digital Services Limited (OPay),THERESA JAMES,9999910092770778601,,,
693d5d711a4706fdd355f7ed,691ee43124cf6022a24d9d0e,Withdrawal,SUCCESS,2025-12-13T12:34:57.235Z,2025-12-13T12:34:57.969Z,510000,BANK-TRF,2025-12-13T12:34:57.000Z,TRF_mvfjkvuhnaivdvi6,9a26d6e7-b9d7-409f-915f-6af6a39688b1,home,🏚️,,,,6102176036,OPay Digital Services Limited (OPay),ADEBARE AUTOMOBILE ENTERPRISE,110006251213123454092786717101,,,
693d631a1a4706fdd355f836,691ee43124cf6022a24d9d0e,Withdrawal,SUCCESS,2025-12-13T12:59:06.697Z,2025-12-13T12:59:07.449Z,1750000,BANK-TRF,2025-12-13T12:59:06.000Z,TRF_3cm8ogk9yk1p8sm8,3f68f7f1-11a4-4784-a959-d4742f13af71,home,🏚️,,,,1483525691,Access Bank,FATIMAT OMOLARA BALOGUN,110006251213125905092787627501,Gas,,
693d779a1a4706fdd355faa5,691ee43124cf6022a24d9d0e,Withdrawal,SUCCESS,2025-12-13T14:26:34.894Z,2025-12-13T14:26:36.946Z,1500000,BANK-TRF,2025-12-13T14:26:34.000Z,TRF_pma4afh4g29tfos5,2c16b85e-fa6f-4b2e-9464-6e47b7c8af70,home,🏚️,,,,8100192727,OPay Digital Services Limited (OPay),BLESSING ESTHER IBIDAPO,9999910092791173301,,,
693d8ce41a4706fdd355fb79,691ec63d24cf6022a24d9775,Withdrawal,SUCCESS,2025-12-13T15:57:24.633Z,2025-12-13T15:57:27.012Z,1460000,BANK-TRF,2025-12-13T15:57:24.000Z,TRF_vpa2pf85tk3fi2xc,23763c07-08a6-4d7d-93a4-d6cf15f7d401,GYM,💎,,,,0247748576,Wema Bank,SEGUN ADEMOLA AGBOOLA,110006251213155721092794854701,,,
693dbaa1b7bb1eb7bf94ed02,68da85dc4f5e4d4b75b562a0,Withdrawal,SUCCESS,2025-12-13T19:12:33.937Z,2025-12-13T19:12:35.772Z,300000,BANK-TRF,2025-12-13T19:12:33.000Z,TRF_92ayeujx877od3f4,d22bc1e3-92d5-4bc8-8987-2878b33f5f3e,FIGMA,🌈,,,,8166726840,Moniepoint MFB,AMINU ABDULLAHI,505150092806503601,,,
693dbaa4b7bb1eb7bf94ed0c,68da85dc4f5e4d4b75b562a0,Deposit,SUCCESS,2025-12-13T19:12:36.683Z,2026-02-26T15:43:31.934Z,6000,In-App-TRF,,ccba0bf4-c959-4a0c-a260-5f5fbc5fbaee,69024126dd889866555e6924,Rainy Day savings,💸,,,,,,,,,,
693ddb99b7bb1eb7bf94eddf,693dd5ebb7bb1eb7bf94edac,Deposit,SUCCESS,2025-12-13T21:33:13.914Z,2025-12-13T21:33:13.914Z,50000,BANK-TRF,2025-12-13T21:33:12.000Z,100004251213213258147555129849,AUTH_oyuzb7v7ld,,,IYANUOLUWA JOHN ADEBAYO,OPay Digital Services Limited (OPay),8101799492,,,,,,,
693dde4bb7bb1eb7bf94edfa,693dd5ebb7bb1eb7bf94edac,Deposit,SUCCESS,2025-12-13T21:44:43.169Z,2025-12-13T21:44:43.169Z,400000,BANK-TRF,2025-12-13T21:44:41.000Z,100004251213214427147555939044,AUTH_aot7sh3i8o,,,TEMITOPE OLUWAPELUMI OGUNJOBI,OPay Digital Services Limited (OPay),7042970327,,,,,,,
693e09fd13c1fed9f37e94ff,68894fdf3fe661ad58144838,Deposit,SUCCESS,2025-12-14T00:51:09.141Z,2026-02-26T15:43:32.035Z,15000,In-App-TRF,,926dc704-99b1-4e27-9151-77a66a6eb3e4,69093cac4584830608f12376,Rainy Day savings,💸,,,,,,,,,,
693e0b1f8352fce2f27e111b,68894fdf3fe661ad58144838,Deposit,SUCCESS,2025-12-14T00:55:59.594Z,2026-02-26T15:43:32.134Z,10000,In-App-TRF,,6c4bf220-b4bb-4bda-b097-336850a26600,69093cac4584830608f12376,Rainy Day savings,💸,,,,,,,,,,
693e0c388352fce2f27e119c,68894fdf3fe661ad58144838,Deposit,SUCCESS,2025-12-14T01:00:40.396Z,2026-02-26T15:43:32.227Z,15000,In-App-TRF,,8a4d43bc-dcd0-4e9b-b6ab-c594c5c24f36,69093cac4584830608f12376,Rainy Day savings,💸,,,,,,,,,,
693e236da92bdf5f6c76cf1b,68894fdf3fe661ad58144838,Deposit,SUCCESS,2025-12-14T02:39:41.724Z,2026-02-26T15:43:32.341Z,5000,In-App-TRF,,87bf7316-acc3-49bf-9d50-61de6f341f6a,69093cac4584830608f12376,Rainy Day savings,💸,,,,,,,,,,
693e6dc5a92bdf5f6c76cf8a,691ee43124cf6022a24d9d0e,Withdrawal,SUCCESS,2025-12-14T07:56:53.974Z,2025-12-14T07:56:55.754Z,100000,BANK-TRF,2025-12-14T07:56:53.000Z,TRF_0oonfh5p72om879y,10bd1ad1-b828-4abe-b32e-6b05483de06d,home,🏚️,,,,8149782340,OPay Digital Services Limited (OPay),DORCAS IYANUOLUWA MABOREJE,9999910092846107801,,,
693eaa49a92bdf5f6c76d3c6,69357dedb402350f2601c8f6,Withdrawal,SUCCESS,2025-12-14T12:15:05.149Z,2025-12-14T12:15:07.150Z,1000000,BANK-TRF,2025-12-14T12:15:04.000Z,TRF_8tu5xo7z6ado0k4v,34f07069-6fe9-4771-a9c7-653dd0116604,food,🥑,,,,8100192727,OPay Digital Services Limited (OPay),BLESSING ESTHER IBIDAPO,9999910092858157301,Trf,,
693ed58fa92bdf5f6c76d4bf,68da85dc4f5e4d4b75b562a0,Withdrawal,SUCCESS,2025-12-14T15:19:43.156Z,2025-12-14T15:19:45.000Z,205000,BANK-TRF,2025-12-14T15:19:43.000Z,TRF_k6hblv69bmy10s49,05e08616-dc74-4af4-8dde-d66a1efa3f49,For,🏋️,,,,8037281205,Moniepoint MFB,OLUFUNMI BEATRICE IBIYEMI,505150092865517301,,,
693ed591a92bdf5f6c76d4c9,68da85dc4f5e4d4b75b562a0,Deposit,SUCCESS,2025-12-14T15:19:45.932Z,2026-02-26T15:43:32.454Z,4100,In-App-TRF,,0fb18922-17a3-4f5e-aa11-bbc5f914d185,69024126dd889866555e6924,Rainy Day savings,💸,,,,,,,,,,
693ee545a92bdf5f6c76d547,6922f332db9c0f9697a4788a,Deposit,SUCCESS,2025-12-14T16:26:45.476Z,2025-12-14T16:26:45.476Z,120000,BANK-TRF,2025-12-14T16:26:44.000Z,090267251214162636588073421762,AUTH_2p1d7yorv8,,,"ERINLE, OLAYINKA OLUWATUNMISE",Kuda Bank,2073421762,,,,,,,
693ee799a92bdf5f6c76d598,691ec63d24cf6022a24d9775,Deposit,SUCCESS,2025-12-14T16:36:41.518Z,2025-12-14T16:36:41.518Z,940000,BANK-TRF,2025-12-14T16:36:40.000Z,090110251214173628892357271856,AUTH_c6d42fuy86,,,Vant,VFD Microfinance Bank Limited,1026459314,,,,,,,
693ef405a92bdf5f6c76d6fc,691ec63d24cf6022a24d9775,Withdrawal,SUCCESS,2025-12-14T17:29:41.918Z,2025-12-14T17:29:44.101Z,2000000,BANK-TRF,2025-12-14T17:29:41.000Z,TRF_g9qe48nudlyyeehi,34525d00-db76-4aca-8030-7592ac278735,fuel,⛽,,,,6107232217,OPay Digital Services Limited (OPay),AJOKE FILLING STATION KEMTA 1,110006251214172939092872560701,,,
693f1038a92bdf5f6c76d88e,691ec63d24cf6022a24d9775,Withdrawal,SUCCESS,2025-12-14T19:30:00.459Z,2025-12-14T19:30:02.274Z,11484000,BANK-TRF,2025-12-14T19:30:00.000Z,TRF_kklpj4ckhm364tc6,f364a9e1-502d-4cb7-9385-8b6ecef736ba,food,🥑,,,,5427040542,Moniepoint MFB,Justrite Kemta Abeokuta,110006251214192958092879839801,,,
693f45d9a92bdf5f6c76d966,691ec63d24cf6022a24d9775,Withdrawal,SUCCESS,2025-12-14T23:18:49.925Z,2025-12-14T23:18:51.801Z,300000,BANK-TRF,2025-12-14T23:18:49.000Z,TRF_xsfh91rln41skq21,ae9ff02c-bdfd-42ff-b4ed-9643b5ec06e2,Fiwajoluwa ,🏋️,,,,9014820027,OPay Digital Services Limited (OPay),VICTOR OLUWATOSIN BALOGUN,9999910092893525001,,,
693fce95e7b7694640ac1913,693ea7f3a92bdf5f6c76d391,Withdrawal,SUCCESS,2025-12-15T09:02:13.332Z,2025-12-15T09:02:15.133Z,435000,BANK-TRF,2025-12-15T09:02:13.000Z,TRF_jnn8wyuea66hmorw,3e9119fe-77b0-4feb-b917-c26012228eaa,food,🥑,,,,5596513078,Moniepoint MFB,BAMGBOYE TEMITOPE CECELEAH,110006251215090209092910792501,,,
693fcf77e7b7694640ac1922,691d96aa142342a5c3cf0c8e,Deposit,SUCCESS,2025-12-15T09:05:59.342Z,2025-12-15T09:05:59.342Z,9900000,BANK-TRF,2025-12-15T09:05:57.000Z,090110251215100522999728147688,AUTH_7pjj5lwqst,,,Vant,VFD Microfinance Bank Limited,1026459314,,,,,,,
693fea82e7b7694640ac19c5,693ea7f3a92bdf5f6c76d391,Withdrawal,SUCCESS,2025-12-15T11:01:22.173Z,2025-12-15T11:01:22.938Z,70000,BANK-TRF,2025-12-15T11:01:22.000Z,TRF_swfv7zxg1rk21w3q,91eb4a2e-fec8-4935-8ad9-50da9f4c3269,groceries,🛒,,,,9068110229,OPay Digital Services Limited (OPay),OLUBUKOLA SHOLA YUSUF,9999910092916441301,,,
693ff180e7b7694640ac1a1a,693ea7f3a92bdf5f6c76d391,Withdrawal,SUCCESS,2025-12-15T11:31:12.986Z,2025-12-15T11:31:14.749Z,50000,BANK-TRF,2025-12-15T11:31:12.000Z,TRF_7ds45ebtrd9zr470,2b663723-4f49-4fb0-aa4b-58f0c5d054d8,food,🥑,,,,9077417785,OPay Digital Services Limited (OPay),CHINECHEREM AMAZINGRACE ISHIGUZO,9999910092917798101,,,
693ff24ee7b7694640ac1a4d,693ea7f3a92bdf5f6c76d391,Withdrawal,SUCCESS,2025-12-15T11:34:38.707Z,2025-12-15T11:34:39.481Z,50000,BANK-TRF,2025-12-15T11:34:38.000Z,TRF_u4x8ojra6reu9zfk,a8d1b272-b3ff-43e9-b77d-8a628a939493,groceries,🛒,,,,9077417785,OPay Digital Services Limited (OPay),CHINECHEREM AMAZINGRACE ISHIGUZO,9999910092917940801,,,
69400260e7b7694640ac1aa2,693ea7f3a92bdf5f6c76d391,Withdrawal,SUCCESS,2025-12-15T12:43:12.499Z,2025-12-15T12:43:13.250Z,20000,BANK-TRF,2025-12-15T12:43:12.000Z,TRF_vipv83gbyw4byjut,db668eac-b6c6-4b3e-9134-1b2301900040,groceries,🛒,,,,9165877528,OPay Digital Services Limited (OPay),THANKGOD SIMON,9999910092921207401,,,
694005aae7b7694640ac1aec,693ea7f3a92bdf5f6c76d391,Withdrawal,SUCCESS,2025-12-15T12:57:14.840Z,2025-12-15T12:57:16.587Z,100000,BANK-TRF,2025-12-15T12:57:14.000Z,TRF_y1puiaznfiv354wc,688cb15f-9fb3-4eff-b96b-3b060d366615,groceries,🛒,,,,9077417785,OPay Digital Services Limited (OPay),CHINECHEREM AMAZINGRACE ISHIGUZO,9999910092921843101,,,
69401566e7b7694640ac1b48,691d96aa142342a5c3cf0c8e,Withdrawal,SUCCESS,2025-12-15T14:04:22.624Z,2025-12-15T14:04:25.035Z,3000000,BANK-TRF,2025-12-15T14:04:22.000Z,TRF_zd4cdfire60vi6e3,8331a62d-15db-4fda-ae86-48987876d12f,loan,📉,,,,7052597527,OPay Digital Services Limited (OPay),JOEL TIMILEYIN ADEBAYO,9999910092924691001,Trf,,
69401713e7b7694640ac1bbb,693ea7f3a92bdf5f6c76d391,Withdrawal,SUCCESS,2025-12-15T14:11:31.461Z,2025-12-15T14:11:32.216Z,100000,BANK-TRF,2025-12-15T14:11:31.000Z,TRF_z81rs63bocziq6tg,6e6107d1-825f-4807-a9a8-ca17c11af2e4,entertainment,🎮,,,,9077417785,OPay Digital Services Limited (OPay),CHINECHEREM AMAZINGRACE ISHIGUZO,9999910092925006701,,,
69402312e7b7694640ac1bf8,691ee43124cf6022a24d9d0e,Withdrawal,SUCCESS,2025-12-15T15:02:42.011Z,2025-12-15T15:02:43.721Z,300000,BANK-TRF,2025-12-15T15:02:41.000Z,TRF_onbwqtyw7bu60bqr,053482b9-613a-4359-b13d-29b00dc58fa1,home,🏚️,,,,7060658655,OPay Digital Services Limited (OPay),ABIGEAL TEMITAYO DADA,9999910092927017101,Egg,,
6940760ce7b7694640ac1d97,693ea7f3a92bdf5f6c76d391,Withdrawal,SUCCESS,2025-12-15T20:56:44.608Z,2025-12-15T20:56:46.381Z,53000,BANK-TRF,2025-12-15T20:56:44.000Z,TRF_4p6z3k885l18uaj1,27113016-61e7-476b-b22e-ece6ee132fa9,beauty,💅,,,,5596513078,Moniepoint MFB,BAMGBOYE TEMITOPE CECELEAH,110006251215205642092939848101,,,
694128a273448184c436fa9b,693ea7f3a92bdf5f6c76d391,Withdrawal,SUCCESS,2025-12-16T09:38:42.296Z,2025-12-16T09:38:44.375Z,50000,BANK-TRF,2025-12-16T09:38:42.000Z,TRF_rwen1n3w62meddhn,50d4f4f2-7a70-4ba8-929a-0525564f330a,entertainment,🎮,,,,9077417785,OPay Digital Services Limited (OPay),CHINECHEREM AMAZINGRACE ISHIGUZO,9999910092960273101,,,
694128df73448184c436faf2,693ea7f3a92bdf5f6c76d391,Withdrawal,SUCCESS,2025-12-16T09:39:43.502Z,2025-12-16T09:39:45.333Z,10000,BANK-TRF,2025-12-16T09:39:43.000Z,TRF_ke7et21ciq3uovzp,1500ebe3-5263-4e0c-ba9e-cb89b5562c30,groceries,🛒,,,,9077417785,OPay Digital Services Limited (OPay),CHINECHEREM AMAZINGRACE ISHIGUZO,9999910092960305401,,,
6941294b73448184c436fb03,69347069c1fd4d52da87b63d,Deposit,SUCCESS,2025-12-16T09:41:31.753Z,2025-12-16T09:41:31.753Z,1000000,BANK-TRF,2025-12-16T09:41:30.000Z,100004251216094120147721376643,AUTH_kt1kuwvs1n,,,GABRIEL OLAOLUWA EGBEDINA,OPay Digital Services Limited (OPay),8148218646,,,,,,,
694159ab73448184c436fc51,692b0b72c0076069f22e6bc8,Withdrawal,SUCCESS,2025-12-16T13:07:55.141Z,2025-12-16T13:07:57.003Z,10000,BANK-TRF,2025-12-16T13:07:55.000Z,TRF_gd9auwi765bndrbz,c21c5e99-563e-4390-93a2-6772635a44ad,software,💻,,,,9328031561,Wema Bank,CRE8NGDIGITAL/KEHINDE NOFIU,110006251216130753092967322001,,,
694159bc73448184c436fc64,692b0b72c0076069f22e6bc8,Deposit,SUCCESS,2025-12-16T13:08:12.928Z,2025-12-16T13:08:12.928Z,10000,BANK-TRF,2025-12-16T13:08:11.000Z,110006251216130753092967322001,AUTH_otsllqjolm,,,Paystack,,1017692813,,,,,,,
6941600f73448184c436fd63,693e789aa92bdf5f6c76cf97,Deposit,SUCCESS,2025-12-16T13:35:11.077Z,2025-12-16T13:35:11.077Z,10000000,BANK-TRF,2025-12-16T13:35:09.000Z,000027251216143442038821795492,AUTH_fxzyxvsk1i,,,FAITH OLUWAPONMILE ADEYOMBO,Globus Bank,1000442793,,,,,,,
694163c273448184c436fdfb,693e789aa92bdf5f6c76cf97,Deposit,SUCCESS,2025-12-16T13:50:58.165Z,2025-12-16T13:50:58.165Z,5000000,BANK-TRF,2025-12-16T13:50:56.000Z,000017251216145045297961529271,AUTH_biccck5rf2,,,FAITH OLUWAPONMILE ADEYOMBO,ALAT by WEMA,ALAT TRANSFER TO CRE8NGDIGITAL,,,,,,,
6941653f73448184c436fe24,693e789aa92bdf5f6c76cf97,Deposit,SUCCESS,2025-12-16T13:57:19.664Z,2025-12-16T13:57:19.664Z,3500000,BANK-TRF,2025-12-16T13:57:18.000Z,000017251216145612126841529665,AUTH_q1pf4fs3zb,,,FAITH OLUWAPONMILE ADEYOMBO,ALAT by WEMA,ALAT TRANSFER TO CRE8NGDIGITAL,,,,,,,
69417d6a73448184c436ff39,693dbac6b7bb1eb7bf94ed2c,Withdrawal,SUCCESS,2025-12-16T15:40:26.853Z,2025-12-16T15:40:28.739Z,1000000,BANK-TRF,2025-12-16T15:40:26.000Z,TRF_7fpmp5vr3149i514,7daf62ac-2b3f-43cb-859b-ce1bc48dc756,food,🥑,,,,9124324818,PalmPay,FEMI GABRIEL FASHOLA,110006251216154023092972990101,,,
6941963e73448184c43700f3,693ea7f3a92bdf5f6c76d391,Withdrawal,SUCCESS,2025-12-16T17:26:22.223Z,2025-12-16T17:26:24.072Z,40000,BANK-TRF,2025-12-16T17:26:22.000Z,TRF_s926ovp531wbcfc3,3feee42b-4a39-4175-b16e-df60301d1e5e,clothing,👕,,,,9077417785,OPay Digital Services Limited (OPay),CHINECHEREM AMAZINGRACE ISHIGUZO,9999910092976755301,,,
6941966b73448184c4370129,693ea7f3a92bdf5f6c76d391,Withdrawal,SUCCESS,2025-12-16T17:27:07.679Z,2025-12-16T17:27:09.524Z,15000,BANK-TRF,2025-12-16T17:27:07.000Z,TRF_cj9hwwdhi4s2cd99,42a67e25-ee31-483c-992e-3f01e37151e8,food,🥑,,,,9077417785,OPay Digital Services Limited (OPay),CHINECHEREM AMAZINGRACE ISHIGUZO,9999910092976780401,,,
6941a36f73448184c437024d,692c32927498d6967250a6c5,Withdrawal,SUCCESS,2025-12-16T18:22:39.263Z,2025-12-16T18:22:41.192Z,50000,BANK-TRF,2025-12-16T18:22:39.000Z,TRF_ovrag1ja5vqznl9x,27e4608e-f1a4-4dae-a306-ceb66b80d813,bankFees,🏦,,,,7053480038,OPay Digital Services Limited (OPay),AISHAT BISOYE ADEBESIN,9999910092978684101,Hhg,,
694261645cf9d1e5e7870a3d,691ec63d24cf6022a24d9775,Deposit,SUCCESS,2025-12-17T07:53:08.628Z,2025-12-17T07:53:08.628Z,480000,BANK-TRF,2025-12-17T07:53:07.000Z,000013251217085246000620745000,AUTH_jigrxsw5ll,,,OYEWUSI PAMILERINAYO MARIAM,Guaranty Trust Bank,0211545937,,,,,,,
694265235cf9d1e5e7870b30,691ec63d24cf6022a24d9775,Deposit,SUCCESS,2025-12-17T08:09:07.886Z,2025-12-17T08:09:07.886Z,480000,BANK-TRF,2025-12-17T08:09:06.000Z,000004251217090849770631730044,AUTH_n7vn79ac7h,,,MARY TIMILEHIN OLASENI,United Bank For Africa,2288256562,,,,,,,
694265465cf9d1e5e7870b37,691ec63d24cf6022a24d9775,Deposit,SUCCESS,2025-12-17T08:09:42.349Z,2025-12-17T08:09:42.349Z,959000,BANK-TRF,2025-12-17T08:09:40.000Z,100004251217080913147793580450,AUTH_jcshc23q0a,,,IGNATIUS ABIODUN ADIGUN,OPay Digital Services Limited (OPay),8143995337,,,,,,,
6942675b5cf9d1e5e7870b47,691ec63d24cf6022a24d9775,Withdrawal,SUCCESS,2025-12-17T08:18:35.919Z,2025-12-17T08:18:36.698Z,1917000,BANK-TRF,2025-12-17T08:18:35.000Z,TRF_8enx1gopybcceh97,4d358fc2-be68-46f3-8f3c-d11932987f1f,ATB_Train,🚄,,,,9997258000,Paystack-Titan,PAYSTACK CHECKOUT,110006251217081833093004869701,,,
69426b505cf9d1e5e7870b87,691ec63d24cf6022a24d9775,Withdrawal,SUCCESS,2025-12-17T08:35:28.351Z,2025-12-17T08:35:30.042Z,479200,BANK-TRF,2025-12-17T08:35:28.000Z,TRF_z9uildr7t3q4g8z6,2766d136-8d2b-4351-a911-fa0f10db06fc,ATB_Train,🚄,,,,9933791901,Paystack-Titan,PAYSTACK CHECKOUT,110006251217083526093005483001,,,
694296089d5002e70bf4451c,69330f4c429d8b20969ecf34,Withdrawal,SUCCESS,2025-12-17T11:37:44.774Z,2025-12-17T11:37:46.715Z,200000,BANK-TRF,2025-12-17T11:37:44.000Z,TRF_7l92u2h6guk019ew,2028b53c-c516-4926-be3f-f311a61b9d78,home,🏚️,,,,8138587781,OPay Digital Services Limited (OPay),ESTHER TOMILOLA TAYLOR,9999910093012368401,,,
694298289d5002e70bf4459a,69330f4c429d8b20969ecf34,Withdrawal,SUCCESS,2025-12-17T11:46:48.184Z,2025-12-17T11:46:50.066Z,1800000,BANK-TRF,2025-12-17T11:46:48.000Z,TRF_fl81wox7hxobbc68,7be85e6b-b881-4ed2-ba2c-12723a5b1167,clothing,👕,,,,8138587781,OPay Digital Services Limited (OPay),ESTHER TOMILOLA TAYLOR,9999910093012683201,,,
694298679d5002e70bf445a9,693dbac6b7bb1eb7bf94ed2c,Deposit,PENDING,2025-12-17T11:47:51.679Z,2025-12-17T11:47:51.679Z,,,,,,,,,,,,,,,,,
6942b2f630f787f3ecc09a65,6922f332db9c0f9697a4788a,Deposit,SUCCESS,2025-12-17T13:41:10.546Z,2025-12-17T13:41:10.546Z,182000,BANK-TRF,2025-12-17T13:41:09.000Z,090267251217134036038073421762,AUTH_5mzwm4i87x,,,"ERINLE, OLAYINKA OLUWATUNMISE",Kuda Bank,2073421762,,,,,,,
6942b6c730f787f3ecc09ae9,691ee43124cf6022a24d9d0e,Withdrawal,SUCCESS,2025-12-17T13:57:27.146Z,2025-12-17T13:57:28.993Z,200000,BANK-TRF,2025-12-17T13:57:27.000Z,TRF_5eagiyqfdrzotlnw,0e84a3fd-d19f-4930-ad98-1eb4f749fa8d,home,🏚️,,,,6893991019,First City Monument Bank,QUOTIDIAN-V FOODS,110006251217135724093017209501,,,
6942be8a30f787f3ecc09b96,691ec63d24cf6022a24d9775,Withdrawal,SUCCESS,2025-12-17T14:30:34.350Z,2025-12-17T15:30:38.791Z,500000,BANK-TRF,2025-12-17T15:30:37.000Z,TRF_3c6m8ex7lzxmlgcr,53276250-c251-4733-89d6-c48b4153efbc,Mobile Dev,🎻,,,,0125547744,Guaranty Trust Bank,KENTADEBAYO TAIWO OLAWUMI,110006251217143034093018261802,,,
6942c52130f787f3ecc09c25,6922f332db9c0f9697a4788a,Deposit,SUCCESS,2025-12-17T14:58:41.073Z,2025-12-17T14:58:41.073Z,400000,BANK-TRF,2025-12-17T14:58:39.000Z,090110251217155821813850688375,AUTH_xyg81qr9xi,,,PocketApp-MARIAM ANUOLUWAPO AKINRINADE,VFD Microfinance Bank Limited,1014868119,,,,,,,
6942ff2c30f787f3ecc09d30,691ec63d24cf6022a24d9775,Withdrawal,SUCCESS,2025-12-17T19:06:20.053Z,2025-12-17T19:06:20.821Z,400000,BANK-TRF,2025-12-17T19:06:19.000Z,TRF_tb5kfexuru5g8fwx,307f240f-0565-4a9c-aa95-0224d7f3a175,Mobile Dev,🎻,,,,8166726840,Moniepoint MFB,AMINU ABDULLAHI,505150093027090401,,,
6943b213e03fcbba096d3b64,691ec63d24cf6022a24d9775,Withdrawal,SUCCESS,2025-12-18T07:49:39.604Z,2025-12-18T07:49:41.275Z,1278000,BANK-TRF,2025-12-18T07:49:39.000Z,TRF_s41yhuc2zlysgrg1,8795ffc5-59cb-41ba-b961-3ba50c738772,ATB_Train,🚄,,,,9933570825,Paystack-Titan,PAYSTACK CHECKOUT,110006251218074936093045038401,,,
69451a46684734729a79e501,693dbac6b7bb1eb7bf94ed2c,Deposit,PENDING,2025-12-19T09:26:30.979Z,2025-12-19T09:26:30.979Z,,,,,,,,,,,,,,,,,
69451e79684734729a79e506,693dbac6b7bb1eb7bf94ed2c,Deposit,PENDING,2025-12-19T09:44:25.070Z,2025-12-19T09:44:25.070Z,,,,,,,,,,,,,,,,,
69452cc9684734729a79e56c,693e789aa92bdf5f6c76cf97,Withdrawal,SUCCESS,2025-12-19T10:45:29.485Z,2025-12-19T10:45:30.262Z,300000,BANK-TRF,2025-12-19T10:45:29.000Z,TRF_0iyricgqtdxzx00c,ba8cd708-aaa9-49c8-951a-9da0c7097b5c,food,🥑,,,,8116484903,OPay Digital Services Limited (OPay),FAITH OLUWAPONMILE ADEYOMBO,9999910093087870801,Aunty Jaiye's food. ,,
694544b8684734729a79e5a9,693dbac6b7bb1eb7bf94ed2c,Deposit,SUCCESS,2025-12-19T12:27:36.096Z,2025-12-19T12:27:36.096Z,100000,BANK-TRF,2025-12-19T12:27:34.000Z,100033251219122656751958857472,AUTH_wh612rzy8q,,,FEMI GABRIEL FASHOLA,PalmPay,9124324818,,,,,,,
694587d0684734729a79e72a,693dd5ebb7bb1eb7bf94edac,Withdrawal,SUCCESS,2025-12-19T17:13:52.734Z,2025-12-19T17:13:54.717Z,450000,BANK-TRF,2025-12-19T17:13:52.000Z,TRF_a0maso2ktlrb6ylt,9dcb565e-4e73-4422-9cc4-3251974981f1,travel,✈️,,,,7042970327,OPay Digital Services Limited (OPay),TEMITOPE OLUWAPELUMI OGUNJOBI,9999910093104471001,,,
69463ea696ab380d8c1bc008,691ec63d24cf6022a24d9775,Withdrawal,SUCCESS,2025-12-20T06:13:58.736Z,2025-12-20T06:14:00.423Z,770000,BANK-TRF,2025-12-20T06:13:58.000Z,TRF_91bg9b8nqjwo775r,990a484c-300c-47d0-86a5-aaa747c8f7ca,ATB_Train,🚄,,,,8067016023,OPay Digital Services Limited (OPay),PROMISE  JOE,9999910093120349001,,,
6946564496ab380d8c1bc0c8,692f31322dfc48a061640ed7,Withdrawal,SUCCESS,2025-12-20T07:54:44.467Z,2025-12-20T07:54:46.299Z,200000,BANK-TRF,2025-12-20T07:54:44.000Z,TRF_kkmdb1ic500m4dmb,6a541ec3-ec7c-4d88-b5d7-e5f45b3e2e6d,beauty,💅,,,,9055485433,OPay Digital Services Limited (OPay),PATRICK NFONOBONG SAMUEL,9999910093122780001,,,
694686e296ab380d8c1bc179,691ec63d24cf6022a24d9775,Withdrawal,SUCCESS,2025-12-20T11:22:10.353Z,2025-12-20T11:22:11.136Z,600000,BANK-TRF,2025-12-20T11:22:10.000Z,TRF_d9u6j361wwwj99es,e9261969-c782-42b2-97b6-1c27162f38b6,Mobile Dev,🎻,,,,1227960762,Zenith Bank,THEBUNKER SERV. NIG. LTD- ABEOKUTA,110006251220112208093128585201,Cafe,,
6946b1de96ab380d8c1bc347,691ec63d24cf6022a24d9775,Withdrawal,SUCCESS,2025-12-20T14:25:34.532Z,2025-12-20T14:25:36.409Z,200000,BANK-TRF,2025-12-20T14:25:34.000Z,TRF_u9kp86f0wr8l8hxv,d702d228-8a8a-489f-a262-d43bf23f93ab,beauty,💅,,,,7039456335,OPay Digital Services Limited (OPay),LATIFAT ANIKE ADEYANJU,9999910093133878801,,,
6946edc596ab380d8c1bc41b,691d96aa142342a5c3cf0c8e,Withdrawal,SUCCESS,2025-12-20T18:41:09.271Z,2025-12-20T18:41:11.128Z,1500000,BANK-TRF,2025-12-20T18:41:09.000Z,TRF_jnh97g9lyyy9vkl5,df9518eb-e0fb-4bc5-8e12-e556203f7bf6,food,🥑,,,,7052597527,OPay Digital Services Limited (OPay),JOEL TIMILEYIN ADEBAYO,9999910093142997401,Trf,,
6947da815dad1006b656f374,691ec63d24cf6022a24d9775,Deposit,SUCCESS,2025-12-21T11:31:13.748Z,2025-12-21T11:31:13.748Z,1323700,BANK-TRF,2025-12-21T11:31:12.000Z,000013251221123057000631697790,AUTH_9inmxhfb9q,,,OKOH  EMMANUEL OLUWATOSIN,Guaranty Trust Bank,0142764131,,,,,,,
6947dc005dad1006b656f3ee,691ec63d24cf6022a24d9775,Withdrawal,SUCCESS,2025-12-21T11:37:36.163Z,2025-12-21T11:37:38.040Z,1000000,BANK-TRF,2025-12-21T11:37:36.000Z,TRF_e010876cgagr9lul,fb8c21cd-f72d-4c62-a1c3-c18f474244b8,beauty,💅,,,,5173165676,Moniepoint MFB,EMMANUEL OLAOLUWA OLUBUNMI,505150093171108401,Cloth,,
6947e3655dad1006b656f486,691ec63d24cf6022a24d9775,Withdrawal,SUCCESS,2025-12-21T12:09:09.014Z,2025-12-21T12:09:09.014Z,524200,In-App-TRF,,fe0dca34-7535-467a-8424-4bcd94490b2f,69303185498828a2484c46ac,Rainy Day savings,💸,,,,,,,,,,
6947e4a15dad1006b656f51c,691ec63d24cf6022a24d9775,Withdrawal,SUCCESS,2025-12-21T12:14:25.087Z,2025-12-21T12:14:26.870Z,2000000,BANK-TRF,2025-12-21T12:14:24.000Z,TRF_powqg9nar22d6dal,1fa80217-3cf2-4365-8c74-d18fcc5790df,loan,📉,,,,7060875575,OPay Digital Services Limited (OPay),SAMUEL AKINADE OLALERE,9999910093172293301,,,
6947fc215dad1006b656f733,691ec63d24cf6022a24d9775,Withdrawal,SUCCESS,2025-12-21T13:54:41.733Z,2025-12-21T13:54:43.513Z,2000000,BANK-TRF,2025-12-21T13:54:41.000Z,TRF_aub6jgj3obbk6ji2,432dcd5e-88ba-47d2-99fc-156371756e23,Farm,🍀,,,,5673231613,Moniepoint MFB,DATAAD PETROCHEMICALS LIMITED - DATAAD PETROCHEMICAL COY2,505150093175707001,,,
6948027a5dad1006b656f761,691ec63d24cf6022a24d9775,Withdrawal,SUCCESS,2025-12-21T14:21:46.235Z,2025-12-21T14:21:47.931Z,536000,BANK-TRF,2025-12-21T14:21:46.000Z,TRF_xxcm3a81oowtzb23,d318b295-e616-4a28-b005-cc15c1850a03,Farm,🍀,,,,5427040542,Moniepoint MFB,Justrite Kemta Abeokuta,505150093176688601,,,
694819325dad1006b656f8ad,691ec63d24cf6022a24d9775,Deposit,SUCCESS,2025-12-21T15:58:42.064Z,2025-12-21T15:58:42.064Z,370000,BANK-TRF,2025-12-21T15:58:40.000Z,100004251221155827148149464255,AUTH_7yx3s22r19,,,IGNATIUS ABIODUN ADIGUN,OPay Digital Services Limited (OPay),8143995337,,,,,,,
694837ce5dad1006b656f92d,6947e3055dad1006b656f45c,Deposit,SUCCESS,2025-12-21T18:09:18.525Z,2025-12-21T18:09:18.525Z,290000,BANK-TRF,2025-12-21T18:09:17.000Z,100033251221180901520527256613,AUTH_kyl5i93eds,,,OLAMIDE SEUN OLUWAFEMI,PalmPay,9091244078,,,,,,,
694857685dad1006b656fa13,6947e3055dad1006b656f45c,Deposit,SUCCESS,2025-12-21T20:24:08.824Z,2025-12-21T20:24:08.824Z,40000,BANK-TRF,2025-12-21T20:24:07.000Z,100033251221202342622920006718,AUTH_7s0ygjmoet,,,OLAMIDE SEUN OLUWAFEMI,PalmPay,9091244078,,,,,,,
694882d6c627350509beb80e,68894fdf3fe661ad58144838,Withdrawal,PENDING,2025-12-21T23:29:26.208Z,2025-12-21T23:29:26.208Z,,BANK-TRF,,TRF_w3q51uhqr9jkqx1w,68d6d0d48c06608a71d8f1d5,,,,,,,,,,,,
6948860bc39609d9862b068c,68894fdf3fe661ad58144838,Withdrawal,SUCCESS,2025-12-21T23:43:07.810Z,2025-12-21T23:43:08.730Z,10000,BANK-TRF,2025-12-21T23:43:07.000Z,TRF_iuu7eibl3zogse5u,361d633e-bff3-401c-94f9-3097405f1a0c,food,🥑,,,,8101799492,OPay Digital Services Limited (OPay),IYANUOLUWA JOHN ADEBAYO,9999910093212382901,,,
6948860d5dad1006b656faa6,68894fdf3fe661ad58144838,Deposit,SUCCESS,2025-12-21T23:43:09.644Z,2026-02-26T15:43:32.549Z,5000,In-App-TRF,,05cf025a-65d0-4f09-8c3b-788cb718058f,69093cac4584830608f12376,Rainy Day savings,💸,,,,,,,,,,
6948881fc39609d9862b06c0,68894fdf3fe661ad58144838,Withdrawal,SUCCESS,2025-12-21T23:51:59.840Z,2025-12-21T23:52:00.987Z,10000,BANK-TRF,2025-12-21T23:52:00.000Z,TRF_1pxxls05wscv6q9v,3d74cf70-5655-4ae2-940f-9e30bcd4d6b3,food,🥑,,,,8101799492,OPay Digital Services Limited (OPay),IYANUOLUWA JOHN ADEBAYO,9999910093212683101,,,
694888215dad1006b656fab4,68894fdf3fe661ad58144838,Deposit,SUCCESS,2025-12-21T23:52:01.897Z,2026-02-26T15:43:32.652Z,5000,In-App-TRF,,0a3f8f30-f25e-4810-a774-b4ce0817443f,69093cac4584830608f12376,Rainy Day savings,💸,,,,,,,,,,
69489690d1a7b7a266396d59,68894fdf3fe661ad58144838,Withdrawal,SUCCESS,2025-12-22T00:53:36.071Z,2025-12-22T00:53:37.243Z,10000,BANK-TRF,2025-12-22T00:53:36.000Z,TRF_iv1qsr0pdfk2efyp,4ecaf4a5-f77e-4979-8b45-d30b4ed49207,clothing,👕,,,,8101799492,OPay Digital Services Limited (OPay),IYANUOLUWA JOHN ADEBAYO,9999910093214338301,,,
694896925dad1006b656fac2,68894fdf3fe661ad58144838,Deposit,SUCCESS,2025-12-22T00:53:38.152Z,2026-02-26T15:43:32.748Z,5000,In-App-TRF,,5fbd6696-e04e-4760-830a-9fd40806a238,69093cac4584830608f12376,Rainy Day savings,💸,,,,,,,,,,
694898af82aa8983b929e9fe,68894fdf3fe661ad58144838,Withdrawal,SUCCESS,2025-12-22T01:02:39.167Z,2025-12-22T01:02:40.349Z,10000,BANK-TRF,2025-12-22T01:02:39.000Z,TRF_0yuhxyzfoj4q7jv3,0d23a3f0-3b97-4ffe-aab3-a22303d6749d,clothing,👕,,,,8101799492,OPay Digital Services Limited (OPay),IYANUOLUWA JOHN ADEBAYO,9999910093214518701,,,
694898b15dad1006b656fad0,68894fdf3fe661ad58144838,Deposit,SUCCESS,2025-12-22T01:02:41.256Z,2026-02-26T15:43:32.852Z,5000,In-App-TRF,,91403101-50d5-49d3-85cb-9352ac49a294,69093cac4584830608f12376,Rainy Day savings,💸,,,,,,,,,,
6948990ea716a8ef2df2e6e6,68894fdf3fe661ad58144838,Withdrawal,FAILED,2025-12-22T01:04:14.574Z,2025-12-22T01:04:15.770Z,10000,BANK-TRF,2025-12-22T01:04:14.000Z,TRF_uopr2f9qarzkvwsl,c3141161-2c15-498f-8476-0f09607da350,clothing,👕,,,,8101799492,OPay Digital Services Limited (OPay),IYANUOLUWA JOHN ADEBAYO,9999910093214549501,,,
694899105dad1006b656fade,68894fdf3fe661ad58144838,Deposit,SUCCESS,2025-12-22T01:04:16.680Z,2026-02-26T15:43:32.956Z,5000,In-App-TRF,,e51a0a7d-8368-477a-9ea4-847044cebb01,69093cac4584830608f12376,Rainy Day savings,💸,,,,,,,,,,
694925c7b840d96affcd1560,693e789aa92bdf5f6c76cf97,Withdrawal,SUCCESS,2025-12-22T11:04:39.408Z,2025-12-22T11:04:40.173Z,200000,BANK-TRF,2025-12-22T11:04:39.000Z,TRF_xpaelpl4llhdtpyi,00e6fdd7-c789-4b0a-9456-1618c8503df1,gift,🎁,,,,6688917175,PalmPay,CheckNINBVN-fai(Paymentpoint),110006251222110436093235721701,Check bvn wallet,,
694929deb840d96affcd15d7,691d96aa142342a5c3cf0c8e,Withdrawal,SUCCESS,2025-12-22T11:22:06.167Z,2025-12-22T11:22:07.835Z,400000,BANK-TRF,2025-12-22T11:22:06.000Z,TRF_tt02rlp3h81u5gye,6d52cf4b-1be4-43e1-bc52-03ff297f6d30,electricity,💡,,,,7052597527,OPay Digital Services Limited (OPay),JOEL TIMILEYIN ADEBAYO,9999910093236666901,Trf,,
69494949b840d96affcd164b,693e789aa92bdf5f6c76cf97,Withdrawal,SUCCESS,2025-12-22T13:36:09.999Z,2025-12-22T13:36:11.923Z,5700000,BANK-TRF,2025-12-22T13:36:09.000Z,TRF_diw0m7zs9m40q9sh,1ce73bf1-e7d9-496c-a102-90a722e900ba,food,🥑,,,,2006105789,Globus Bank,FAITH OLUWAPONMILE ADEYOMBO,110006251222133608093243138201,Qwe,,
694949a7b840d96affcd1685,693e789aa92bdf5f6c76cf97,Withdrawal,SUCCESS,2025-12-22T13:37:43.132Z,2025-12-22T13:37:45.014Z,4000000,BANK-TRF,2025-12-22T13:37:43.000Z,TRF_4c4yqui61ujl8chk,6c0bd9c8-8b3e-4804-a4c4-ab1a73b10b4d,transportation,🚌,,,,2006105789,Globus Bank,FAITH OLUWAPONMILE ADEYOMBO,110006251222133741093243208801,Qwe,,
694949f4b840d96affcd16ee,693e789aa92bdf5f6c76cf97,Withdrawal,SUCCESS,2025-12-22T13:39:00.235Z,2025-12-22T13:39:02.405Z,3500000,BANK-TRF,2025-12-22T13:39:00.000Z,TRF_a9hb6tf12q2uj9tf,e8d1aef7-2da1-47bc-9153-8a992b86fff6,internet,🌐,,,,2006105789,Globus Bank,FAITH OLUWAPONMILE ADEYOMBO,110006251222133858093243264701,Qwe,,
69494a37b840d96affcd172c,693e789aa92bdf5f6c76cf97,Withdrawal,SUCCESS,2025-12-22T13:40:07.982Z,2025-12-22T13:40:09.918Z,4800000,BANK-TRF,2025-12-22T13:40:07.000Z,TRF_wa8oec93uukoebel,821f2803-2265-449b-8ca2-c9d41e8d6d14,gift,🎁,,,,2006105789,Globus Bank,FAITH OLUWAPONMILE ADEYOMBO,110006251222134006093243317601,,,
6949bb29b840d96affcd1861,693ae3bf3785c2e1571503ef,Deposit,SUCCESS,2025-12-22T21:42:01.053Z,2025-12-22T21:42:01.053Z,6200000,BANK-TRF,2025-12-22T21:41:59.000Z,000003251222223855004563843657,AUTH_fwx61gf0v4,,,QUOTIDIANV FOODS,First City Monument Bank,6893991019,,,,,,,
6949bfdbb840d96affcd1874,691ec63d24cf6022a24d9775,Deposit,SUCCESS,2025-12-22T22:02:03.011Z,2025-12-22T22:02:03.011Z,2050000,BANK-TRF,2025-12-22T22:02:01.000Z,100004251222215910148258194277,AUTH_z8kcv4vpob,,,SAMUEL AKINADE OLALERE,OPay Digital Services Limited (OPay),7060875575,,,,,,,
694a7520560cab0fce0788ad,6922f332db9c0f9697a4788a,Withdrawal,SUCCESS,2025-12-23T10:55:28.120Z,2025-12-23T10:55:30.075Z,200000,BANK-TRF,2025-12-23T10:55:27.000Z,TRF_mg96he7lx7kapy1q,1d06f583-e5ad-4f2d-ad9b-156450b2074e,clothing,👕,,,,9127670704,OPay Digital Services Limited (OPay),OLUWATUNMISE OLAYINKA ERINLE,9999910093290275201,Tolu's cloth,,
694a9bc7560cab0fce078947,691d96aa142342a5c3cf0c8e,Withdrawal,SUCCESS,2025-12-23T13:40:23.274Z,2025-12-23T13:40:24.885Z,1000000,BANK-TRF,2025-12-23T13:40:23.000Z,TRF_fwow6hw4bl1kti98,72cb4abe-0e12-4193-878a-abe23f7cf766,electricity,💡,,,,7052597527,OPay Digital Services Limited (OPay),JOEL TIMILEYIN ADEBAYO,9999910093297147601,Trf,,
694ad877560cab0fce078ab2,691ec63d24cf6022a24d9775,Withdrawal,SUCCESS,2025-12-23T17:59:19.527Z,2025-12-23T17:59:21.334Z,2500000,BANK-TRF,2025-12-23T17:59:19.000Z,TRF_63sytkq1f2r2yh0q,86c545af-38b5-4860-8ce2-bd1a721c30a0,Fiwajoluwa ,🏋️,,,,8123713862,OPay Digital Services Limited (OPay),TAIWO JACOB ILESANMI,9999910093306216101,Àgbàda,,
694ae3cb560cab0fce078b19,691ec63d24cf6022a24d9775,Deposit,SUCCESS,2025-12-23T18:47:39.076Z,2025-12-23T18:47:39.076Z,2725000,BANK-TRF,2025-12-23T18:47:37.000Z,090110251223194729234555273331,AUTH_x8r58ylijt,,,Vant,VFD Microfinance Bank Limited,1026459314,,,,,,,
694ae4b5560cab0fce078b6b,691ec63d24cf6022a24d9775,Withdrawal,SUCCESS,2025-12-23T18:51:33.294Z,2025-12-23T18:51:34.058Z,900000,BANK-TRF,2025-12-23T18:51:33.000Z,TRF_bw4j5aunhc1gor92,d6d135d2-2154-4744-8536-57de0ebbe785,Template_Transportation,🚕,,,,8032171626,OPay Digital Services Limited (OPay),FELICIA OLUWAFUNMILAYO OYEKANMI,9999910093308050201,Tuesday Transport ,,
694aebc3560cab0fce078bc2,6947e3055dad1006b656f45c,Deposit,SUCCESS,2025-12-23T19:21:39.651Z,2025-12-23T19:21:39.651Z,60000,BANK-TRF,2025-12-23T19:21:38.000Z,100033251223192120299378987080,AUTH_lm7242jmot,,,OLAMIDE SEUN OLUWAFEMI,PalmPay,9091244078,,,,,,,
694bd533935468e5da6efe83,693dbac6b7bb1eb7bf94ed2c,Withdrawal,SUCCESS,2025-12-24T11:57:39.869Z,2025-12-24T11:57:39.869Z,10000,In-App-TRF,,6946f90596ab380d8c1bc4e1,77eea0e1-4c17-46a2-80c1-f807b06266ee,Car,🚌,,,,,,,,,,
694be1c1935468e5da6efebe,693dbac6b7bb1eb7bf94ed2c,Withdrawal,SUCCESS,2025-12-24T12:51:13.463Z,2025-12-24T12:51:13.463Z,10000,In-App-TRF,,6946f90596ab380d8c1bc4e1,2132a7b6-70b5-470a-bb58-eb87d0c8785e,Car,🚌,,,,,,,,,,
694be5a0935468e5da6efed4,693dbac6b7bb1eb7bf94ed2c,Withdrawal,SUCCESS,2025-12-24T13:07:44.738Z,2025-12-24T13:07:44.738Z,10000,In-App-TRF,,6946f90596ab380d8c1bc4e1,31df892b-091b-4ef7-86de-b90a7c64cb83,Car,🚌,,,,,,,,,,
694bfddb935468e5da6f0212,69235443db9c0f9697a47d20,Withdrawal,SUCCESS,2025-12-24T14:51:07.459Z,2025-12-24T14:51:09.422Z,1500000,BANK-TRF,2025-12-24T14:51:07.000Z,TRF_udh4t410qaxilfaa,e546f9f3-0f7f-4cbf-ac5d-19675b17af41,fuel,⛽,,,,8135550655,OPay Digital Services Limited (OPay),TAIWO OREOLUWA AKINPELU,9999910093348705801,,,
694c17fc935468e5da6f025c,691ec63d24cf6022a24d9775,Deposit,SUCCESS,2025-12-24T16:42:36.953Z,2025-12-24T16:42:36.953Z,260000,BANK-TRF,2025-12-24T16:42:35.000Z,000004251224174206698951576813,AUTH_tmahz5j7jj,,,OLASENI TIMILEHIN MARY OLUWASEUN,United Bank For Africa,2084866130,,,,,,,
694c48ad935468e5da6f0351,691ec63d24cf6022a24d9775,Withdrawal,SUCCESS,2025-12-24T20:10:21.643Z,2025-12-24T20:10:23.431Z,100000,BANK-TRF,2025-12-24T20:10:21.000Z,TRF_afy99jv5cqm5w2ni,9941ba7d-9315-4d9d-8ad9-663c10b836f5,Farm,🍀,,,,8166726840,Moniepoint MFB,AMINU ABDULLAHI,505150093364788501,,,
694c4939935468e5da6f039a,691ec63d24cf6022a24d9775,Withdrawal,SUCCESS,2025-12-24T20:12:41.966Z,2025-12-24T20:12:43.627Z,290000,BANK-TRF,2025-12-24T20:12:41.000Z,TRF_cchosjj7wnlfu2vc,6f99d92b-7742-4d7f-9c97-f3f2a4a2ce80,Farm,🍀,,,,8060631686,OPay Digital Services Limited (OPay),BASHIRU  BELLO,9999910093364946801,,,
694d3c433b7f4b3289c0f12d,69243743c07ce653d4d7de8a,Withdrawal,SUCCESS,2025-12-25T13:29:39.395Z,2025-12-25T13:29:41.282Z,5000,BANK-TRF,2025-12-25T13:29:39.000Z,TRF_3r8eetbc1p1kx1sq,fc22ca87-0c84-49e0-8908-039d8050c022,gardening,🌱,,,,8107855430,OPay Digital Services Limited (OPay),ABIOLA EMMANUEL OLOWU,9999910093395794301,,,
694d796f3b7f4b3289c0f22a,69480b7a5dad1006b656f849,Deposit,SUCCESS,2025-12-25T17:50:39.542Z,2025-12-25T17:50:39.542Z,10000000,BANK-TRF,2025-12-25T17:50:38.000Z,000015251225185018000004902839,AUTH_kvdg0wbjj8,,,ADEREMI,Zenith Bank,1243992134,,,,,,,
694d82d23b7f4b3289c0f2fa,693dbac6b7bb1eb7bf94ed2c,Withdrawal,SUCCESS,2025-12-25T18:30:42.770Z,2025-12-25T18:30:42.770Z,20000,In-App-TRF,,6946f90596ab380d8c1bc4e1,b228183f-c39c-4445-a517-d9b12590d303,Car,🚌,,,,,,,,,,
694d84753b7f4b3289c0f39e,693dbac6b7bb1eb7bf94ed2c,Deposit,SUCCESS,2025-12-25T18:37:41.463Z,2026-02-26T15:43:33.067Z,500,In-App-TRF,,e5c9e62d-58f4-41c0-bc1a-922801b1e3be,6945461a684734729a79e5e7,Rainy Day savings,💸,,,,,,,,,,
694d866f3b7f4b3289c0f3c1,691ec63d24cf6022a24d9775,Deposit,SUCCESS,2025-12-25T18:46:07.867Z,2025-12-25T18:46:07.867Z,500000,BANK-TRF,2025-12-25T18:46:06.000Z,100004251225184547148506469059,AUTH_6rl6fpcyzm,,,PRECIOUS OMOLOLA OMOLAOLU,OPay Digital Services Limited (OPay),9025581125,,,,,,,
694e204f3b7f4b3289c0f3ec,691ec63d24cf6022a24d9775,Deposit,SUCCESS,2025-12-26T05:42:39.925Z,2025-12-26T05:42:39.925Z,250000,BANK-TRF,2025-12-26T05:42:38.000Z,100004251226054212148521714243,AUTH_6asjil80es,,,JESUTOMISIN SAMUEL OMOLAOLU,OPay Digital Services Limited (OPay),9132924098,,,,,,,
694e3a317b9be02268747ab3,691ec63d24cf6022a24d9775,Deposit,SUCCESS,2025-12-26T07:33:05.266Z,2025-12-26T07:33:05.266Z,250000,BANK-TRF,2025-12-26T07:33:04.000Z,100033251226073229310645686047,AUTH_2ifpplo8zf,,,PRAISE AYOMIDE OMOLAOLU,PalmPay,8138622750,,,,,,,
694e4f557b9be02268747b01,693e789aa92bdf5f6c76cf97,Deposit,SUCCESS,2025-12-26T09:03:17.819Z,2025-12-26T09:03:17.819Z,10000000,BANK-TRF,2025-12-26T09:03:16.000Z,000017251226100310376831727445,AUTH_1wzs57i4dc,,,FAITH OLUWAPONMILE ADEYOMBO,ALAT by WEMA,ALAT TRANSFER TO CRE8NGDIGITAL,,,,,,,
694e50947b9be02268747c97,691ec63d24cf6022a24d9775,Deposit,SUCCESS,2025-12-26T09:08:36.168Z,2025-12-26T09:08:36.168Z,3300000,BANK-TRF,2025-12-26T09:08:34.000Z,090110251226100827699924885527,AUTH_dw45h3u7h6,,,Vant,VFD Microfinance Bank Limited,1026459314,,,,,,,
694e51367b9be02268747d89,693e789aa92bdf5f6c76cf97,Withdrawal,SUCCESS,2025-12-26T09:11:18.332Z,2025-12-26T09:11:20.207Z,5000000,BANK-TRF,2025-12-26T09:11:18.000Z,TRF_8hdw14x6zofkzgoy,20c4ff27-d334-454b-b9c2-c6f29b71421c,food,🥑,,,,9328306825,Wema Bank,CRE8NGDIGITAL/ADEYOMBO FAITH,110006251226091116093420164201,R44,,
694e51467b9be02268747dae,693e789aa92bdf5f6c76cf97,Deposit,SUCCESS,2025-12-26T09:11:34.850Z,2025-12-26T09:11:34.850Z,5000000,BANK-TRF,2025-12-26T09:11:33.000Z,110006251226091116093420164201,AUTH_ev2xii6fk8,,,Paystack,,1017692813,,,,,,,
694e7c3d7b9be02268747f21,691ec63d24cf6022a24d9775,Withdrawal,SUCCESS,2025-12-26T12:14:53.412Z,2025-12-26T12:14:55.437Z,500000,BANK-TRF,2025-12-26T12:14:53.000Z,TRF_qsonejye035a83bv,93d7eb62-0007-4ce4-a63f-3f4b0681081e,Mobile Dev,🎻,,,,9131965226,OPay Digital Services Limited (OPay),ABDULAZEEZ GBOLAHAN ABDULWASIU,9999910093425803801,,,
694ee1927b9be022687480e7,69357dedb402350f2601c8f6,Withdrawal,SUCCESS,2025-12-26T19:27:14.358Z,2025-12-26T19:27:15.106Z,400000,BANK-TRF,2025-12-26T19:27:14.000Z,TRF_np0s6jg3lzbkc90j,7af79fa2-561e-47f5-b600-015ee7bd5d16,beauty,💅,,,,8100192727,OPay Digital Services Limited (OPay),BLESSING ESTHER IBIDAPO,9999910093439763501,,,
694fa4fec149f71772b7817e,6922f332db9c0f9697a4788a,Withdrawal,SUCCESS,2025-12-27T09:21:02.587Z,2025-12-27T09:21:04.501Z,200000,BANK-TRF,2025-12-27T09:21:02.000Z,TRF_f2af9rjq8p21oh4s,0d542df2-65fa-4105-9406-34b7efa5d9c2,transportation,🚌,,,,9127670704,OPay Digital Services Limited (OPay),OLUWATUNMISE OLAYINKA ERINLE,9999910093456664401,Money for tfare to go to Tolu,,
694fa525c149f71772b781ba,691d96aa142342a5c3cf0c8e,Withdrawal,SUCCESS,2025-12-27T09:21:41.314Z,2025-12-27T09:21:42.931Z,4000000,BANK-TRF,2025-12-27T09:21:41.000Z,TRF_28z89of4kehcot9j,d1d6bd17-d904-478f-96a1-fd6000c5e44e,electricity,💡,,,,7052597527,OPay Digital Services Limited (OPay),JOEL TIMILEYIN ADEBAYO,9999910093456684901,Trf,,
694fa614c149f71772b781ca,691ec63d24cf6022a24d9775,Withdrawal,SUCCESS,2025-12-27T09:25:40.084Z,2025-12-27T09:25:41.683Z,700000,BANK-TRF,2025-12-27T09:25:39.000Z,TRF_efegz6asbccjb5rt,1dbdf95c-b468-417f-b977-7d1c19b58921,food,🥑,,,,8029718204,OPay Digital Services Limited (OPay),FEYISARA ABISOLA SULU,9999910093456818101,Chicken ,,
694fac2ec149f71772b78231,693e789aa92bdf5f6c76cf97,Withdrawal,SUCCESS,2025-12-27T09:51:42.136Z,2025-12-27T09:51:42.897Z,700000,BANK-TRF,2025-12-27T09:51:42.000Z,TRF_hrzo2yegoqmwawis,6e1bc339-94a4-4456-836e-ffb126b53273,internet,🌐,,,,2008464970,Kuda Bank,"ADEYOMBO, OLUWAPONMILE FAITH",110006251227095140093457655001,Mum's data,,
694fb251c149f71772b7824c,691ec63d24cf6022a24d9775,Withdrawal,SUCCESS,2025-12-27T10:17:53.115Z,2025-12-27T10:17:54.957Z,300000,BANK-TRF,2025-12-27T10:17:53.000Z,TRF_9d46a0c79z9k0txe,1a0dda4d-bdf4-4036-a728-718644207701,food,🥑,,,,8101799492,OPay Digital Services Limited (OPay),IYANUOLUWA JOHN ADEBAYO,9999910093458510301,,,
694fc671c149f71772b783a2,68da85dc4f5e4d4b75b562a0,Deposit,SUCCESS,2025-12-27T11:43:45.504Z,2026-02-26T15:43:33.171Z,8400,In-App-TRF,,b768d60a-b855-4a49-8edc-b60452fccdbd,69024126dd889866555e6924,Rainy Day savings,💸,,,,,,,,,,
694fd3e9c149f71772b78412,692c277dc0076069f22e786d,Withdrawal,SUCCESS,2025-12-27T12:41:13.782Z,2025-12-27T12:41:15.616Z,420000,BANK-TRF,2025-12-27T12:41:13.000Z,TRF_tywve6urhoi1si2u,539a1e92-b092-4f0d-b3e4-a8d866775148,shopping,🛍️,,,,8032171626,OPay Digital Services Limited (OPay),FELICIA OLUWAFUNMILAYO OYEKANMI,9999910093462848501,,,
694ffc7bc149f71772b78471,693e789aa92bdf5f6c76cf97,Withdrawal,SUCCESS,2025-12-27T15:34:19.431Z,2025-12-27T15:34:20.188Z,340000,BANK-TRF,2025-12-27T15:34:19.000Z,TRF_uk5a630k6fl8urd7,e22af833-919b-42b9-8775-4dd407661bbb,food,🥑,,,,5648024804,Moniepoint MFB,POS Transfer - IBRAHIM JIMOH,505150093468807601,Food from mega,,
69501478c149f71772b784c2,691ec63d24cf6022a24d9775,Withdrawal,SUCCESS,2025-12-27T17:16:40.248Z,2025-12-27T17:16:41.097Z,1000000,BANK-TRF,2025-12-27T17:16:40.000Z,TRF_z14gqql9179l3hbi,143bc16e-6f3a-4ddf-8cac-48ccbe96979e,Template_Transportation,🚕,,,,6107232217,OPay Digital Services Limited (OPay),AJOKE FILLING STATION KEMTA 1,110006251227171638093474304001,,,
695020bbc149f71772b78502,691ec63d24cf6022a24d9775,Withdrawal,SUCCESS,2025-12-27T18:08:59.431Z,2025-12-27T18:09:00.202Z,810000,BANK-TRF,2025-12-27T18:08:59.000Z,TRF_0eftwe81dxwsf4eq,2811e8e4-8d29-4a26-9642-e509c0a73b8c,Template_Transportation,🚕,,,,5005939150,Moniepoint MFB,BLUE PARK RELAXATION SPOT,505150093476690801,,,
69503b14c149f71772b78531,691ec63d24cf6022a24d9775,Withdrawal,SUCCESS,2025-12-27T20:01:24.725Z,2025-12-27T20:01:25.491Z,600000,BANK-TRF,2025-12-27T20:01:24.000Z,TRF_y9sryqjqag89i3te,ac682c8e-470c-4689-8693-c5a18be785e5,Template_Transportation,🚕,,,,5134817936,Moniepoint MFB,OYINDAMOLA ABIMBOLA ADEBOYE,505150093483419301,,,
69504b38c149f71772b7855d,691ec63d24cf6022a24d9775,Withdrawal,SUCCESS,2025-12-27T21:10:16.399Z,2025-12-27T21:10:17.148Z,200000,BANK-TRF,2025-12-27T21:10:16.000Z,TRF_y8ebflgqegjndnsz,3249bd2d-e698-4390-90ef-43e955de1e46,Template_Transportation,🚕,,,,8038601222,OPay Digital Services Limited (OPay),OLABISI  SANUSI,9999910093486813301,,,
69505c48c149f71772b7856c,6947e3055dad1006b656f45c,Deposit,SUCCESS,2025-12-27T22:23:04.272Z,2025-12-27T22:23:04.272Z,50000,BANK-TRF,2025-12-27T22:23:03.000Z,100033251227222255854086483874,AUTH_waqcd1pbj0,,,OLAMIDE SEUN OLUWAFEMI,PalmPay,9091244078,,,,,,,
6950d060c149f71772b785be,693e789aa92bdf5f6c76cf97,Withdrawal,SUCCESS,2025-12-28T06:38:24.569Z,2025-12-28T06:38:25.329Z,70000,BANK-TRF,2025-12-28T06:38:24.000Z,TRF_igl7t4covzptxoqb,41b49b3e-37b2-42f4-a965-de028be8aeb8,transportation,🚌,,,,8154579669,PalmPay,AZE  KOKOU,110006251228063821093506560801,Bike,,
6950d0cac149f71772b78607,693e789aa92bdf5f6c76cf97,Withdrawal,SUCCESS,2025-12-28T06:40:10.227Z,2025-12-28T06:40:10.987Z,510000,BANK-TRF,2025-12-28T06:40:10.000Z,TRF_y8hwyr4cqqrwg6qk,e9b75979-8504-449c-b572-f497836f9017,transportation,🚌,,,,8127429617,Moniepoint MFB,D-DARA04,505150093506623001,Ib'S cash,,
6950e6afc149f71772b7866d,691ec63d24cf6022a24d9775,Deposit,SUCCESS,2025-12-28T08:13:35.385Z,2025-12-28T08:13:35.385Z,29200000,BANK-TRF,2025-12-28T08:13:33.000Z,000013251228091319000649141159,AUTH_sert9okfnq,,,KENT-ADEBAYO JOHN IYANUOLUWA,Guaranty Trust Bank,0137605007,,,,,,,
6950f3593b26451af3807026,6950f0553b26451af3806fca,Deposit,SUCCESS,2025-12-28T09:07:37.984Z,2025-12-28T09:07:37.984Z,500000,BANK-TRF,2025-12-28T09:07:36.000Z,100004251228090721148671633845,AUTH_347wl577xr,,,ADENIYI STEPHEN IDOWU,OPay Digital Services Limited (OPay),8134732067,,,,,,,
6950f49a3b26451af38070ba,6950f0553b26451af3806fca,Withdrawal,SUCCESS,2025-12-28T09:12:58.163Z,2025-12-28T09:13:00.078Z,500000,BANK-TRF,2025-12-28T09:12:58.000Z,TRF_lwtla1tvtvv6vzip,a4b5124b-6d4e-4b82-ba6a-71a06b7ed165,education,🎓,,,,8134732067,OPay Digital Services Limited (OPay),ADENIYI STEPHEN IDOWU,9999910093512152701,Education ,,
6950f7743b26451af3807158,6950f6663b26451af38070ff,Deposit,SUCCESS,2025-12-28T09:25:08.687Z,2025-12-28T09:25:08.687Z,999900,BANK-TRF,2025-12-28T09:25:07.000Z,100004251228092442148673413119,AUTH_86785uz14a,,,ADENIYI STEPHEN IDOWU,OPay Digital Services Limited (OPay),8134732067,,,,,,,
695112fd3b26451af380732c,691ec63d24cf6022a24d9775,Deposit,SUCCESS,2025-12-28T11:22:37.202Z,2025-12-28T11:22:37.202Z,1590000,BANK-TRF,2025-12-28T11:22:36.000Z,090110251228122211540848266887,AUTH_1bspzn0cbp,,,Vant,VFD Microfinance Bank Limited,1026459314,,,,,,,
69511ca13b26451af3807510,69235443db9c0f9697a47d20,Withdrawal,SUCCESS,2025-12-28T12:03:45.815Z,2025-12-28T12:03:47.638Z,1000000,BANK-TRF,2025-12-28T12:03:45.000Z,TRF_rzny9efo39jxxlpu,7f1ce3bb-7e5d-41fd-85da-164d2aac0792,internet,🌐,,,,7062409167,OPay Digital Services Limited (OPay),RASHEED OLAWALE ADELANWA,9999910093517606901,,,
69511e233b26451af380752a,691ec63d24cf6022a24d9775,Withdrawal,SUCCESS,2025-12-28T12:10:11.739Z,2025-12-28T12:10:12.514Z,120000,BANK-TRF,2025-12-28T12:10:11.000Z,TRF_51ckd2osp6fphnck,59458cc1-fe9b-4404-b3ba-a64a0af81b93,Template_Transportation,🚕,,,,9051385619,OPay Digital Services Limited (OPay),AYOOLA GOODNESS AYORINDE,9999910093517812801,Transport ,,
69511e253b26451af3807533,691ec63d24cf6022a24d9775,Deposit,SUCCESS,2025-12-28T12:10:13.449Z,2026-02-26T15:43:33.292Z,2400,In-App-TRF,,dcb06bab-3955-4714-8fe1-a34b19f37ca0,69303185498828a2484c46ac,Rainy Day savings,💸,,,,,,,,,,
695150d13b26451af38075c3,691ec63d24cf6022a24d9775,Withdrawal,SUCCESS,2025-12-28T15:46:25.060Z,2025-12-28T15:46:26.807Z,1100000,BANK-TRF,2025-12-28T15:46:24.000Z,TRF_vjmkiownfaaowfis,88c17794-89da-4a73-9fd3-7dcadeab5b5e,shopping,🛍️,,,,7010175318,PalmPay,OLUWATOMISIN AYOMIDE OJELABI,110006251228154622093525529901,,,
695150d33b26451af38075ce,691ec63d24cf6022a24d9775,Deposit,SUCCESS,2025-12-28T15:46:27.742Z,2026-02-26T15:43:33.388Z,22000,In-App-TRF,,9c8b1904-655b-4ce5-9ee2-b586119a982a,69303185498828a2484c46ac,Rainy Day savings,💸,,,,,,,,,,
69518fdc3b26451af3807727,693e789aa92bdf5f6c76cf97,Withdrawal,SUCCESS,2025-12-28T20:15:24.003Z,2025-12-28T20:15:27.018Z,250000,BANK-TRF,2025-12-28T20:15:23.000Z,TRF_2kkg268zw7hw2ei9,9eb860ba-8870-4efa-881e-7fde41de4f58,internet,🌐,,,,9030941182,OPay Digital Services Limited (OPay),GRACE BOLUWATIFE OLUWAFEMI,9999910093537773001,,,
6951a84a3b26451af38077e8,691ec63d24cf6022a24d9775,Withdrawal,SUCCESS,2025-12-28T21:59:38.755Z,2025-12-28T21:59:39.495Z,5000000,BANK-TRF,2025-12-28T21:59:38.000Z,TRF_s23tggwtbkrvrgop,255ea98c-9020-45ad-b0b2-35f59b522f1c,Caleb_Leadway,🥂,,,,0212542380,Guaranty Trust Bank,OLOYEDE GOODNESS OLUWATIMILEYI,110006251228215936093543046001,,,
6951bd093b26451af380789f,691ec63d24cf6022a24d9775,Withdrawal,SUCCESS,2025-12-28T23:28:09.792Z,2025-12-28T23:28:11.608Z,510000,BANK-TRF,2025-12-28T23:28:09.000Z,TRF_6ja6plvsyytthrpt,0aa534cb-ac21-4bc2-b296-35d17b9d8858,electricity,💡,,,,9000969514,BuyPower MFB,BuyPower-45077128556,110006251228232807093548177301,,,
69521cd93b26451af38079fc,691ec63d24cf6022a24d9775,Withdrawal,SUCCESS,2025-12-29T06:16:57.334Z,2025-12-29T06:16:59.152Z,17800000,BANK-TRF,2025-12-29T06:16:57.000Z,TRF_0s7tx4d7jpdbck6l,0caedd91-e921-4274-a134-92bff4156337,Church_Paint,🎨,,,,0239199536,Guaranty Trust Bank,OJETOLA SIMEON OLAWALE,110006251229061656093555612701,,,
695226e63b26451af3807a68,693e789aa92bdf5f6c76cf97,Withdrawal,SUCCESS,2025-12-29T06:59:50.343Z,2025-12-29T06:59:51.092Z,410000,BANK-TRF,2025-12-29T06:59:50.000Z,TRF_wlerovbhzgg0m25i,77485623-530c-4625-b1fa-6b427d389485,transportation,🚌,,,,8037756705,Moniepoint MFB,NOAH DAGILOGBA,505150093557701001,,,
69525767b0168ddb840dfd0c,6947e3055dad1006b656f45c,Withdrawal,SUCCESS,2025-12-29T10:26:47.644Z,2025-12-29T10:26:49.552Z,550000,BANK-TRF,2025-12-29T10:26:47.000Z,TRF_tlzjoajmvbp7euxj,d69c2906-d898-403d-ad8c-cb430b3d07f1,groceries,🛒,,,,9091244078,PalmPay,OLAMIDE SEUN OLUWAFEMI,110006251229102642093566847301,,,
6952576cb0168ddb840dfd1c,6947e3055dad1006b656f45c,Withdrawal,PENDING,2025-12-29T10:26:52.098Z,2025-12-29T10:26:52.098Z,,BANK-TRF,,TRF_6ndzlnszrqafdj26,695255e0b0168ddb840dfcdf,,,,,,,,,,,,
69525a48b0168ddb840dfd72,691ec63d24cf6022a24d9775,Deposit,SUCCESS,2025-12-29T10:39:04.687Z,2025-12-29T10:39:04.687Z,5000000,BANK-TRF,2025-12-29T10:39:03.000Z,100004251229103847148743339983,AUTH_o0idu45gvw,,,AYODEJI OLUBUNMI SOYOYE,OPay Digital Services Limited (OPay),9123606925,,,,,,,
69527550b0168ddb840dfe24,691ec63d24cf6022a24d9775,Withdrawal,SUCCESS,2025-12-29T12:34:24.904Z,2025-12-29T12:34:26.714Z,1800000,BANK-TRF,2025-12-29T12:34:24.000Z,TRF_ehzifh2jrgd3v2kd,e0003d92-45e1-4957-914d-a353cf82e26d,Caleb_Leadway,🥂,,,,0239199536,Guaranty Trust Bank,OJETOLA SIMEON OLAWALE,110006251229123423093572401701,,,
695275a6b0168ddb840dfe80,691ec63d24cf6022a24d9775,Withdrawal,SUCCESS,2025-12-29T12:35:50.958Z,2025-12-29T12:35:52.781Z,5000000,BANK-TRF,2025-12-29T12:35:50.000Z,TRF_lsv6vzoccflphqow,224c2457-204a-4319-aecb-98331b1aadc3,Church_Paint,🎨,,,,0239199536,Guaranty Trust Bank,OJETOLA SIMEON OLAWALE,110006251229123549093572464601,,,
6952768eb0168ddb840dfeb2,691ec63d24cf6022a24d9775,Withdrawal,SUCCESS,2025-12-29T12:39:42.053Z,2025-12-29T12:39:42.811Z,500000,BANK-TRF,2025-12-29T12:39:41.000Z,TRF_qmv1sty4heuyou4s,a939b528-fd61-4bf3-a5e5-aa55e65f08df,Template_Transportation,🚕,,,,8141911560,OPay Digital Services Limited (OPay),OLUWAYEMISI ABIODUN FAGBEMI,9999910093572605201,,,
695282fdb0168ddb840dff09,691ec63d24cf6022a24d9775,Withdrawal,SUCCESS,2025-12-29T13:32:45.581Z,2025-12-29T13:32:46.339Z,1300000,BANK-TRF,2025-12-29T13:32:45.000Z,TRF_an9bhe18vq3o0xzy,76dbf93f-8c3f-48fe-9a4a-0dd5a32d310e,Template_Transportation,🚕,,,,8032387243,OPay Digital Services Limited (OPay),NURUDEEN AYINDE SULAIMON,9999910093574637601,Gen repair,,
6952ac78b0168ddb840dff60,691ec63d24cf6022a24d9775,Withdrawal,SUCCESS,2025-12-29T16:29:44.570Z,2025-12-29T16:29:45.322Z,550000,BANK-TRF,2025-12-29T16:29:44.000Z,TRF_pk0jdted3im4sz5h,1b681faa-428a-4fef-ad90-1f75aea013ed,Template_Transportation,🚕,,,,5063650686,Moniepoint MFB,D-SKILZ NG LIMITED,505150093581883101,,,
6952bcbbb0168ddb840dffa5,691ec63d24cf6022a24d9775,Withdrawal,SUCCESS,2025-12-29T17:39:07.534Z,2025-12-29T17:39:08.305Z,540000,BANK-TRF,2025-12-29T17:39:07.000Z,TRF_27zhcx3v0ls9q9cj,55b02393-f6b4-4574-9346-b94a6b54fd71,Template_Transportation,🚕,,,,5063650686,Moniepoint MFB,D-SKILZ NG LIMITED,505150093584754901,,,
6952be3db0168ddb840e000e,691ec63d24cf6022a24d9775,Deposit,SUCCESS,2025-12-29T17:45:33.309Z,2025-12-29T17:45:33.309Z,2224000,BANK-TRF,2025-12-29T17:45:31.000Z,090267251229174501291100018272,AUTH_rol96dy32u,,,IYANUOLUWA JOHN ADEBAYO,Kuda Bank,1100018272,,,,,,,
6952c07bb0168ddb840e0083,691ec63d24cf6022a24d9775,Withdrawal,SUCCESS,2025-12-29T17:55:07.384Z,2025-12-29T17:55:09.179Z,800000,BANK-TRF,2025-12-29T17:55:07.000Z,TRF_oud70ymdh602jmze,872d9380-afeb-4655-be09-c40c9fef603b,fuel,⛽,,,,9037471162,OPay Digital Services Limited (OPay),LAWAL IBRAHIM ABDULLAHI,9999910093585404001,Car wash,,
6952caebb0168ddb840e00b7,691ec63d24cf6022a24d9775,Withdrawal,SUCCESS,2025-12-29T18:39:39.422Z,2025-12-29T18:39:41.313Z,400000,BANK-TRF,2025-12-29T18:39:39.000Z,TRF_ffjqvfxprfmjs9ib,334f6f03-eeed-4c2a-abfa-6103ba5204ee,fuel,⛽,,,,6416716925,Moniepoint MFB,DAPRINCE AUTOMOBILE ENGINEERING SERVICES owned by ADESANYA ADEDEJI,505150093587495801,,,
6952cc5db0168ddb840e0145,691ec63d24cf6022a24d9775,Withdrawal,SUCCESS,2025-12-29T18:45:49.592Z,2025-12-29T18:45:51.633Z,1100000,BANK-TRF,2025-12-29T18:45:49.000Z,TRF_8dcot2z1r45v4hg9,32bc50dd-4b5c-457a-bca3-8e6d17bbf3f9,fuel,⛽,,,,5650867138,Moniepoint MFB,DATAAD PETROCHEMICALS LIMITED - DATAAD PETROCHEMICAL COY2,505150093587761901,,,
6952ceb5b0168ddb840e0157,691ec63d24cf6022a24d9775,Deposit,SUCCESS,2025-12-29T18:55:49.876Z,2025-12-29T18:55:49.876Z,1000000,BANK-TRF,2025-12-29T18:55:48.000Z,000013251229195502000652558948,AUTH_9wg3van5bs,,,KENT-ADEBAYO TAIWO OLAWUMI,Guaranty Trust Bank,0125547744,,,,,,,
6952d1ddb0168ddb840e023a,6950f6663b26451af38070ff,Withdrawal,SUCCESS,2025-12-29T19:09:17.655Z,2025-12-29T19:09:18.447Z,230000,BANK-TRF,2025-12-29T19:09:17.000Z,TRF_sy7oert961etqrsd,d7858a0b-bdd6-40ee-9e5d-f2f51d8d1099,rent,🏠,,,,8128940485,OPay Digital Services Limited (OPay),USMAN ABOLADE AYILARA,9999910093588732901,Food ,,
6952d4e7b0168ddb840e0262,6950f6663b26451af38070ff,Withdrawal,SUCCESS,2025-12-29T19:22:15.929Z,2025-12-29T19:22:16.670Z,130000,BANK-TRF,2025-12-29T19:22:15.000Z,TRF_s2hku8a2e010pw8d,45153e44-aee5-44d1-81ab-422b1267455f,rent,🏠,,,,7081394507,OPay Digital Services Limited (OPay),DEBORAH OLUWASEUN OKEWUSI,9999910093589308401,,,
695364a8b0168ddb840e02ac,691ec63d24cf6022a24d9775,Deposit,SUCCESS,2025-12-30T05:35:36.354Z,2025-12-30T05:35:36.354Z,5000000,BANK-TRF,2025-12-30T05:35:35.000Z,090267251230053500557005432527,AUTH_wultutvsi7,,,SAMUEL AKINADE OLALERE,Kuda Bank,2005432527,,,,,,,
69538236b0168ddb840e0305,691ec63d24cf6022a24d9775,Deposit,SUCCESS,2025-12-30T07:41:42.073Z,2025-12-30T07:41:42.073Z,1000000,BANK-TRF,2025-12-30T07:41:40.000Z,100004251230074121148805075888,AUTH_16z26qlvem,,,OREOLUWA FELICIAL SOYOYE,OPay Digital Services Limited (OPay),9138922033,,,,,,,
6953a89df23cc2ed15cf7b73,68da85dc4f5e4d4b75b562a0,Withdrawal,SUCCESS,2025-12-30T10:25:33.042Z,2025-12-30T10:25:34.862Z,20000,BANK-TRF,2025-12-30T10:25:32.000Z,TRF_99d0zwhxcg4ekto2,02aa1c28-3917-417b-8999-183df88d090c,clothing,👕,,,,8101799492,OPay Digital Services Limited (OPay),IYANUOLUWA JOHN ADEBAYO,9999910093612302801,,,
6953a89ff23cc2ed15cf7b80,68da85dc4f5e4d4b75b562a0,Deposit,SUCCESS,2025-12-30T10:25:35.751Z,2026-02-26T15:43:33.490Z,400,In-App-TRF,,f6cfc135-db1f-4bd5-a084-d38b62309d31,69024126dd889866555e6924,Rainy Day savings,💸,,,,,,,,,,
6953ab83f23cc2ed15cf7c15,691ec63d24cf6022a24d9775,Withdrawal,SUCCESS,2025-12-30T10:37:55.641Z,2025-12-30T10:37:56.607Z,6000000,BANK-TRF,2025-12-30T10:37:55.000Z,TRF_vnlyjs8tq7rvx60e,b3e4cdfe-785b-4bcf-9f01-9c0e3c420158,gift,🎁,,,,8132746770,OPay Digital Services Limited (OPay),FLORENCE OLUWABUKUNMI POPOOLA,9999910093612675001,Hamper,,
6953b0aff23cc2ed15cf7c40,691ec63d24cf6022a24d9775,Deposit,SUCCESS,2025-12-30T10:59:59.618Z,2025-12-30T10:59:59.618Z,89900000,BANK-TRF,2025-12-30T10:59:58.000Z,090267251230105906040100018272,AUTH_jivdvdg9u5,,,IYANUOLUWA JOHN ADEBAYO,Kuda Bank,1100018272,,,,,,,
6953b5dff23cc2ed15cf7c6c,6950f6663b26451af38070ff,Withdrawal,SUCCESS,2025-12-30T11:22:07.293Z,2025-12-30T11:22:08.041Z,100000,BANK-TRF,2025-12-30T11:22:07.000Z,TRF_q1d9ctr7u36rdrk2,a011c125-718d-45f2-92c2-0c1b48b6dd43,rent,🏠,,,,8134732067,OPay Digital Services Limited (OPay),ADENIYI STEPHEN IDOWU,9999910093614323501,1000,,
6953d815f23cc2ed15cf7cd1,691ec63d24cf6022a24d9775,Withdrawal,SUCCESS,2025-12-30T13:48:05.609Z,2025-12-30T13:48:07.540Z,510000,BANK-TRF,2025-12-30T13:48:05.000Z,TRF_2dq28ze7vtkf5g59,daf593b4-eb29-42cd-ad4d-820767b66423,Template_Transportation,🚕,,,,9060830886,OPay Digital Services Limited (OPay),AYODELE MONDAY ODETOLA,9999910093619197901,Transport ,,
6953e477f23cc2ed15cf7ebe,6953deeaf23cc2ed15cf7d36,Withdrawal,SUCCESS,2025-12-30T14:40:55.029Z,2025-12-30T14:40:56.702Z,1340000,BANK-TRF,2025-12-30T14:40:54.000Z,TRF_tff38ibele21zdgv,47377b8a-8fc8-4c86-a59a-2c8f9ef6e264,food,🥑,,,,6114576418,OPay Digital Services Limited (OPay),Sweet Sensation Idi Aba,110006251230144053093621119301,For food 2 plates,,
6953e4b8f23cc2ed15cf7ee6,691ec63d24cf6022a24d9775,Withdrawal,SUCCESS,2025-12-30T14:42:00.411Z,2025-12-30T14:42:02.073Z,30000000,BANK-TRF,2025-12-30T14:42:00.000Z,TRF_x5rzw9h7kxm928d4,7abe3796-7c3a-4986-89a7-e2d4d8253edc,loan,📉,,,,0137605007,Guaranty Trust Bank,KENTADEBAYO IYANUOLUWA JOHN,110006251230144158093621145401,Loan ,,
6953e5ebf23cc2ed15cf7f16,691ec63d24cf6022a24d9775,Withdrawal,SUCCESS,2025-12-30T14:47:07.900Z,2025-12-30T14:47:09.540Z,50000,BANK-TRF,2025-12-30T14:47:07.000Z,TRF_a77koax5zz4chemt,0dfef4ba-d0c3-4a0c-b92e-8709d7972f1b,GYM,💎,,,,0137605007,Guaranty Trust Bank,KENTADEBAYO IYANUOLUWA JOHN,110006251230144705093621286601,,,
6953eb94f23cc2ed15cf80d9,691ec63d24cf6022a24d9775,Withdrawal,SUCCESS,2025-12-30T15:11:16.757Z,2025-12-30T15:11:18.607Z,100000,BANK-TRF,2025-12-30T15:11:16.000Z,TRF_z5ykcy6phlfrqh2t,b2bfcf54-5560-497c-9f9a-5fd27fb1dd25,Caleb_Leadway,🥂,,,,9055485433,OPay Digital Services Limited (OPay),PATRICK NFONOBONG SAMUEL,9999910093622025901,,,
6954c345f23cc2ed15cf8446,691ec63d24cf6022a24d9775,Deposit,SUCCESS,2025-12-31T06:31:33.048Z,2025-12-31T06:31:33.048Z,6805000,BANK-TRF,2025-12-31T06:31:31.000Z,100004251231063113148880496867,AUTH_4s90e4zh0k,,,MOYINOLUWA ELIZABETH OYENIYI,OPay Digital Services Limited (OPay),7064473698,,,,,,,
6954d0daf23cc2ed15cf84ae,691ec63d24cf6022a24d9775,Withdrawal,SUCCESS,2025-12-31T07:29:30.304Z,2025-12-31T07:29:31.935Z,3000000,BANK-TRF,2025-12-31T07:29:30.000Z,TRF_krxxmutttazkgbry,ffe7b53c-006b-40dd-bb37-4f953b18616d,Farm,🍀,,,,8166149943,OPay Digital Services Limited (OPay),UPELE DANIEL OGBOR,9999910093652817601,Decemeber farm work,,
6954d178f23cc2ed15cf84f3,691ec63d24cf6022a24d9775,Withdrawal,SUCCESS,2025-12-31T07:32:08.196Z,2025-12-31T07:32:08.956Z,20000000,BANK-TRF,2025-12-31T07:32:08.000Z,TRF_k4ma2vn8fnc8z6au,c409913f-3353-4637-9e36-810c320c24f7,Church_Paint,🎨,,,,6116711392,OPay Digital Services Limited (OPay),RAHMON KOLAWOLE SALAU,110006251231073206093652903901,Thanks ,,
6954d229f23cc2ed15cf851d,691ec63d24cf6022a24d9775,Withdrawal,SUCCESS,2025-12-31T07:35:05.894Z,2025-12-31T07:35:06.621Z,5600000,BANK-TRF,2025-12-31T07:35:05.000Z,TRF_8zumu5cnuonxpbss,904aafcc-c617-4921-91b2-f5337a2d89e6,Church_Paint,🎨,,,,0137605007,Guaranty Trust Bank,KENTADEBAYO IYANUOLUWA JOHN,110006251231073504093652998001,,,
6954d2cef23cc2ed15cf85b0,691ec63d24cf6022a24d9775,Withdrawal,SUCCESS,2025-12-31T07:37:50.135Z,2025-12-31T07:37:50.897Z,5600000,BANK-TRF,2025-12-31T07:37:50.000Z,TRF_m28l9kkr16yg8nhc,9f9018c9-1c6e-4f83-8b3a-040b623db98c,Church_Paint,🎨,,,,0239199536,Guaranty Trust Bank,OJETOLA SIMEON OLAWALE,110006251231073749093653091201,Gloss painting ,,
6954d9e7f23cc2ed15cf8603,6950f6663b26451af38070ff,Withdrawal,SUCCESS,2025-12-31T08:08:07.653Z,2025-12-31T08:08:09.434Z,500000,BANK-TRF,2025-12-31T08:08:07.000Z,TRF_gd7azxsy4x01e19p,8b9e9d24-2387-49f0-97d6-a62968c205bf,rent,🏠,,,,8134732067,OPay Digital Services Limited (OPay),ADENIYI STEPHEN IDOWU,9999910093654183501,,,
6954df5ef23cc2ed15cf8660,693e789aa92bdf5f6c76cf97,Withdrawal,SUCCESS,2025-12-31T08:31:26.188Z,2025-12-31T08:31:26.991Z,900000,BANK-TRF,2025-12-31T08:31:26.000Z,TRF_dt8hchf7rt1dy4tz,2a1cd4d5-4344-40ca-94c9-0b31c053cb78,food,🥑,,,,2000535618,Globus Bank,OLUWAFERANMI O GBADEBO,110006251231083124093655100301,,,
6954e391f23cc2ed15cf869d,693e789aa92bdf5f6c76cf97,Withdrawal,SUCCESS,2025-12-31T08:49:21.356Z,2025-12-31T08:49:22.118Z,300000,BANK-TRF,2025-12-31T08:49:21.000Z,TRF_sy3h7x6fauo1m0wk,1d65606c-00a9-42e5-93b5-a8393f7134fe,food,🥑,,,,2000535618,Globus Bank,OLUWAFERANMI O GBADEBO,110006251231084919093655840701,,,
695523b863e6297e284eadbe,692b0b72c0076069f22e6bc8,Deposit,SUCCESS,2025-12-31T13:23:04.765Z,2025-12-31T13:23:04.765Z,5000000,BANK-TRF,2025-12-31T13:23:03.000Z,100004251231132233148914634977,AUTH_6hs5xfpbgp,,,JAMES JESUGBEMILEKE KEHINDE,OPay Digital Services Limited (OPay),8147323999,,,,,,,
6955277263e6297e284eae49,692b0b72c0076069f22e6bc8,Withdrawal,SUCCESS,2025-12-31T13:38:58.270Z,2025-12-31T13:38:59.942Z,3000000,BANK-TRF,2025-12-31T13:38:58.000Z,TRF_htocn854b3il4ocm,e06bf2bc-f071-4bdb-8dab-cc6f3b22e0c5,Shop agreement,🎲,,,,8069105128,OPay Digital Services Limited (OPay),TOIBAT ABIKE MOSAKU,9999910093667603601,Shop rentage agreement ,,
6955402663e6297e284eaef2,691ec63d24cf6022a24d9775,Withdrawal,SUCCESS,2025-12-31T15:24:22.989Z,2025-12-31T15:24:24.733Z,560000,BANK-TRF,2025-12-31T15:24:22.000Z,TRF_5n4x9vxvbdjgxgcb,32e4a32f-3b5e-4842-8746-279625a06276,food,🥑,,,,6114576418,OPay Digital Services Limited (OPay),Sweet Sensation Idi Aba,110006251231152421093671489801,,,
6955479c63e6297e284eaf5c,691ec63d24cf6022a24d9775,Withdrawal,SUCCESS,2025-12-31T15:56:12.389Z,2025-12-31T15:56:14.260Z,2000000,BANK-TRF,2025-12-31T15:56:12.000Z,TRF_mrmxzeasetf3i3e9,b5456e9e-170b-49b1-a270-f4501f8ae0ba,fuel,⛽,,,,8101799492,OPay Digital Services Limited (OPay),IYANUOLUWA JOHN ADEBAYO,9999910093672540901,,,
6955814b63e6297e284eb036,691ec63d24cf6022a24d9775,Withdrawal,SUCCESS,2025-12-31T20:02:19.825Z,2025-12-31T20:02:21.817Z,4800000,BANK-TRF,2025-12-31T20:02:19.000Z,TRF_sgeldeixhm9tevkl,dd62d404-23e2-4295-a783-5c86fd3dd241,Church_Paint,🎨,,,,0239199536,Guaranty Trust Bank,OJETOLA SIMEON OLAWALE,110006251231200218093686493501,Part,,
695588cf63e6297e284eb0b8,691ec63d24cf6022a24d9775,Withdrawal,SUCCESS,2025-12-31T20:34:23.106Z,2025-12-31T20:34:23.878Z,2650000,BANK-TRF,2025-12-31T20:34:22.000Z,TRF_hmkb3433e8zz7j70,7d2b48de-b7be-444a-ac4a-906c8a79ea25,Car Maintenance ,🚲,,,,3048864741,Polaris Bank,BALIQEES ADENIKE MAKINDE,110006251231203420093688957601,Car servicing,,
69558b8b63e6297e284eb0e3,691ec63d24cf6022a24d9775,Deposit,SUCCESS,2025-12-31T20:46:03.169Z,2025-12-31T20:46:03.169Z,6500000,BANK-TRF,2025-12-31T20:46:01.000Z,100004251231204528148958869362,AUTH_i0u6ct2t1z,,,ADENIYI STEPHEN IDOWU,OPay Digital Services Limited (OPay),8134732067,,,,,,,
69562d3863e6297e284eb265,69235443db9c0f9697a47d20,Withdrawal,SUCCESS,2026-01-01T08:15:52.454Z,2026-01-01T08:15:54.607Z,1460000,BANK-TRF,2026-01-01T08:15:52.000Z,TRF_53wtjjob2kloswvj,67f7f031-d8b2-4020-a713-76b4bb9f48bb,fuel,⛽,,,,8135550655,OPay Digital Services Limited (OPay),TAIWO OREOLUWA AKINPELU,9999910093712592501,,,
69564b66d494ba9cb4aace88,693ae3bf3785c2e1571503ef,Withdrawal,SUCCESS,2026-01-01T10:24:38.880Z,2026-01-01T10:24:39.669Z,1500000,BANK-TRF,2026-01-01T10:24:38.000Z,TRF_7cfmz376gl0226zt,89848be3-fb77-49eb-bc9a-f261f6dc28cc,gardening,🌱,,,,9026325823,OPay Digital Services Limited (OPay),FOLASADE VICTORIA OJEBIYI,9999910093717373901,Paid man watering the Tomatoes,,
695697f8d494ba9cb4aad037,691ec63d24cf6022a24d9775,Withdrawal,SUCCESS,2026-01-01T15:51:20.271Z,2026-01-01T15:51:22.091Z,500000,BANK-TRF,2026-01-01T15:51:20.000Z,TRF_6o0f5h8izdlsn15p,a437f515-9880-4624-b4a6-f7699c2ca944,fuel,⛽,,,,6107232217,OPay Digital Services Limited (OPay),AJOKE FILLING STATION KEMTA 1,110006260101155117093728623201,,,
69569e7fd494ba9cb4aad0c8,691ec63d24cf6022a24d9775,Withdrawal,SUCCESS,2026-01-01T16:19:11.036Z,2026-01-01T16:19:12.653Z,783500,BANK-TRF,2026-01-01T16:19:10.000Z,TRF_2c1f6m4281m1ain3,ec3df3c8-79e1-4f10-918f-a6630f941808,food,🥑,,,,5820653486,Moniepoint MFB,JUST RITE LIMITED - Justrite Kemta Abeokuta,505150093729544901,,,
69579cd11bafe7a105a689ea,691ec63d24cf6022a24d9775,Withdrawal,SUCCESS,2026-01-02T10:24:17.883Z,2026-01-02T10:24:19.763Z,1000000,BANK-TRF,2026-01-02T10:24:17.000Z,TRF_pdy6jxbo80cp83we,573955cc-5e47-478f-b85d-c1a3058b9ce7,gift,🎁,,,,0247373436,Guaranty Trust Bank,MACPETERS OMOZE TRACY,110006260102102415093758136201,,,
6957a8da1bafe7a105a68aad,692b0b72c0076069f22e6bc8,Withdrawal,SUCCESS,2026-01-02T11:15:38.203Z,2026-01-02T11:15:40.201Z,1060000,BANK-TRF,2026-01-02T11:15:38.000Z,TRF_he1kk0gcrknh9p82,e786a476-f90b-4b38-9ebe-dbb6cff39128,groceries,🛒,,,,8068558062,OPay Digital Services Limited (OPay),OLUWATOBA AKINTAYO AKINTADE,9999910093759912901,Payment for egg ,,
6957b0941bafe7a105a68bd9,691ec63d24cf6022a24d9775,Withdrawal,SUCCESS,2026-01-02T11:48:36.602Z,2026-01-02T11:48:38.243Z,4600000,BANK-TRF,2026-01-02T11:48:33.000Z,TRF_b32npcnuw3qlaejd,9532c995-aef0-481a-82a9-55b019daf2dd,Church_Paint,🎨,,,,0239199536,Guaranty Trust Bank,OJETOLA SIMEON OLAWALE,110006260102114832093761113001,Final payment ,,
6957c6de1bafe7a105a68c54,691ec63d24cf6022a24d9775,Withdrawal,SUCCESS,2026-01-02T13:23:42.818Z,2026-01-02T13:23:44.503Z,2000000,BANK-TRF,2026-01-02T13:23:42.000Z,TRF_8vjnlz1dlhw3zixv,77868826-6b98-4a12-899b-506f5ce251c0,Caleb_Leadway,🥂,,,,0212542380,Guaranty Trust Bank,OLOYEDE GOODNESS OLUWATIMILEYI,110006260102132341093764139901,,,
695802a91bafe7a105a68cce,691ec63d24cf6022a24d9775,Withdrawal,SUCCESS,2026-01-02T17:38:49.080Z,2026-01-02T17:38:50.923Z,4010000,BANK-TRF,2026-01-02T17:38:48.000Z,TRF_rnphb6hur8l6s6a0,00043c1a-622c-47be-ac05-0e2fbbd40546,electricity,💡,,,,9000969514,BuyPower MFB,BuyPower-45077128556,110006260102173844093772294101,,,
695914cd498a54ab68cf981d,691ec63d24cf6022a24d9775,Withdrawal,SUCCESS,2026-01-03T13:08:29.985Z,2026-01-03T13:08:31.769Z,500000,BANK-TRF,2026-01-03T13:08:29.000Z,TRF_w6fio2x0hgcggw2w,e37157c4-ba5e-40ef-af5c-a319fae1acab,fuel,⛽,,,,9156349417,OPay Digital Services Limited (OPay),MARIAM ALAKE HARUNA,9999910093799056101,,,
69591681498a54ab68cf9945,69590f99498a54ab68cf951a,Withdrawal,SUCCESS,2026-01-03T13:15:45.640Z,2026-01-03T13:15:46.388Z,90000,BANK-TRF,2026-01-03T13:15:45.000Z,TRF_auoa4wu9di299mef,e2b1d2c9-4c1c-4197-a63d-4e4ab6c6e04a,investment,📈,,,,9161068404,OPay Digital Services Limited (OPay),BUKUNMI EBENEZER KEHINDE,9999910093799262901,,,
69591683498a54ab68cf9952,69590f99498a54ab68cf951a,Deposit,SUCCESS,2026-01-03T13:15:47.298Z,2026-02-26T15:43:33.603Z,9000,In-App-TRF,,76d0ab37-d0af-4c71-a616-5f57093c1cc0,6959160a498a54ab68cf990a,Rainy Day savings,💸,,,,,,,,,,
695948eccbdf6a5cb1bd056a,691ec63d24cf6022a24d9775,Withdrawal,SUCCESS,2026-01-03T16:50:52.716Z,2026-01-03T16:50:54.441Z,6317000,BANK-TRF,2026-01-03T16:50:52.000Z,TRF_oleefaw9tw5cmoin,7783a6b5-5277-424e-87da-2e2522e32814,food,🥑,,,,5820653486,Moniepoint MFB,JUST RITE LIMITED - Justrite Kemta Abeokuta,505150093806589501,,,
69596b2fcbdf6a5cb1bd06ed,695845161bafe7a105a68ceb,Deposit,SUCCESS,2026-01-03T19:17:03.254Z,2026-01-03T19:17:03.254Z,150000,BANK-TRF,2026-01-03T19:17:01.000Z,100004260103191625149156953275,AUTH_ycwae90mnk,,,PRAISE AYOMIDE OMOLAOLU,OPay Digital Services Limited (OPay),8071683955,,,,,,,
69597324cbdf6a5cb1bd084a,695845161bafe7a105a68ceb,Deposit,SUCCESS,2026-01-03T19:51:00.394Z,2026-01-03T19:51:00.394Z,100000,BANK-TRF,2026-01-03T19:50:59.000Z,100004260103195044149158307717,AUTH_1pu3uajcx9,,,PRAISE AYOMIDE OMOLAOLU,OPay Digital Services Limited (OPay),8071683955,,,,,,,
695973d9cbdf6a5cb1bd0851,695845161bafe7a105a68ceb,Deposit,SUCCESS,2026-01-03T19:54:01.170Z,2026-01-03T19:54:01.170Z,350000,BANK-TRF,2026-01-03T19:53:59.000Z,100033260103195333638586330141,AUTH_8598f1b38p,,,PRAISE AYOMIDE OMOLAOLU,PalmPay,8138622750,,,,,,,
695a60897fb3df6f0a7887f4,692b0b72c0076069f22e6bc8,Withdrawal,SUCCESS,2026-01-04T12:43:53.373Z,2026-01-04T12:43:54.139Z,10000,BANK-TRF,2026-01-04T12:43:53.000Z,TRF_4sju90h8na17o3k9,d8adb59e-9161-4765-b966-7345c7eda5a7,software,💻,,,,1015729622,Polaris Bank,KEHINDE ESTHER OMOREMI,110006260104124351093838496701,,,
695a611812b70f3008b4fed4,692b0b72c0076069f22e6bc8,Withdrawal,SUCCESS,2026-01-04T12:46:16.796Z,2026-01-04T12:46:17.528Z,10000,BANK-TRF,2026-01-04T12:46:16.000Z,TRF_jbbylafu8qk8j5a1,8a0e4c2e-395f-4e7f-9121-6a3291c582df,software,💻,,,,1015729622,Polaris Bank,KEHINDE ESTHER OMOREMI,110006260104124615093838559701,,,
695acb1e0aa35b9805e2d2d7,693dbac6b7bb1eb7bf94ed2c,Withdrawal,SUCCESS,2026-01-04T20:18:38.962Z,2026-01-04T20:18:38.962Z,100000,In-App-TRF,,694bcb40935468e5da6efe05,c336feea-30f7-477f-b416-7e596baca513,House rent,🏚️,,,,,,,,,,
695b11830aa35b9805e2d62d,69590f99498a54ab68cf951a,Withdrawal,SUCCESS,2026-01-05T01:18:59.125Z,2026-01-05T01:19:00.916Z,100000,BANK-TRF,2026-01-05T01:18:59.000Z,TRF_zbxpxysb1jywt1nn,74cdb6ea-c2af-4746-9387-f46375e29eba,education,🎓,,,,9161068404,OPay Digital Services Limited (OPay),BUKUNMI EBENEZER KEHINDE,9999910093867905801,,,
695b11850aa35b9805e2d63a,69590f99498a54ab68cf951a,Deposit,SUCCESS,2026-01-05T01:19:01.831Z,2026-02-26T15:43:33.709Z,10000,In-App-TRF,,c8dd8d7e-1390-49fc-a44f-340b10157a71,6959160a498a54ab68cf990a,Rainy Day savings,💸,,,,,,,,,,
695b5d2a0aa35b9805e2d6e5,693e789aa92bdf5f6c76cf97,Withdrawal,SUCCESS,2026-01-05T06:41:46.571Z,2026-01-05T06:41:47.308Z,310000,BANK-TRF,2026-01-05T06:41:46.000Z,TRF_lnfsm2oybnekmosv,7f2c6f6c-73ee-4c53-ae19-c46eaa3d2f76,transportation,🚌,,,,8037756705,Moniepoint MFB,NOAH DAGILOGBA,505150093872608501,Jan 5 ,,
695bef027c719d7b9397c21e,693e789aa92bdf5f6c76cf97,Withdrawal,SUCCESS,2026-01-05T17:04:02.598Z,2026-01-05T17:04:03.467Z,200000,BANK-TRF,2026-01-05T17:04:02.000Z,TRF_toyqwvvn4hdyfn4y,92cc9c3b-7e68-450f-9f19-d6de377c9463,food,🥑,,,,8116484903,OPay Digital Services Limited (OPay),FAITH OLUWAPONMILE ADEYOMBO,9999910093892287301,Data,,
695c0fd57c719d7b9397c273,693dbac6b7bb1eb7bf94ed2c,Withdrawal,SUCCESS,2026-01-05T19:24:05.567Z,2026-01-05T19:24:07.417Z,1000000,BANK-TRF,2026-01-05T19:24:05.000Z,TRF_x7ldjb5m0sikr7u4,bb0303e0-fed5-4b39-a480-611f2764c4b9,maintenance,🔧,,,,9124324818,PalmPay,FEMI GABRIEL FASHOLA,110006260105192402093896617801,Data,,
695c0fd87c719d7b9397c281,693dbac6b7bb1eb7bf94ed2c,Deposit,SUCCESS,2026-01-05T19:24:08.327Z,2026-02-26T15:43:33.813Z,50000,In-App-TRF,,d35d3f41-3e6e-4af5-93b5-a6b5bd156725,6945461a684734729a79e5e7,Rainy Day savings,💸,,,,,,,,,,
695c1b007c719d7b9397c322,6904ff26631cc0931a4cc59c,Withdrawal,SUCCESS,2026-01-05T20:11:44.455Z,2026-01-05T20:11:46.242Z,150000,BANK-TRF,2026-01-05T20:11:44.000Z,TRF_2c7hawndvtgyxz0x,c77d6a39-9d53-44da-b077-ec9d520f52e2,laundry,🧺,,,,8817853757,Sterling Bank,Precious AdeleyBMB FLW,110006260105201143093898203701,Okah,,
695c1b037c719d7b9397c32d,6904ff26631cc0931a4cc59c,Deposit,SUCCESS,2026-01-05T20:11:47.154Z,2026-02-26T15:43:33.909Z,3000,In-App-TRF,,03930007-d8c1-4fad-b70a-25ca9bb0a8bf,691e3913142342a5c3cf13d4,Rainy Day savings,💸,,,,,,,,,,
695c1c577c719d7b9397c35f,693e789aa92bdf5f6c76cf97,Withdrawal,SUCCESS,2026-01-05T20:17:27.074Z,2026-01-05T20:17:27.810Z,500000,BANK-TRF,2026-01-05T20:17:26.000Z,TRF_hsu3pwfh56vbhoh3,63dfd56b-e08a-48ac-94e4-6766d5c97872,food,🥑,,,,8116484903,OPay Digital Services Limited (OPay),FAITH OLUWAPONMILE ADEYOMBO,9999910093898416701,,,
695c39687c719d7b9397c3e5,691ec63d24cf6022a24d9775,Deposit,SUCCESS,2026-01-05T22:21:28.099Z,2026-02-26T15:43:34.012Z,2000000,In-App-TRF,,54dc2196-131f-4209-a924-830119a0cd23,69303185498828a2484c46ac,Rainy Day savings,💸,,,,,,,,,,
695c39b97c719d7b9397c41d,691ec63d24cf6022a24d9775,Deposit,SUCCESS,2026-01-05T22:22:49.777Z,2026-02-26T15:43:34.108Z,1200000,In-App-TRF,,b0b42799-b882-413f-b1ba-48f9fb314fce,69303185498828a2484c46ac,Rainy Day savings,💸,,,,,,,,,,
695c42f27c719d7b9397c4ca,692b0706c0076069f22e6b5e,Withdrawal,SUCCESS,2026-01-05T23:02:10.601Z,2026-01-05T23:02:12.512Z,100000,BANK-TRF,2026-01-05T23:02:10.000Z,TRF_r8cdu7swx8781xdx,8d061e54-6136-4abc-876e-58cd1e95ee29,electricity,💡,,,,7036617718,OPay Digital Services Limited (OPay),ESTHER OMOREMI KEHINDE,9999910093905352101,for Nepa bill,,
695c50c29e86efc2328f2031,69243743c07ce653d4d7de8a,Withdrawal,SUCCESS,2026-01-06T00:01:06.721Z,2026-01-06T00:01:08.564Z,800000,BANK-TRF,2026-01-06T00:01:06.000Z,TRF_m6pe2wkc7n3oexqz,a1c52a90-9364-4911-8166-bff54bd78397,internet,🌐,,,,8107855430,OPay Digital Services Limited (OPay),ABIOLA EMMANUEL OLOWU,9999910093906416601,,,
695cabcc969fbffab38ddc70,695845161bafe7a105a68ceb,Deposit,SUCCESS,2026-01-06T06:29:32.074Z,2026-01-06T06:29:32.074Z,160000,BANK-TRF,2026-01-06T06:29:30.000Z,100004260106062904149304052879,AUTH_cmoydrzs36,,,PRAISE AYOMIDE OMOLAOLU,OPay Digital Services Limited (OPay),8071683955,,,,,,,
695cdb22969fbffab38ddd23,695845161bafe7a105a68ceb,Withdrawal,SUCCESS,2026-01-06T09:51:30.129Z,2026-01-06T09:51:31.941Z,200000,BANK-TRF,2026-01-06T09:51:29.000Z,TRF_1nxftxqsks46zfen,3068a85d-27cc-48f8-b87e-b2f932577147,bankFees,🏦,,,,8071683955,OPay Digital Services Limited (OPay),PRAISE AYOMIDE OMOLAOLU,9999910093917509001,Personal Transfer ,,
695d0208969fbffab38ddf4f,693e789aa92bdf5f6c76cf97,Withdrawal,SUCCESS,2026-01-06T12:37:28.674Z,2026-01-06T12:37:29.446Z,1000000,BANK-TRF,2026-01-06T12:37:28.000Z,TRF_apk6avldhdzwouqd,f4e53865-2093-45b7-8296-db87a200fdc9,transportation,🚌,,,,1000510760,Globus Bank,THE APOSTOLIC CHURCH OKE ADO AREA SPECIAL PROJECT,110006260106123727093922364101,,,
695d1090969fbffab38de063,6938422e68958ca850cd9eee,Deposit,SUCCESS,2026-01-06T13:39:28.123Z,2026-01-06T13:39:28.123Z,800000,BANK-TRF,2026-01-06T13:39:26.000Z,090615260106143852081410111315,AUTH_cnsop74q05,,,JOHN KENT-ADEBAYO,Beststar Microfinance Bank,8101799492,,,,,,,
695d2ad5969fbffab38de22d,6938422e68958ca850cd9eee,Withdrawal,SUCCESS,2026-01-06T15:31:33.968Z,2026-01-06T15:31:35.784Z,500000,BANK-TRF,2026-01-06T15:31:33.000Z,TRF_iray7cdk3cnj8ub3,3d0bcd5b-e9a0-4906-820f-e12458f7b19f,transportation,🚌,,,,8129580846,OPay Digital Services Limited (OPay),REBECCAH MOJOLAOLUWA ADEBOWALE,9999910093927281701,Transportation ,,
695d33ba969fbffab38de35f,692c2f24c0076069f22e7a48,Withdrawal,SUCCESS,2026-01-06T16:09:30.699Z,2026-01-06T16:09:31.481Z,45000,BANK-TRF,2026-01-06T16:09:30.000Z,TRF_capt5q0djh0qdill,4150aefa-b698-4f52-8c95-42470fa655eb,bankFees,🏦,,,,0043251745,Access Bank,ODAH  OKITA,110006260106160929093928486001,,,
695d34f1969fbffab38de38b,6938422e68958ca850cd9eee,Withdrawal,SUCCESS,2026-01-06T16:14:41.209Z,2026-01-06T16:24:43.650Z,250000,BANK-TRF,2026-01-06T16:14:41.000Z,TRF_w92p4ay552c8lz33,831c9f9d-4dce-4c8f-81a0-dadebe8ff36c,savings,💰,,,,8129580846,OPay Digital Services Limited (OPay),REBECCAH MOJOLAOLUWA ADEBOWALE,9999910093928642301,Savings ,,
695d391e969fbffab38de3d3,692c2f24c0076069f22e7a48,Withdrawal,SUCCESS,2026-01-06T16:32:30.478Z,2026-01-06T16:32:32.308Z,35000,BANK-TRF,2026-01-06T16:32:30.000Z,TRF_mke0hrgeo8fkjcxq,dfb7fec3-3584-47fa-9033-796b8469ff21,bankFees,🏦,,,,8035316627,OPay Digital Services Limited (OPay),Taiwo Amoke Ogunremi,9999910093929174201,,,
695d3c45969fbffab38de404,691ec63d24cf6022a24d9775,Withdrawal,SUCCESS,2026-01-06T16:45:57.426Z,2026-01-06T16:45:59.149Z,350000,BANK-TRF,2026-01-06T16:45:57.000Z,TRF_jcfjnfa59yw52uwq,d03363ab-5945-4874-8265-6d684c831cac,food,🥑,,,,8101799492,Beststar Microfinance Bank,JOHN KENT-ADEBAYO,110006260106164553093929556001,,,
695d44a6969fbffab38de474,691ec63d24cf6022a24d9775,Withdrawal,SUCCESS,2026-01-06T17:21:42.250Z,2026-01-06T17:21:43.868Z,670000,BANK-TRF,2026-01-06T17:21:42.000Z,TRF_8kp9x29wkeplb2oa,10b4d026-36d4-44d6-9fc0-52186c4efa00,loan,📉,,,,8102287140,OPay Digital Services Limited (OPay),pamilerin seyi akinbola,9999910093930585501,,,
695d5637969fbffab38de500,691ec63d24cf6022a24d9775,Withdrawal,SUCCESS,2026-01-06T18:36:39.986Z,2026-01-06T18:36:40.745Z,200000,BANK-TRF,2026-01-06T18:36:39.000Z,TRF_hapfh6tlowmcswgg,8076949e-296a-43d3-ad7c-75fa476738f4,Template_Transportation,🚕,,,,9039689707,OPay Digital Services Limited (OPay),MERCY OLUWABUKUNMI TANLOJU,9999910093932995501,Transport,,
695d565f969fbffab38de52c,691ec63d24cf6022a24d9775,Withdrawal,SUCCESS,2026-01-06T18:37:19.027Z,2026-01-06T18:37:19.827Z,50000,BANK-TRF,2026-01-06T18:37:18.000Z,TRF_wrr7h8f2b7ybv2gw,744ab6ac-2347-4b2c-a066-bd2d4baa681b,Template_Transportation,🚕,,,,8136473187,OPay Digital Services Limited (OPay),UZOAMAKA HANNAH OGBONNA,9999910093933014501,,,
695d5d3a969fbffab38de5eb,693e789aa92bdf5f6c76cf97,Withdrawal,SUCCESS,2026-01-06T19:06:34.620Z,2026-01-06T19:06:36.329Z,100000,BANK-TRF,2026-01-06T19:06:34.000Z,TRF_cnii3nqys3w2rgfc,7007762c-26b6-459c-b3a3-0eb286643839,transportation,🚌,,,,8116484903,OPay Digital Services Limited (OPay),FAITH OLUWAPONMILE ADEYOMBO,9999910093933913401,,,
695e03ee622b8f80c677c081,692c2f24c0076069f22e7a48,Withdrawal,SUCCESS,2026-01-07T06:57:50.927Z,2026-01-07T06:57:52.980Z,50000,BANK-TRF,2026-01-07T06:57:50.000Z,TRF_fvegdrac5l1ks04w,3af075e3-b914-4968-9f95-f31b2a37766a,alcohol,🍻,,,,7086945378,OPay Digital Services Limited (OPay),OLUWATOSIN DADA AYEDUN,9999910093952202101,,,
695e29a2622b8f80c677c15b,693dbac6b7bb1eb7bf94ed2c,Deposit,PENDING,2026-01-07T09:38:42.869Z,2026-01-07T09:38:42.869Z,,,,,,,,,,,,,,,,,
695e4418622b8f80c677c290,691ec63d24cf6022a24d9775,Withdrawal,SUCCESS,2026-01-07T11:31:36.017Z,2026-01-07T11:31:37.647Z,565000,BANK-TRF,2026-01-07T11:31:35.000Z,TRF_zp0spea0krygv5d9,7f144e60-4f22-4281-8814-4fadf4664832,transportation,🚌,,,,6104267510,OPay Digital Services Limited (OPay),OLUBUSOLA ENITAN OLOWU,110006260107113133093960094301,,,
695e4c57622b8f80c677c2f6,691ec63d24cf6022a24d9775,Withdrawal,SUCCESS,2026-01-07T12:06:47.806Z,2026-01-07T12:06:48.572Z,200000,BANK-TRF,2026-01-07T12:06:47.000Z,TRF_jz21qy3dydyjt2dm,80444553-9a45-4b72-983c-59b56380c387,Car Maintenance ,🚲,,,,9035041225,Moniepoint MFB,seun akanji shodiya,505150093961396601,,,
695e5612622b8f80c677c3e8,692c2f24c0076069f22e7a48,Withdrawal,SUCCESS,2026-01-07T12:48:18.184Z,2026-01-07T12:48:20.101Z,50000,BANK-TRF,2026-01-07T12:48:18.000Z,TRF_7lm3iyabkj5lljq4,d0680971-0953-4958-983d-8ebf58b53701,bankFees,🏦,,,,8136346155,OPay Digital Services Limited (OPay),PRECIOUS AJOKE ADEKUNLE,9999910093962558201,,,
695e61d1622b8f80c677c59b,6938422e68958ca850cd9eee,Withdrawal,SUCCESS,2026-01-07T13:38:25.751Z,2026-01-07T13:38:27.800Z,50000,BANK-TRF,2026-01-07T13:38:25.000Z,TRF_t04kve8vwi8ym6i5,bb62a979-0847-423b-8640-86b8d3b61f32,savings,💰,,,,8129580846,OPay Digital Services Limited (OPay),REBECCAH MOJOLAOLUWA ADEBOWALE,110006260107133823093964061801,Savings,,
695e80e2622b8f80c677c6a1,693dbac6b7bb1eb7bf94ed2c,Withdrawal,SUCCESS,2026-01-07T15:50:58.402Z,2026-01-07T15:50:58.402Z,10000,In-App-TRF,,695e7f89622b8f80c677c68a,5b63590b-875b-4526-bf68-ae5ddfeddb4a,Rental,🚌,,,,,,,,,,
695e9138622b8f80c677c72e,693e789aa92bdf5f6c76cf97,Withdrawal,SUCCESS,2026-01-07T17:00:40.672Z,2026-01-07T17:00:41.454Z,900000,BANK-TRF,2026-01-07T17:00:40.000Z,TRF_nec5ley74xfb4hjz,ddbeac2c-5a60-492d-9c3b-7289d3656b69,food,🥑,,,,5824423119,Moniepoint MFB,PHILL COMPUTER ZONE,505150093970273801,,,
695e9495622b8f80c677c759,693e789aa92bdf5f6c76cf97,Withdrawal,SUCCESS,2026-01-07T17:15:01.180Z,2026-01-07T17:15:02.117Z,310000,BANK-TRF,2026-01-07T17:15:01.000Z,TRF_hh4w0v4l7b3ob3fn,772b6b81-8bb6-4580-a034-ca43d703e972,food,🥑,,,,8139511457,Moniepoint MFB,BOLUWATIFE ADEOLA ADEDEJI,505150093970723701,,,
695ea36b41ef6a1a0a957173,69243743c07ce653d4d7de8a,Withdrawal,SUCCESS,2026-01-07T18:18:19.670Z,2026-01-07T18:18:21.507Z,200000,BANK-TRF,2026-01-07T18:18:19.000Z,TRF_x8jcrt6ayp59476p,09129eba-edad-4916-afcc-3230ccc04d8f,internet,🌐,,,,8107855430,OPay Digital Services Limited (OPay),ABIOLA EMMANUEL OLOWU,9999910093972597101,,,
695ea37341ef6a1a0a957181,691ec63d24cf6022a24d9775,Withdrawal,SUCCESS,2026-01-07T18:18:27.115Z,2026-01-07T18:18:28.788Z,2565000,BANK-TRF,2026-01-07T18:18:26.000Z,TRF_u6g2d0iqk9rc2z5e,b17631f7-5448-49c6-9b8b-a237bf2218cf,Car Maintenance ,🚲,,,,0209758088,Guaranty Trust Bank,OLAGUNJU  ADERONKE JANET,110006260107181825093972600101,,,
695eb5be41ef6a1a0a9571ce,691ec63d24cf6022a24d9775,Deposit,SUCCESS,2026-01-07T19:36:30.255Z,2026-01-07T19:36:30.255Z,13750000,BANK-TRF,2026-01-07T19:36:28.000Z,000013260107203621000671205119,AUTH_0j11965udf,,,KENT-ADEBAYO JOHN IYANUOLUWA,Guaranty Trust Bank,0137605007,,,,,,,
695eb66141ef6a1a0a957240,691ec63d24cf6022a24d9775,Withdrawal,SUCCESS,2026-01-07T19:39:13.941Z,2026-01-07T19:39:14.717Z,9600000,BANK-TRF,2026-01-07T19:39:13.000Z,TRF_7dpq81i9prv6hyz8,78bf674e-3aff-4b66-8b75-1b6dce805654,AYAF MAINTENANCE ,🔌,,,,9034190663,OPay Digital Services Limited (OPay),DAUDA OMOTOYOSI SANYAOLU,9999910093975055501,Gen servicing ,,
695eb87e41ef6a1a0a95726e,691ec63d24cf6022a24d9775,Withdrawal,SUCCESS,2026-01-07T19:48:14.497Z,2026-01-07T19:48:15.224Z,500000,BANK-TRF,2026-01-07T19:48:14.000Z,TRF_tip71uroigop3n8k,cde914b9-f450-4335-9237-437947407157,AYAF MAINTENANCE ,🔌,,,,7039456335,OPay Digital Services Limited (OPay),LATIFAT ANIKE ADEYANJU,9999910093975318901,Jan refuse dumping ,,
695ec99a41ef6a1a0a9572cd,693ae3bf3785c2e1571503ef,Withdrawal,SUCCESS,2026-01-07T21:01:14.635Z,2026-01-07T21:01:16.481Z,1500000,BANK-TRF,2026-01-07T21:01:14.000Z,TRF_x4go19mffpyzs5av,57568d6a-2530-48ea-b076-63ec0c2bd983,gardening,🌱,,,,9026325823,OPay Digital Services Limited (OPay),FOLASADE VICTORIA OJEBIYI,9999910093977418701,Farm clearing ,,
695f52e7e12c57ac262743b3,69357dedb402350f2601c8f6,Withdrawal,SUCCESS,2026-01-08T06:47:03.810Z,2026-01-08T06:47:04.613Z,300000,BANK-TRF,2026-01-08T06:47:03.000Z,TRF_n3a1xkxqlrwq47f5,23371b58-985a-4824-9110-e11e6979f4ad,beauty,💅,,,,8100192727,OPay Digital Services Limited (OPay),BLESSING ESTHER IBIDAPO,9999910093990321801,,,
695f740ee12c57ac26274448,693e789aa92bdf5f6c76cf97,Withdrawal,SUCCESS,2026-01-08T09:08:30.688Z,2026-01-08T09:08:32.487Z,250000,BANK-TRF,2026-01-08T09:08:30.000Z,TRF_slxws1peo94uevbv,931add07-0c1f-46a2-87c0-513265be8f49,transportation,🚌,,,,2000535618,Globus Bank,OLUWAFERANMI O GBADEBO,110006260108090829093994197601,,,
695f99dee12c57ac262744bc,691ec63d24cf6022a24d9775,Withdrawal,SUCCESS,2026-01-08T11:49:50.104Z,2026-01-08T11:49:51.775Z,450000,BANK-TRF,2026-01-08T11:49:49.000Z,TRF_0l88f8vlys7051a9,4c54d520-451e-4c75-8b1e-84d5344f2ea6,food,🥑,,,,8032171626,OPay Digital Services Limited (OPay),FELICIA OLUWAFUNMILAYO OYEKANMI,9999910093998944601,,,
695fbb49e12c57ac262745b2,693e789aa92bdf5f6c76cf97,Withdrawal,SUCCESS,2026-01-08T14:12:25.013Z,2026-01-08T14:19:59.786Z,380000,BANK-TRF,2026-01-08T14:12:24.000Z,TRF_tn0x2bcd6g3v1zfe,cd043c71-e70b-415f-9bac-d5b796235cf3,food,🥑,,,,7062069564,OPay Digital Services Limited (OPay),RONKE MARY ABIODUN,9999910094003250601,,,
695fbb87e12c57ac262745e8,693ae3bf3785c2e1571503ef,Withdrawal,SUCCESS,2026-01-08T14:13:27.379Z,2026-01-08T14:13:28.109Z,1500000,BANK-TRF,2026-01-08T14:13:27.000Z,TRF_7cn8rsbmnydsbf9c,ae038298-2639-4091-bc87-b54cee8f2a95,cleaning,🧼,,,,9026325823,OPay Digital Services Limited (OPay),FOLASADE VICTORIA OJEBIYI,9999910094003285601,Part payment ,,
695fbc00e12c57ac26274647,693e789aa92bdf5f6c76cf97,Withdrawal,SUCCESS,2026-01-08T14:15:28.055Z,2026-01-08T14:23:21.474Z,380000,BANK-TRF,2026-01-08T14:15:27.000Z,TRF_85fgoml7h2e6fuaj,cdcb51a5-b12a-45e7-974f-70406c2e26bd,food,🥑,,,,7062069564,OPay Digital Services Limited (OPay),RONKE MARY ABIODUN,9999910094003361601,,,
695fbc5de12c57ac26274685,693e789aa92bdf5f6c76cf97,Withdrawal,SUCCESS,2026-01-08T14:17:01.486Z,2026-01-08T14:17:02.435Z,380000,BANK-TRF,2026-01-08T14:17:01.000Z,TRF_4krqmyozobtzxw51,2878bdad-8ded-42f1-a224-db4e0b3b9ea3,food,🥑,,,,7062069564,OPay Digital Services Limited (OPay),RONKE MARY ABIODUN,9999910094003418601,,,
695fd42c4575b8e6d76303a5,691ec63d24cf6022a24d9775,Withdrawal,SUCCESS,2026-01-08T15:58:36.181Z,2026-01-08T15:58:37.790Z,4000000,BANK-TRF,2026-01-08T15:58:36.000Z,TRF_m413b7s2koewlikk,46f30d06-1e31-448a-a716-2f2832755a38,AYAF MAINTENANCE ,🔌,,,,9034190663,OPay Digital Services Limited (OPay),DAUDA OMOTOYOSI SANYAOLU,9999910094006669201,Gen servcing + workmanship ,,
695ff9bd4575b8e6d763047f,692f31322dfc48a061640ed7,Withdrawal,SUCCESS,2026-01-08T18:38:53.737Z,2026-01-08T18:38:54.634Z,50000,BANK-TRF,2026-01-08T18:38:53.000Z,TRF_o0vcwaa23tb7173z,c76787ca-e0a9-4a60-8e90-81399276c3ea,beauty,💅,,,,9012282480,OPay Digital Services Limited (OPay),CHUKS JAMES DURU,9999910094011980201,,,
696016a24575b8e6d7630520,693dbac6b7bb1eb7bf94ed2c,Withdrawal,SUCCESS,2026-01-08T20:42:10.590Z,2026-01-08T20:42:12.460Z,1000000,BANK-TRF,2026-01-08T20:42:10.000Z,TRF_1gbstmxnkg8wegse,fa6a9cac-1f21-4154-af63-ff03ce230649,subscription,📺,,,,9124324818,PalmPay,FEMI GABRIEL FASHOLA,110006260108204208094016076201,Gift for data,,
696016a54575b8e6d763052e,693dbac6b7bb1eb7bf94ed2c,Deposit,SUCCESS,2026-01-08T20:42:13.377Z,2026-02-26T15:43:34.212Z,50000,In-App-TRF,,fe1c3a23-d809-40d9-be83-167966b3b6dd,6945461a684734729a79e5e7,Rainy Day savings,💸,,,,,,,,,,
6960a4c04575b8e6d76305ce,692b0b72c0076069f22e6bc8,Withdrawal,SUCCESS,2026-01-09T06:48:32.580Z,2026-01-09T06:48:34.484Z,300000,BANK-TRF,2026-01-09T06:48:32.000Z,TRF_of50vq0bl8w1ddfo,c4d7c864-e935-4776-9ce7-2c932ff94ecb,fuel,⛽,,,,7036617718,OPay Digital Services Limited (OPay),ESTHER OMOREMI KEHINDE,9999910094027725901,For gas purchase,,
6960dd6eb1369fbf32d93021,691ec63d24cf6022a24d9775,Withdrawal,SUCCESS,2026-01-09T10:50:22.703Z,2026-01-09T10:50:24.422Z,4000000,BANK-TRF,2026-01-09T10:50:22.000Z,TRF_xhqkgxz4m4o21kgk,8a3fbb18-b022-49bb-9d6e-1b0b88005584,food,🥑,,,,0125547744,Guaranty Trust Bank,KENTADEBAYO TAIWO OLAWUMI,110006260109105021094035139001,,,
6960e007b1369fbf32d93070,692f31322dfc48a061640ed7,Withdrawal,SUCCESS,2026-01-09T11:01:27.758Z,2026-01-09T11:01:28.550Z,155000,BANK-TRF,2026-01-09T11:01:27.000Z,TRF_yzq19j95xwztpk03,3c037774-42f5-4145-b622-5a74717a61b3,beauty,💅,,,,5007091567,Nombank MFB,Ajibola Egbetade,110006260109110125094035472501,Drugs,,
6960e64cb1369fbf32d930b9,69357dedb402350f2601c8f6,Withdrawal,SUCCESS,2026-01-09T11:28:12.557Z,2026-01-09T11:28:14.438Z,100000,BANK-TRF,2026-01-09T11:28:12.000Z,TRF_f660ouxdiqdswvj8,9a14c326-66db-48e1-a71c-4fdd3c05c5d4,beauty,💅,,,,8100192727,OPay Digital Services Limited (OPay),BLESSING ESTHER IBIDAPO,9999910094036194301,,,
6960fe03b1369fbf32d93100,693ae3bf3785c2e1571503ef,Withdrawal,SUCCESS,2026-01-09T13:09:23.300Z,2026-01-09T13:09:42.542Z,1500000,BANK-TRF,2026-01-09T13:09:23.000Z,TRF_e05kzvg8k0tews8g,0184970e-5aa5-451e-8385-63d991cd4f2e,cleaning,🧼,,,,9026325823,OPay Digital Services Limited (OPay),FOLASADE VICTORIA OJEBIYI,9999910094038914701,Paid man watering the Tomatoes,,
6961022eb1369fbf32d93191,693ae3bf3785c2e1571503ef,Withdrawal,SUCCESS,2026-01-09T13:27:10.242Z,2026-01-09T13:27:12.164Z,200000,BANK-TRF,2026-01-09T13:27:10.000Z,TRF_j0qe76f1vcwed8t5,e6f96842-d594-4392-a70a-8ac8bd8712a3,childcare,🍼,,,,9026325823,OPay Digital Services Limited (OPay),FOLASADE VICTORIA OJEBIYI,9999910094039426901,Helth centre,,
69610b6eb1369fbf32d931c8,692f31322dfc48a061640ed7,Withdrawal,SUCCESS,2026-01-09T14:06:38.869Z,2026-01-09T14:06:40.951Z,115000,BANK-TRF,2026-01-09T14:06:38.000Z,TRF_qr7xkscaeot4k14z,fb58f296-300a-403c-b847-b3f0bc686ab8,beauty,💅,,,,9055485433,OPay Digital Services Limited (OPay),PATRICK NFONOBONG SAMUEL,9999910094040653201,,,
6961441ab1369fbf32d93253,691ec63d24cf6022a24d9775,Withdrawal,SUCCESS,2026-01-09T18:08:26.422Z,2026-01-09T18:08:28.005Z,380000,BANK-TRF,2026-01-09T18:08:26.000Z,TRF_wh34r2dxjewn2rvq,9d6005bc-13fd-4a23-aea1-f8354714de7d,GYM,💎,,,,6101059290,OPay Digital Services Limited (OPay),PATEOWEI DAKILEGA OGONRON,110006260109180823094048268201,,,
6961d41fb1369fbf32d9351f,691ec63d24cf6022a24d9775,Withdrawal,SUCCESS,2026-01-10T04:22:55.738Z,2026-01-10T04:23:04.293Z,2900000,BANK-TRF,2026-01-10T04:22:55.000Z,TRF_1qok59tdhxcdt75g,d1b484df-eb30-4a8d-8691-bfd84e37f28f,shopping,🛍️,,,,9300836766,Wema Bank,ANDROMEDATECH/OBADIMU JANET,110006260110042254094062120201,Perfume,,
6961d491b1369fbf32d9357e,691ec63d24cf6022a24d9775,Withdrawal,SUCCESS,2026-01-10T04:24:49.361Z,2026-01-10T04:24:50.971Z,50000,BANK-TRF,2026-01-10T04:24:49.000Z,TRF_48wdipazlkj6ohnm,125920eb-27e9-46eb-b0c9-4c698416b7cf,shopping,🛍️,,,,8101799492,OPay Digital Services Limited (OPay),IYANUOLUWA JOHN ADEBAYO,9999910094062135901,,,
6961e1eeb1369fbf32d93602,691ec63d24cf6022a24d9775,Withdrawal,SUCCESS,2026-01-10T05:21:50.937Z,2026-01-10T05:21:51.692Z,400000,BANK-TRF,2026-01-10T05:21:50.000Z,TRF_kw1w6bptoeadm6b1,243771d0-bd1c-484d-b1db-d571e81090dd,transportation,🚌,,,,8035637634,OPay Digital Services Limited (OPay),BUSIRAT ABIOLA OLUSOJI,9999910094062765101,,,
6961e3d4b1369fbf32d93625,691ec63d24cf6022a24d9775,Withdrawal,SUCCESS,2026-01-10T05:29:56.310Z,2026-01-10T05:29:57.100Z,200000,BANK-TRF,2026-01-10T05:29:56.000Z,TRF_poan3h4uf7k4s0sy,448bd130-7f3e-4855-9bcf-3f9698274819,transportation,🚌,,,,8166726840,Moniepoint MFB,AMINU ABDULLAHI,505150094062875601,,,
6961fa2eb1369fbf32d93650,691ec63d24cf6022a24d9775,Withdrawal,SUCCESS,2026-01-10T07:05:18.888Z,2026-01-10T07:05:20.697Z,1030000,BANK-TRF,2026-01-10T07:05:18.000Z,TRF_62wekqlinfnpelr1,a23e27e5-f432-4015-be04-08aff7e173cc,transportation,🚌,,,,9035146574,OPay Digital Services Limited (OPay),AKINWUNMI  OGUNGBESAN,9999910094064845601,,,
6962750bc372fa1e64315c9e,692f31322dfc48a061640ed7,Withdrawal,SUCCESS,2026-01-10T15:49:31.860Z,2026-01-10T15:49:33.738Z,300000,BANK-TRF,2026-01-10T15:49:31.000Z,TRF_oeommnbh7npr70uh,4ae45ed1-b36f-489d-bac8-f0a29e55d745,bankFees,🏦,,,,9055485433,OPay Digital Services Limited (OPay),PATRICK NFONOBONG SAMUEL,9999910094080851401,,,
6962b103c372fa1e64315dfd,695845161bafe7a105a68ceb,Deposit,SUCCESS,2026-01-10T20:05:23.599Z,2026-01-10T20:05:23.599Z,66000,BANK-TRF,2026-01-10T20:05:21.000Z,100004260110200416149655233565,AUTH_hwro86jehk,,,PRAISE AYOMIDE OMOLAOLU,OPay Digital Services Limited (OPay),8071683955,,,,,,,
6963575dc372fa1e64315ee5,69243743c07ce653d4d7de8a,Withdrawal,SUCCESS,2026-01-11T07:55:09.147Z,2026-01-11T07:55:11.316Z,160000,BANK-TRF,2026-01-11T07:55:09.000Z,TRF_te43tv9ody4e5346,6b1cafdd-65d8-4496-8ab0-9dbd9e06a8ed,electricity,💡,,,,6142464723,OPay Digital Services Limited (OPay),OLUWATOSIN TEMITOPE ADEGOKE,110006260111075507094113517001,,,
69637eb2c746b759bea86ec7,691ec63d24cf6022a24d9775,Withdrawal,SUCCESS,2026-01-11T10:42:58.639Z,2026-01-11T10:42:59.408Z,2000000,BANK-TRF,2026-01-11T10:42:58.000Z,TRF_r1hjn993jpshtdl9,7a2c7596-4015-4239-aeb1-58c585fe10ca,Spirit life,🍕,,,,8133687611,OPay Digital Services Limited (OPay),IDRIS KAYODE SHOTAYO,9999910094117954701,,,
69638fa2c746b759bea86f84,692f31322dfc48a061640ed7,Withdrawal,SUCCESS,2026-01-11T11:55:14.265Z,2026-01-11T11:55:16.230Z,300000,BANK-TRF,2026-01-11T11:55:14.000Z,TRF_pluqt8crwv2l2dzr,566e8b9b-2092-4967-8ae2-681ea423bbba,books,📚,,,,9055485433,OPay Digital Services Limited (OPay),PATRICK NFONOBONG SAMUEL,9999910094120068701,,,
696398b6c746b759bea87035,69235443db9c0f9697a47d20,Withdrawal,SUCCESS,2026-01-11T12:33:58.581Z,2026-01-11T12:34:00.527Z,200000,BANK-TRF,2026-01-11T12:33:58.000Z,TRF_ee1bganx4l0nsvsg,9d4e633b-6b15-45e3-90ba-078511740d75,fuel,⛽,,,,8938057860,PalmPay,RIGHT TIME MULTIBIZ VENTURES,110006260111123354094121256101,,,
6963cd54c746b759bea870e8,691ec63d24cf6022a24d9775,Deposit,SUCCESS,2026-01-11T16:18:28.685Z,2026-01-11T16:18:28.685Z,30400000,BANK-TRF,2026-01-11T16:18:27.000Z,090110260111171815116770652396,AUTH_avzdwo9qbc,,,Vant,VFD Microfinance Bank Limited,1026459314,,,,,,,
6963cfcdc746b759bea871a1,69235443db9c0f9697a47d20,Withdrawal,SUCCESS,2026-01-11T16:29:01.927Z,2026-01-11T16:29:03.958Z,5000000,BANK-TRF,2026-01-11T16:29:01.000Z,TRF_7zjn25siynt2fqtj,810f40fa-1ba1-4614-9f99-3052a4b43932,bankFees,🏦,,,,8135550655,OPay Digital Services Limited (OPay),TAIWO OREOLUWA AKINPELU,9999910094130364801,,,
6963d280c746b759bea87236,691ec63d24cf6022a24d9775,Withdrawal,SUCCESS,2026-01-11T16:40:32.540Z,2026-01-11T16:40:34.339Z,2020645,BANK-TRF,2026-01-11T16:40:32.000Z,TRF_yyl6hlfi2ne0qkov,07244f85-f78d-4673-a375-a08c504d811d,Caleb_Leadway,🥂,,,,9854991565,Paystack-Titan,LEADWAYASSURA/ETP25009696 IYANUOLUWA KENTADEBAYO,110006260111164028094130989701,ETP25009696,,
6963d6bfc746b759bea87260,691ec63d24cf6022a24d9775,Withdrawal,SUCCESS,2026-01-11T16:58:39.977Z,2026-01-11T16:58:41.754Z,310000,BANK-TRF,2026-01-11T16:58:39.000Z,TRF_2rtfpj081lav6zsj,7bfec286-7a4a-4ab2-9bfa-a067e3082357,transportation,🚌,,,,8134911120,OPay Digital Services Limited (OPay),YUSUF Olalekan SALAUDEEN,9999910094131832901,,,
6963da27c746b759bea87288,691ec63d24cf6022a24d9775,Withdrawal,SUCCESS,2026-01-11T17:13:11.430Z,2026-01-11T17:13:12.164Z,700000,BANK-TRF,2026-01-11T17:13:11.000Z,TRF_xltucc64k9r5pp1k,ec4e54a1-405e-4ee6-88f6-4acf8d7c99f2,Spirit life,🍕,,,,8113150742,OPay Digital Services Limited (OPay),ADEJARE SUNDAY OYEWUMI,9999910094132575501,,,
6963ecf8c746b759bea87309,691ec63d24cf6022a24d9775,Withdrawal,SUCCESS,2026-01-11T18:33:28.669Z,2026-01-11T18:33:30.488Z,2000000,BANK-TRF,2026-01-11T18:33:28.000Z,TRF_ztsj5egwo546gvfx,5b616b9e-5f10-404c-aba7-a0bbac5eda34,Spirit life,🍕,,,,8133687611,OPay Digital Services Limited (OPay),IDRIS KAYODE SHOTAYO,9999910094137583501,,,
6964b05bc746b759bea87428,69243743c07ce653d4d7de8a,Withdrawal,SUCCESS,2026-01-12T08:27:07.336Z,2026-01-12T08:27:09.340Z,40000,BANK-TRF,2026-01-12T08:27:07.000Z,TRF_octqtx4bwm370dbl,8a4b1fbc-15ec-4b3d-9451-19b4a80207f1,electricity,💡,,,,8107855430,OPay Digital Services Limited (OPay),ABIOLA EMMANUEL OLOWU,9999910094186157801,,,
6964cd3ac746b759bea875cc,693e789aa92bdf5f6c76cf97,Withdrawal,SUCCESS,2026-01-12T10:30:18.878Z,2026-01-12T10:30:19.597Z,50000,BANK-TRF,2026-01-12T10:30:18.000Z,TRF_fzg6gk072l1z6q8a,04797810-ea5f-4d9b-b99d-8323ccfb9fda,food,🥑,,,,2008464970,Kuda Bank,"ADEYOMBO, OLUWAPONMILE FAITH",110006260112103017094191860701,,,
6964ced1f6896d99eb927169,693e789aa92bdf5f6c76cf97,Withdrawal,SUCCESS,2026-01-12T10:37:05.786Z,2026-01-12T10:37:07.712Z,350000,BANK-TRF,2026-01-12T10:37:05.000Z,TRF_zje9qlaqw0atl4y1,bd2b9af1-cb92-44b1-940c-bb78e1b58d36,transportation,🚌,,,,8116484903,OPay Digital Services Limited (OPay),FAITH OLUWAPONMILE ADEYOMBO,9999910094192167501,,,
696514b3f6896d99eb92726c,691ec63d24cf6022a24d9775,Withdrawal,SUCCESS,2026-01-12T15:35:15.078Z,2026-01-12T15:35:16.979Z,1000000,BANK-TRF,2026-01-12T15:35:14.000Z,TRF_9dw75izf5inlweu3,3683a5a2-763e-4c25-b537-e0f3ed001a6c,loan,📉,,,,9151753052,OPay Digital Services Limited (OPay),MARYAM ABIOLA OGUNSORO,9999910094203929301,,,
69651970f6896d99eb927359,691ec63d24cf6022a24d9775,Withdrawal,SUCCESS,2026-01-12T15:55:28.824Z,2026-01-12T15:55:30.444Z,500000,BANK-TRF,2026-01-12T15:55:28.000Z,TRF_vprfzzdjezf2oznh,b2c11496-6b10-4088-9455-d1c6167472ea,food,🥑,,,,6108627567,OPay Digital Services Limited (OPay),REGDAM COMMUNICATIONS,110006260112155526094204592201,,,
69652129f6896d99eb927482,693e789aa92bdf5f6c76cf97,Withdrawal,SUCCESS,2026-01-12T16:28:25.686Z,2026-01-12T16:28:27.364Z,500000,BANK-TRF,2026-01-12T16:28:25.000Z,TRF_66wpibutiyowb67p,7d080b7c-bba3-4c54-80ee-7a77108e3325,food,🥑,,,,8116484903,OPay Digital Services Limited (OPay),FAITH OLUWAPONMILE ADEYOMBO,9999910094205826801,,,
696547a1f6896d99eb927529,691ec63d24cf6022a24d9775,Withdrawal,SUCCESS,2026-01-12T19:12:33.527Z,2026-01-12T19:12:35.236Z,150000,BANK-TRF,2026-01-12T19:12:33.000Z,TRF_adbwgcn87dwqhg88,6b61d6c1-992f-4dd9-9cb8-3ea4e97b711a,Caleb_Leadway,🥂,,,,8166726840,Moniepoint MFB,AMINU ABDULLAHI,505150094211620601,,,
69665b0e85b9b43bbfb96c1e,693dbac6b7bb1eb7bf94ed2c,Withdrawal,SUCCESS,2026-01-13T14:47:42.393Z,2026-01-13T14:47:42.393Z,10000,In-App-TRF,,695e7f89622b8f80c677c68a,b040cda3-3abc-4924-b032-7579f99c6dfa,Rental,🚌,,,,,,,,,,
69665d7085b9b43bbfb96c47,693dbac6b7bb1eb7bf94ed2c,Withdrawal,SUCCESS,2026-01-13T14:57:52.014Z,2026-01-13T14:57:52.014Z,20000,In-App-TRF,,695e7cb5622b8f80c677c66f,d87c6d3c-6ab0-428e-8c61-745dde6d6f35,Vacation,💡,,,,,,,,,,
6966626a85b9b43bbfb96c66,693dbac6b7bb1eb7bf94ed2c,Withdrawal,SUCCESS,2026-01-13T15:19:06.136Z,2026-01-13T15:19:06.136Z,20000,In-App-TRF,,695e7a4f622b8f80c677c65e,90985067-24b6-483b-8244-7eb017b5f5fc,Gadgets,✍️,,,,,,,,,,
69666f2a85b9b43bbfb96d88,691cc13665dffc4250474b6a,Deposit,SUCCESS,2026-01-13T16:13:30.013Z,2026-01-13T16:13:30.013Z,300000,BANK-TRF,2026-01-13T16:13:28.000Z,100004260113161300149850218973,AUTH_xjro7ex6l1,,,GOODNESS AYOBAMI TAIWO,OPay Digital Services Limited (OPay),8131655804,,,,,,,
6966714085b9b43bbfb96deb,693dbac6b7bb1eb7bf94ed2c,Withdrawal,SUCCESS,2026-01-13T16:22:24.902Z,2026-01-13T16:22:26.986Z,1250000,BANK-TRF,2026-01-13T16:22:24.000Z,TRF_pv1wu0w192luwale,ec3b9bef-d39f-414c-9b99-770faaeac5c5,donation,🙏,,,,9124324818,PalmPay,FEMI GABRIEL FASHOLA,110006260113162222094245213101,Data,,
6966714385b9b43bbfb96df9,693dbac6b7bb1eb7bf94ed2c,Deposit,SUCCESS,2026-01-13T16:22:27.874Z,2026-02-26T15:43:34.306Z,62500,In-App-TRF,,caeeb371-da07-47ff-af02-407cdccaf876,6945461a684734729a79e5e7,Rainy Day savings,💸,,,,,,,,,,
6966953385b9b43bbfb96e9c,691ec63d24cf6022a24d9775,Withdrawal,SUCCESS,2026-01-13T18:55:47.795Z,2026-01-13T18:55:48.530Z,120000,BANK-TRF,2026-01-13T18:55:47.000Z,TRF_cfc2ao4c93j3y026,c65b23cc-492a-4255-b2d5-405d5f39d9ec,Template_Transportation,🚕,,,,9051385619,OPay Digital Services Limited (OPay),AYOOLA GOODNESS AYORINDE,9999910094249069101,,,
69669ae385b9b43bbfb96f5b,691ec63d24cf6022a24d9775,Withdrawal,SUCCESS,2026-01-13T19:20:03.213Z,2026-01-13T19:20:05.079Z,1500000,BANK-TRF,2026-01-13T19:20:02.000Z,TRF_d17w3xz9ypnx1kct,1ccfc353-cb6f-421f-b6b3-8e773fa030ab,fuel,⛽,,,,8101799492,OPay Digital Services Limited (OPay),IYANUOLUWA JOHN ADEBAYO,110006260113191959094249681301,,,
6966a02d85b9b43bbfb96fad,691ec63d24cf6022a24d9775,Withdrawal,SUCCESS,2026-01-13T19:42:37.057Z,2026-01-13T19:42:38.710Z,275000,BANK-TRF,2026-01-13T19:42:36.000Z,TRF_g0u2jznpy9l0bac6,390c3187-2519-4916-ad1a-4c8b2ac96ef5,food,🥑,,,,5180430651,Moniepoint MFB, REJOICE SUPERMART - KEMTA 3,505150094250241001,,,
6966a3ff85b9b43bbfb97020,69235443db9c0f9697a47d20,Withdrawal,SUCCESS,2026-01-13T19:58:55.202Z,2026-01-13T19:58:57.351Z,1250000,BANK-TRF,2026-01-13T19:58:55.000Z,TRF_dver02gp2m78kino,d2326c8a-a430-4652-b062-548204329a7a,fuel,⛽,,,,8135550655,OPay Digital Services Limited (OPay),TAIWO OREOLUWA AKINPELU,110006260113195852094250685401,,,
69674ba561562ece5ab47607,691ec63d24cf6022a24d9775,Withdrawal,SUCCESS,2026-01-14T07:54:13.925Z,2026-01-14T07:54:15.643Z,300000,BANK-TRF,2026-01-14T07:54:13.000Z,TRF_8690it9k8994a6ys,6a318cfb-aa11-4e1b-96fe-2eb290c7d1fa,food,🥑,,,,7048776297,OPay Digital Services Limited (OPay),HANNAH OLUWATOSIN JOHNSON,9999910094264920501,,,
69674c2a61562ece5ab47660,691ec63d24cf6022a24d9775,Withdrawal,SUCCESS,2026-01-14T07:56:26.119Z,2026-01-14T07:56:27.946Z,8000000,BANK-TRF,2026-01-14T07:56:26.000Z,TRF_6hp7dck7mrcwherv,ac2ad516-3be6-4ee8-b1f7-def9d29b404b,CAC reg,📦,,,,8155807001,OPay Digital Services Limited (OPay),OLUWATOMISIN ESTHER OGUNJOBI,110006260114075624094264974201,,,
69676ac361562ece5ab476fc,691ec63d24cf6022a24d9775,Withdrawal,SUCCESS,2026-01-14T10:06:59.610Z,2026-01-14T10:07:00.382Z,400000,BANK-TRF,2026-01-14T10:06:59.000Z,TRF_1nu00668w3x98cz9,b11df2e6-8064-40de-af67-74ae13f74d04,beauty,💅,,,,9131965226,OPay Digital Services Limited (OPay),ABDULAZEEZ GBOLAHAN ABDULWASIU,9999910094268632601,,,
6967742a61562ece5ab477c2,691ec63d24cf6022a24d9775,Withdrawal,SUCCESS,2026-01-14T10:47:06.982Z,2026-01-14T10:47:08.765Z,350000,BANK-TRF,2026-01-14T10:47:06.000Z,TRF_nz8sm879rzcrgebo,b9280040-6991-4121-a0c8-14bec36dbab3,internet,🌐,,,,8101799492,Beststar Microfinance Bank,JOHN KENT-ADEBAYO,110006260114104704094269771501,,,
6967d87d61562ece5ab47a5c,691ec63d24cf6022a24d9775,Deposit,SUCCESS,2026-01-14T17:55:09.651Z,2026-01-14T17:55:09.651Z,3100000,BANK-TRF,2026-01-14T17:55:08.000Z,000012260114185252620110424716,AUTH_gnxbcydip1,,,NIKOY NIGERIA LIMITED,Stanbic IBTC Bank,0009218858,,,,,,,
6967dd9661562ece5ab47ab8,691ec63d24cf6022a24d9775,Withdrawal,SUCCESS,2026-01-14T18:16:54.778Z,2026-01-14T18:16:56.452Z,70000,BANK-TRF,2026-01-14T18:16:54.000Z,TRF_fq5ow5goxanurkvy,d78661a0-e701-4770-9c3b-20403bb58db9,GYM,💎,,,,6101059290,OPay Digital Services Limited (OPay),PATEOWEI DAKILEGA OGONRON,110006260114181653094282502601,,,
6967f2dd61562ece5ab47b62,693dbac6b7bb1eb7bf94ed2c,Deposit,SUCCESS,2026-01-14T19:47:41.208Z,2026-02-26T15:43:34.412Z,500,In-App-TRF,,c374f293-3c1a-454c-aed0-5b9de541041e,6945461a684734729a79e5e7,Rainy Day savings,💸,,,,,,,,,,
6968b0f5bcab8c9e0ccde2fa,693dbac6b7bb1eb7bf94ed2c,Deposit,SUCCESS,2026-01-15T09:18:45.009Z,2026-02-26T15:43:34.508Z,500,In-App-TRF,,c2798973-4afb-4a7e-9aa3-a63df6aa1574,6945461a684734729a79e5e7,Rainy Day savings,💸,,,,,,,,,,
6968f890bcab8c9e0ccde43a,692c2f24c0076069f22e7a48,Withdrawal,SUCCESS,2026-01-15T14:24:16.189Z,2026-01-15T14:24:18.136Z,100000,BANK-TRF,2026-01-15T14:24:16.000Z,TRF_xqnld4dcnb3h3nwm,f9fee265-459e-46ab-a7b8-9e2cc2ae8f3c,cleaning,🧼,,,,8080364696,OPay Digital Services Limited (OPay),nafisat opeyemi olanrewaju,9999910094308888401,,,
6969083bbcab8c9e0ccde489,693dbac6b7bb1eb7bf94ed2c,Deposit,SUCCESS,2026-01-15T15:31:07.003Z,2026-01-15T15:31:07.003Z,20000,BANK-TRF,2026-01-15T15:31:05.000Z,100033260115153058760093128820,AUTH_9xnegwvpau,,,FEMI GABRIEL FASHOLA,PalmPay,9124324818,,,,,,,
69690bd1bcab8c9e0ccde527,693dbac6b7bb1eb7bf94ed2c,Withdrawal,SUCCESS,2026-01-15T15:46:25.273Z,2026-01-15T15:46:26.010Z,10000,BANK-TRF,2026-01-15T15:46:25.000Z,TRF_gifxk729b61ycps6,27301312-f6d4-458e-a5f0-bd95c6b83f66,books,📚,,,,9124324818,PalmPay,FEMI GABRIEL FASHOLA,110006260115154621094310976501,,,
69690bd2bcab8c9e0ccde531,693dbac6b7bb1eb7bf94ed2c,Deposit,SUCCESS,2026-01-15T15:46:26.926Z,2026-02-26T15:43:34.620Z,500,In-App-TRF,,d5abac12-fa0a-46ae-b1fb-b1285e2af9f0,6945461a684734729a79e5e7,Rainy Day savings,💸,,,,,,,,,,
69691662bcab8c9e0ccde57d,693dbac6b7bb1eb7bf94ed2c,Withdrawal,SUCCESS,2026-01-15T16:31:30.261Z,2026-01-15T16:31:30.985Z,10000,BANK-TRF,2026-01-15T16:31:30.000Z,TRF_9nhvrf2vypzw8kb8,1b69e6ae-909c-40b5-8214-8cbf4bd03eed,food,🥑,,,,9124324818,PalmPay,FEMI GABRIEL FASHOLA,110006260115163127094312105301,,,
69691663bcab8c9e0ccde589,693dbac6b7bb1eb7bf94ed2c,Deposit,SUCCESS,2026-01-15T16:31:31.897Z,2026-02-26T15:43:34.741Z,500,In-App-TRF,,1fafefa0-f1ad-4090-9562-7ea0aa6f53ef,6945461a684734729a79e5e7,Rainy Day savings,💸,,,,,,,,,,
69691745bcab8c9e0ccde595,693dbac6b7bb1eb7bf94ed2c,Withdrawal,SUCCESS,2026-01-15T16:35:17.524Z,2026-01-15T16:35:19.372Z,10000,BANK-TRF,2026-01-15T16:35:17.000Z,TRF_5yurnam60fmtc9g7,1e3115a7-0799-4568-9a3a-2d66c8926933,food,🥑,,,,9124324818,PalmPay,FEMI GABRIEL FASHOLA,110006260115163515094312198801,,,
69691748bcab8c9e0ccde5a4,693dbac6b7bb1eb7bf94ed2c,Deposit,SUCCESS,2026-01-15T16:35:20.282Z,2026-02-26T15:43:34.859Z,500,In-App-TRF,,7a812309-8b11-46a1-82f7-2c542d9b0de9,6945461a684734729a79e5e7,Rainy Day savings,💸,,,,,,,,,,
696930b3bcab8c9e0ccde63b,693dbac6b7bb1eb7bf94ed2c,Deposit,SUCCESS,2026-01-15T18:23:47.458Z,2026-01-15T18:23:47.458Z,30000,BANK-TRF,2026-01-15T18:23:46.000Z,100033260115182326714803217982,AUTH_y5pdkv7r46,,,FEMI GABRIEL FASHOLA,PalmPay,9124324818,,,,,,,
6969311ebcab8c9e0ccde672,693dbac6b7bb1eb7bf94ed2c,Withdrawal,SUCCESS,2026-01-15T18:25:34.339Z,2026-01-15T18:25:35.076Z,10000,BANK-TRF,2026-01-15T18:25:34.000Z,TRF_0kghk3zpfttaso0x,2ecdb256-68c6-45a4-a292-9664a9b51e6a,food,🥑,,,,9124324818,PalmPay,FEMI GABRIEL FASHOLA,110006260115182532094314851301,,,
6969311fbcab8c9e0ccde67e,693dbac6b7bb1eb7bf94ed2c,Deposit,SUCCESS,2026-01-15T18:25:35.987Z,2026-02-26T15:43:34.973Z,500,In-App-TRF,,dee9c570-a326-46e7-83b5-11a27adcb4d9,6945461a684734729a79e5e7,Rainy Day savings,💸,,,,,,,,,,
69693d0fbcab8c9e0ccde7dd,691ec63d24cf6022a24d9775,Withdrawal,SUCCESS,2026-01-15T19:16:31.558Z,2026-01-15T19:16:33.151Z,10000,BANK-TRF,2026-01-15T19:16:31.000Z,TRF_mzjle1w3q27yiv34,6f841013-162f-4516-b09e-8efccb441b5d,Land,🌴,,,,8101799492,Beststar Microfinance Bank,JOHN KENT-ADEBAYO,110006260115191629094316114701,,,
6969483bbcab8c9e0ccde8bd,693dbac6b7bb1eb7bf94ed2c,Withdrawal,SUCCESS,2026-01-15T20:04:11.446Z,2026-01-15T20:04:13.334Z,10000,BANK-TRF,2026-01-15T20:04:11.000Z,TRF_m9eu9ofyn6uk09pr,76079cd8-6891-45cd-a0c4-4182c58d2e0d,food,🥑,,,,9124324818,PalmPay,FEMI GABRIEL FASHOLA,110006260115200409094317283601,,,
6969483ebcab8c9e0ccde8cb,693dbac6b7bb1eb7bf94ed2c,Deposit,SUCCESS,2026-01-15T20:04:14.222Z,2026-02-26T15:43:35.092Z,500,In-App-TRF,,2774e5b5-0443-4fb9-a6ce-615e61bf67c5,6945461a684734729a79e5e7,Rainy Day savings,💸,,,,,,,,,,
6969b9210b6b2ab331a67cd0,69235443db9c0f9697a47d20,Withdrawal,SUCCESS,2026-01-16T04:05:53.922Z,2026-01-16T04:05:56.044Z,1000000,BANK-TRF,2026-01-16T04:05:53.000Z,TRF_fttshix0mqgh5v49,b9c74c1e-1cfd-40ca-b7e9-ce32fb7d73e7,fuel,⛽,,,,8135550655,OPay Digital Services Limited (OPay),TAIWO OREOLUWA AKINPELU,110006260116040552094326530001,,,
696a4c040b6b2ab331a67e60,693dbac6b7bb1eb7bf94ed2c,Deposit,PENDING,2026-01-16T14:32:36.126Z,2026-01-16T14:32:36.126Z,,,,,,,,,,,,,,,,,
696a4c770b6b2ab331a67e65,693dbac6b7bb1eb7bf94ed2c,Deposit,PENDING,2026-01-16T14:34:31.887Z,2026-01-16T14:34:31.887Z,,,,,,,,,,,,,,,,,
696a5b200b6b2ab331a67e90,693dbac6b7bb1eb7bf94ed2c,Deposit,PENDING,2026-01-16T15:37:04.906Z,2026-01-16T15:37:04.906Z,,,,,,,,,,,,,,,,,
696a5b5e0b6b2ab331a67e95,693dbac6b7bb1eb7bf94ed2c,Deposit,PENDING,2026-01-16T15:38:06.968Z,2026-01-16T15:38:06.968Z,,,,,,,,,,,,,,,,,
696a5b7f0b6b2ab331a67e9a,693dbac6b7bb1eb7bf94ed2c,Deposit,PENDING,2026-01-16T15:38:39.679Z,2026-01-16T15:38:39.679Z,,,,,,,,,,,,,,,,,
696a5b940b6b2ab331a67e9f,693dbac6b7bb1eb7bf94ed2c,Deposit,PENDING,2026-01-16T15:39:00.714Z,2026-01-16T15:39:00.714Z,,,,,,,,,,,,,,,,,
696a5ba90b6b2ab331a67ea4,693dbac6b7bb1eb7bf94ed2c,Deposit,PENDING,2026-01-16T15:39:21.411Z,2026-01-16T15:39:21.411Z,,,,,,,,,,,,,,,,,
696a5bc10b6b2ab331a67ea9,693dbac6b7bb1eb7bf94ed2c,Deposit,PENDING,2026-01-16T15:39:45.076Z,2026-01-16T15:39:45.076Z,,,,,,,,,,,,,,,,,
696a5bf80b6b2ab331a67eae,693dbac6b7bb1eb7bf94ed2c,Deposit,PENDING,2026-01-16T15:40:40.679Z,2026-01-16T15:40:40.679Z,,,,,,,,,,,,,,,,,
696a5c090b6b2ab331a67eb3,693dbac6b7bb1eb7bf94ed2c,Deposit,PENDING,2026-01-16T15:40:57.062Z,2026-01-16T15:40:57.062Z,,,,,,,,,,,,,,,,,
696a5c6b0b6b2ab331a67eb8,693dbac6b7bb1eb7bf94ed2c,Deposit,PENDING,2026-01-16T15:42:35.728Z,2026-01-16T15:42:35.728Z,,,,,,,,,,,,,,,,,
696a5c780b6b2ab331a67ebd,693dbac6b7bb1eb7bf94ed2c,Deposit,PENDING,2026-01-16T15:42:48.174Z,2026-01-16T15:42:48.174Z,,,,,,,,,,,,,,,,,
696a5c960b6b2ab331a67ec2,693dbac6b7bb1eb7bf94ed2c,Deposit,PENDING,2026-01-16T15:43:18.400Z,2026-01-16T15:43:18.400Z,,,,,,,,,,,,,,,,,
696a5c9f0b6b2ab331a67ec7,693dbac6b7bb1eb7bf94ed2c,Deposit,PENDING,2026-01-16T15:43:27.688Z,2026-01-16T15:43:27.688Z,,,,,,,,,,,,,,,,,
696a6eea0b6b2ab331a67eec,693dbac6b7bb1eb7bf94ed2c,Deposit,PENDING,2026-01-16T17:01:30.345Z,2026-01-16T17:01:30.345Z,,,,,,,,,,,,,,,,,
696a7578e7e1a2189d048655,68894fdf3fe661ad58144838,Deposit,PENDING,2026-01-16T17:29:28.652Z,2026-01-16T17:29:28.652Z,,,,,,,,,,,,,,,,,
696a7e6b3433d7229d85fdc9,693dbac6b7bb1eb7bf94ed2c,Deposit,PENDING,2026-01-16T18:07:39.634Z,2026-01-16T18:07:39.634Z,400000,,,,,,,,,,,,,,,,
696a7fd13433d7229d85fde4,693dbac6b7bb1eb7bf94ed2c,Deposit,PENDING,2026-01-16T18:13:37.293Z,2026-01-16T18:13:37.293Z,10000,,,,,,,,,,,,,,,,
696a835f3433d7229d85fde9,693dbac6b7bb1eb7bf94ed2c,Deposit,PENDING,2026-01-16T18:28:47.870Z,2026-01-16T18:28:47.870Z,10000,,,,,,,,,,,,,,,,
696a837c3433d7229d85fdee,693dbac6b7bb1eb7bf94ed2c,Deposit,PENDING,2026-01-16T18:29:16.337Z,2026-01-16T18:29:16.337Z,10000,,,,,,,,,,,,,,,,
696a85423433d7229d85fe07,693dbac6b7bb1eb7bf94ed2c,Deposit,PENDING,2026-01-16T18:36:50.183Z,2026-01-16T18:36:50.183Z,10000,,,,,,,,,,,,,,,,
696a85623433d7229d85fe0c,693dbac6b7bb1eb7bf94ed2c,Deposit,PENDING,2026-01-16T18:37:22.253Z,2026-01-16T18:37:22.253Z,10000,,,,,,,,,,,,,,,,
696a86403433d7229d85fe11,693dbac6b7bb1eb7bf94ed2c,Deposit,PENDING,2026-01-16T18:41:04.177Z,2026-01-16T18:41:04.177Z,10000,,,,,,,,,,,,,,,,
696a867d3433d7229d85fe16,693dbac6b7bb1eb7bf94ed2c,Deposit,PENDING,2026-01-16T18:42:05.455Z,2026-01-16T18:42:05.455Z,10000,,,,,,,,,,,,,,,,
696a8e5f3433d7229d85fe38,693dbac6b7bb1eb7bf94ed2c,Deposit,PENDING,2026-01-16T19:15:43.936Z,2026-01-16T19:15:43.936Z,10000,,,,,,,,,,,,,,,,
696a9e6e3433d7229d85fe89,692b0b72c0076069f22e6bc8,Deposit,PENDING,2026-01-16T20:24:14.730Z,2026-01-16T20:24:14.730Z,300000,,,,,,,,,,,,,,,,
696a9ed53433d7229d85fe8e,693dbac6b7bb1eb7bf94ed2c,Deposit,PENDING,2026-01-16T20:25:57.900Z,2026-01-16T20:25:57.900Z,40000,,,,,,,,,,,,,,,,
696b4a4f3cfcbe94e38ad448,693dbac6b7bb1eb7bf94ed2c,Deposit,PENDING,2026-01-17T08:37:35.351Z,2026-01-17T08:37:35.351Z,40000,,,,,,,,,,,,,,,,
696b81113cfcbe94e38ad63c,693dbac6b7bb1eb7bf94ed2c,Deposit,PENDING,2026-01-17T12:31:13.658Z,2026-01-17T12:31:13.658Z,5000,,,,,,,,,,,,,,,,
696b814e3cfcbe94e38ad641,693dbac6b7bb1eb7bf94ed2c,Deposit,PENDING,2026-01-17T12:32:14.529Z,2026-01-17T12:32:14.529Z,5000,,,,,,,,,,,,,,,,
696b92133cfcbe94e38ad6ab,693dbac6b7bb1eb7bf94ed2c,Deposit,PENDING,2026-01-17T13:43:47.817Z,2026-01-17T13:43:47.817Z,10000,,,,,,,,,,,,,,,,
696bdcf414bfbd9763be04f9,692c2f24c0076069f22e7a48,Withdrawal,SUCCESS,2026-01-17T19:03:16.511Z,2026-01-17T19:03:18.575Z,100000,BANK-TRF,2026-01-17T19:03:16.000Z,TRF_n5oisfp8ivjra7sk,5e361797-dfa0-4cd7-8482-d99f9cc5a483,childcare,🍼,,,,8136346155,OPay Digital Services Limited (OPay),PRECIOUS AJOKE ADEKUNLE,9999910094382336601,,,
696bdd1614bfbd9763be0512,692c2f24c0076069f22e7a48,Withdrawal,SUCCESS,2026-01-17T19:03:50.758Z,2026-01-17T19:03:52.665Z,20000,BANK-TRF,2026-01-17T19:03:50.000Z,TRF_ua7yj5g2xh2w7d1a,7226bb52-7c03-4d4b-a8b1-a11cf14a2862,bankFees,🏦,,,,8136346155,OPay Digital Services Limited (OPay),PRECIOUS AJOKE ADEKUNLE,9999910094382354401,,,
696beb6314bfbd9763be0597,691ec63d24cf6022a24d9775,Withdrawal,SUCCESS,2026-01-17T20:04:51.044Z,2026-01-17T20:04:52.778Z,1560000,BANK-TRF,2026-01-17T20:04:50.000Z,TRF_bmgcvd6ix1wmcfdf,f6c41db8-d299-41d8-bbfc-e85c946a92ca,food,🥑,,,,8029718204,OPay Digital Services Limited (OPay),FEYISARA ABISOLA SULU,110006260117200448094384427801,Gas,,
696beb6514bfbd9763be05a4,691ec63d24cf6022a24d9775,Deposit,SUCCESS,2026-01-17T20:04:53.706Z,2026-02-26T15:43:35.188Z,46800,In-App-TRF,,bbd6a085-5c6b-47d2-a6d9-ce00ed7f4114,69303185498828a2484c46ac,Rainy Day savings,💸,,,,,,,,,,
696bf0af14bfbd9763be061d,695845161bafe7a105a68ceb,Withdrawal,SUCCESS,2026-01-17T20:27:27.180Z,2026-01-17T20:27:29.013Z,200000,BANK-TRF,2026-01-17T20:27:27.000Z,TRF_1fuek0e6mpc3ik16,976d7406-529c-44be-b7a2-b646c66935f2,bankFees,🏦,,,,8071683955,OPay Digital Services Limited (OPay),PRAISE AYOMIDE OMOLAOLU,9999910094385028101,Personal Transfer ,,
696c9c8314bfbd9763be06b3,691ec63d24cf6022a24d9775,Withdrawal,SUCCESS,2026-01-18T08:40:35.569Z,2026-01-18T08:40:37.378Z,7500000,BANK-TRF,2026-01-18T08:40:35.000Z,TRF_x0rqg2ofep77my32,977d7d9b-3e2f-4419-a726-a7a833e8afea,loan,📉,,,,0125547744,Guaranty Trust Bank,KENTADEBAYO TAIWO OLAWUMI,110006260118084033094396452801,,,
696c9c8614bfbd9763be06c1,691ec63d24cf6022a24d9775,Deposit,SUCCESS,2026-01-18T08:40:38.288Z,2026-02-26T15:43:35.317Z,225000,In-App-TRF,,8afefec5-7198-4a6c-9a3f-4d11f4b7cefa,69303185498828a2484c46ac,Rainy Day savings,💸,,,,,,,,,,
696c9f9514bfbd9763be06fa,691ec63d24cf6022a24d9775,Withdrawal,SUCCESS,2026-01-18T08:53:41.881Z,2026-01-18T08:53:43.457Z,500000,BANK-TRF,2026-01-18T08:53:41.000Z,TRF_ec8rjwobykz8deu2,890919bd-89d9-4366-94d7-62789780051e,food,🥑,,,,8100192727,OPay Digital Services Limited (OPay),BLESSING ESTHER IBIDAPO,9999910094396741801,,,
696c9f9814bfbd9763be0708,691ec63d24cf6022a24d9775,Deposit,SUCCESS,2026-01-18T08:53:44.365Z,2026-02-26T15:43:35.410Z,15000,In-App-TRF,,0e146836-7cc4-4861-858b-1f9563db14f2,69303185498828a2484c46ac,Rainy Day savings,💸,,,,,,,,,,
696cac3b14bfbd9763be0716,695845161bafe7a105a68ceb,Deposit,SUCCESS,2026-01-18T09:47:39.614Z,2026-01-18T09:47:39.614Z,200000,BANK-TRF,2026-01-18T09:47:38.000Z,100004260118094706150192958137,AUTH_jkvavpiucw,,,PRAISE AYOMIDE OMOLAOLU,OPay Digital Services Limited (OPay),8071683955,,,,,,,
696ce26114bfbd9763be0755,691ec63d24cf6022a24d9775,Withdrawal,SUCCESS,2026-01-18T13:38:41.590Z,2026-01-18T13:38:43.374Z,120000,BANK-TRF,2026-01-18T13:38:41.000Z,TRF_kkxfwnl01a04bcwy,cf565ff3-a882-4f21-9427-171343fca69b,Template_Transportation,🚕,,,,9051385619,OPay Digital Services Limited (OPay),AYOOLA GOODNESS AYORINDE,9999910094403958501,,,
696ce26414bfbd9763be0763,691ec63d24cf6022a24d9775,Deposit,SUCCESS,2026-01-18T13:38:44.283Z,2026-02-26T15:43:35.508Z,3600,In-App-TRF,,d5f5fb17-8aec-4430-9ce9-49ec6b85da53,69303185498828a2484c46ac,Rainy Day savings,💸,,,,,,,,,,
696cea6014bfbd9763be0793,691ec63d24cf6022a24d9775,Withdrawal,SUCCESS,2026-01-18T14:12:48.583Z,2026-01-18T14:12:50.494Z,1000000,BANK-TRF,2026-01-18T14:12:48.000Z,TRF_3f0a7o35qhlj7kke,2bbff95d-dace-4117-be0b-459bfa6e1974,fuel,⛽,,,,6108896168,OPay Digital Services Limited (OPay),FPCL ABK 1- IBB 3,110006260118141246094404931201,,,
696cea6314bfbd9763be07a2,691ec63d24cf6022a24d9775,Deposit,SUCCESS,2026-01-18T14:12:51.404Z,2026-02-26T15:43:35.631Z,30000,In-App-TRF,,47c85e41-5583-479d-8f55-02201e52eed3,69303185498828a2484c46ac,Rainy Day savings,💸,,,,,,,,,,
696cfedb14bfbd9763be081a,695845161bafe7a105a68ceb,Deposit,SUCCESS,2026-01-18T15:40:11.967Z,2026-01-18T15:40:11.967Z,20000,BANK-TRF,2026-01-18T15:40:10.000Z,100004260118153944150215940181,AUTH_mgka2vy4lf,,,PRAISE AYOMIDE OMOLAOLU,OPay Digital Services Limited (OPay),8071683955,,,,,,,
696d026114bfbd9763be08bc,695845161bafe7a105a68ceb,Withdrawal,SUCCESS,2026-01-18T15:55:13.647Z,2026-01-18T15:55:15.556Z,200000,BANK-TRF,2026-01-18T15:55:13.000Z,TRF_77mgrupjc3or6uvg,42a0316a-1d00-4c98-9387-bfd114a27991,donation,🙏,,,,7057516999,OPay Digital Services Limited (OPay),FAVOUR OPEYEMI OYEBOLA,9999910094407612801,Support for school fees,,
696d060914bfbd9763be0965,691ec63d24cf6022a24d9775,Withdrawal,SUCCESS,2026-01-18T16:10:49.780Z,2026-01-18T16:10:51.413Z,100000,BANK-TRF,2026-01-18T16:10:49.000Z,TRF_y2cnsitq3ldhcx8h,251e0204-7b8c-484b-951f-56a7e2ce4c70,food,🥑,,,,0125547744,Guaranty Trust Bank,KENTADEBAYO TAIWO OLAWUMI,110006260118161048094408157001,,,
696d060c14bfbd9763be0970,691ec63d24cf6022a24d9775,Deposit,SUCCESS,2026-01-18T16:10:52.331Z,2026-02-26T15:43:35.765Z,3000,In-App-TRF,,c88e06cd-ee93-4f0f-8e1f-39364859e790,69303185498828a2484c46ac,Rainy Day savings,💸,,,,,,,,,,
696d18a32554419c76c9bb1b,695845161bafe7a105a68ceb,Deposit,SUCCESS,2026-01-18T17:30:11.128Z,2026-01-18T17:30:11.128Z,50000,BANK-TRF,2026-01-18T17:30:09.000Z,100004260118172730150223186199,AUTH_6q2nblxxte,,,PRAISE AYOMIDE OMOLAOLU,OPay Digital Services Limited (OPay),8071683955,,,,,,,
696e2bdb018126d9db73ef6f,691ec63d24cf6022a24d9775,Withdrawal,SUCCESS,2026-01-19T13:04:27.303Z,2026-01-19T13:04:28.963Z,210000,BANK-TRF,2026-01-19T13:04:27.000Z,TRF_sff1a86ll2ol41jb,cadb2859-fbe7-4860-9a47-efdcebd28df8,transportation,🚌,,,,9060830886,OPay Digital Services Limited (OPay),AYODELE MONDAY ODETOLA,9999910094438818501,,,
696e31dd018126d9db73ef93,693dbac6b7bb1eb7bf94ed2c,Deposit,PENDING,2026-01-19T13:30:05.129Z,2026-01-19T13:30:05.129Z,10000,,,,,,,,,,,,,,,,
696e31f0018126d9db73ef98,693dbac6b7bb1eb7bf94ed2c,Deposit,PENDING,2026-01-19T13:30:24.899Z,2026-01-19T13:30:24.899Z,10000,,,,,,,,,,,,,,,,
696e322d018126d9db73ef9d,693dbac6b7bb1eb7bf94ed2c,Deposit,PENDING,2026-01-19T13:31:25.490Z,2026-01-19T13:31:25.490Z,10000,,,,,,,,,,,,,,,,
696e3247018126d9db73efa2,693dbac6b7bb1eb7bf94ed2c,Deposit,PENDING,2026-01-19T13:31:51.669Z,2026-01-19T13:31:51.669Z,10000,,,,,,,,,,,,,,,,
696e343b018126d9db73f00e,693dbac6b7bb1eb7bf94ed2c,Deposit,PENDING,2026-01-19T13:40:11.631Z,2026-01-19T13:40:11.631Z,10000,,,,,,,,,,,,,,,,
696e346a018126d9db73f013,693dbac6b7bb1eb7bf94ed2c,Deposit,PENDING,2026-01-19T13:40:58.742Z,2026-01-19T13:40:58.742Z,10000,,,,,,,,,,,,,,,,
696e34db018126d9db73f018,693dbac6b7bb1eb7bf94ed2c,Deposit,PENDING,2026-01-19T13:42:51.233Z,2026-01-19T13:42:51.233Z,10000,,,,,,,,,,,,,,,,
696e360b018126d9db73f01f,693dbac6b7bb1eb7bf94ed2c,Deposit,PENDING,2026-01-19T13:47:55.458Z,2026-01-19T13:47:55.458Z,10000,,,,,,,,,,,,,,,,
696e3640018126d9db73f024,693dbac6b7bb1eb7bf94ed2c,Deposit,PENDING,2026-01-19T13:48:48.526Z,2026-01-19T13:48:48.526Z,10000,,,,,,,,,,,,,,,,
696e36a4018126d9db73f029,693dbac6b7bb1eb7bf94ed2c,Deposit,PENDING,2026-01-19T13:50:28.468Z,2026-01-19T13:50:28.468Z,10000,,,,,,,,,,,,,,,,
696e3726018126d9db73f03d,693dbac6b7bb1eb7bf94ed2c,Deposit,PENDING,2026-01-19T13:52:38.704Z,2026-01-19T13:52:38.704Z,10000,,,,,,,,,,,,,,,,
696e3754018126d9db73f047,693dbac6b7bb1eb7bf94ed2c,Deposit,PENDING,2026-01-19T13:53:24.166Z,2026-01-19T13:53:24.166Z,10000,,,,,,,,,,,,,,,,
696e3903018126d9db73f051,693dbac6b7bb1eb7bf94ed2c,Deposit,SUCCESS,2026-01-19T14:00:35.370Z,2026-01-19T14:02:14.195Z,10000,CARD,Mon Jan 19 2026 14:02:14 GMT+0000 (Coordinated Universal Time),1768831235604,,,,FASHOLA  FEMI GABRIEL,,,,,,,Testing card transfer,,
696e3b29018126d9db73f080,691cc13665dffc4250474b6a,Deposit,SUCCESS,2026-01-19T14:09:45.707Z,2026-01-19T14:09:45.707Z,700000,BANK-TRF,2026-01-19T14:09:44.000Z,100004260119133253150276516368,AUTH_3mhjxfc7bf,,,GOODNESS AYOBAMI TAIWO,OPay Digital Services Limited (OPay),8131655804,,,,,,,
696e3b5e018126d9db73f088,693dbac6b7bb1eb7bf94ed2c,Withdrawal,SUCCESS,2026-01-19T14:10:38.884Z,2026-01-19T14:10:39.654Z,10000,BANK-TRF,2026-01-19T14:10:38.000Z,TRF_al1c3is56y4wddlo,60b8c6fb-94b8-4e50-b536-9baf205ceb1b,cleaning,🧼,,,,0169321205,Guaranty Trust Bank,FASHOLA  FEMI GABRIEL,110006260119141037094440821201,,,
696e3b60018126d9db73f093,693dbac6b7bb1eb7bf94ed2c,Deposit,SUCCESS,2026-01-19T14:10:40.583Z,2026-02-26T15:43:35.882Z,500,In-App-TRF,,7f90e61d-19ae-4673-9c68-50d49f3d8da8,6945461a684734729a79e5e7,Rainy Day savings,💸,,,,,,,,,,
696e3c2c018126d9db73f0c8,693dbac6b7bb1eb7bf94ed2c,Deposit,SUCCESS,2026-01-19T14:14:04.263Z,2026-01-19T14:15:49.646Z,10000,CARD,Mon Jan 19 2026 14:15:49 GMT+0000 (Coordinated Universal Time),1768832044501,,,,FASHOLA  FEMI GABRIEL,,,,,,,Testing card transfer,,
696e3ee7018126d9db73f10b,693dbac6b7bb1eb7bf94ed2c,Deposit,PENDING,2026-01-19T14:25:43.055Z,2026-01-19T14:25:43.055Z,10000,,,,,,,,,,,,,,,,
696e3f86018126d9db73f119,693dbac6b7bb1eb7bf94ed2c,Deposit,SUCCESS,2026-01-19T14:28:22.422Z,2026-01-19T14:30:39.046Z,5000,CARD,Mon Jan 19 2026 14:30:39 GMT+0000 (Coordinated Universal Time),1768832902662,,,,FASHOLA  FEMI GABRIEL,,,,,,,testing,,
696e5c95018126d9db73f210,693dbac6b7bb1eb7bf94ed2c,Withdrawal,SUCCESS,2026-01-19T16:32:21.381Z,2026-01-19T16:32:23.269Z,1000000,BANK-TRF,2026-01-19T16:32:21.000Z,TRF_e3ikc3h35dra0ewm,c1f8a378-1e91-490d-9ab9-9db93e88109f,clothing,👕,,,,9124324818,PalmPay,FEMI GABRIEL FASHOLA,110006260119163219094445032301,,,
696e5c98018126d9db73f21e,693dbac6b7bb1eb7bf94ed2c,Deposit,SUCCESS,2026-01-19T16:32:24.201Z,2026-02-26T15:43:35.988Z,50000,In-App-TRF,,8e6b45fe-f400-412b-8c0b-98246697e33e,6945461a684734729a79e5e7,Rainy Day savings,💸,,,,,,,,,,
696f3d6e9c2bc1f9f629ffa3,691ec63d24cf6022a24d9775,Withdrawal,SUCCESS,2026-01-20T08:31:42.982Z,2026-01-20T08:31:45.198Z,4000000,BANK-TRF,2026-01-20T08:31:42.000Z,TRF_rtzoqtang3lsjb1t,b5a6bcc9-ea22-4660-a7bb-5f5cca8a2972,spirit life,🍕,,,,6487939283,Moniepoint MFB,VICTORIA ADELEKE,505150094465382601,,,
696f65a09c2bc1f9f62a020d,691ec63d24cf6022a24d9775,Withdrawal,SUCCESS,2026-01-20T11:23:12.736Z,2026-01-20T11:23:14.491Z,510000,BANK-TRF,2026-01-20T11:23:12.000Z,TRF_algmwo9ca1ceg18a,870ebe1b-b3a3-4c55-92bd-9b124a85fd18,transportation,🚌,,,,8140291604,OPay Digital Services Limited (OPay),IDONGESIT UDOH EZEKIEL,9999910094470815401,,,
696fa700f218cfe374e6d272,6953deeaf23cc2ed15cf7d36,Withdrawal,SUCCESS,2026-01-20T16:02:08.749Z,2026-01-20T16:02:11.031Z,60000,BANK-TRF,2026-01-20T16:02:08.000Z,TRF_1x63jwkfccl5qzwx,036065c1-9c55-41c3-b19a-4105fbabc7a5,food,🥑,,,,7031582740,OPay Digital Services Limited (OPay),DEBORAH IBUKUNOLUWA ADEBIYI,9999910094478731501,Pasta giveaway,,
696fa896f218cfe374e6d2c0,692f31322dfc48a061640ed7,Withdrawal,SUCCESS,2026-01-20T16:08:54.610Z,2026-01-20T16:08:55.557Z,100000,BANK-TRF,2026-01-20T16:08:54.000Z,TRF_ecq0vq26mb0lzemn,0fd8230f-0301-4692-97fb-eec0b216381d,books,📚,,,,9011477573,OPay Digital Services Limited (OPay),EMMANUEL  SOLANKE,9999910094478898601,,,
696faa97f218cfe374e6d315,692f31322dfc48a061640ed7,Withdrawal,SUCCESS,2026-01-20T16:17:27.097Z,2026-01-20T16:17:27.839Z,160000,BANK-TRF,2026-01-20T16:17:26.000Z,TRF_97teclfplt9lcygv,c4c0703f-c403-4ecb-ae41-3ad126951b12,books,📚,,,,8127429617,Moniepoint MFB,D-DARA04,505150094479117401,,,
696fc29bf218cfe374e6d3ac,691ec63d24cf6022a24d9775,Withdrawal,SUCCESS,2026-01-20T17:59:55.716Z,2026-01-20T17:59:57.513Z,500000,BANK-TRF,2026-01-20T17:59:55.000Z,TRF_1rxvk0i44i6cfywn,ac90a643-99a6-4ce7-baed-8183be2928c9,loan,📉,,,,7039456335,OPay Digital Services Limited (OPay),LATIFAT ANIKE ADEYANJU,9999910094482176501,,,
696fc377f218cfe374e6d3d8,693dbac6b7bb1eb7bf94ed2c,Deposit,PENDING,2026-01-20T18:03:35.073Z,2026-01-20T18:03:35.073Z,10000,,,,,,,,,,,,,,,,
696fc64df218cfe374e6d473,693dbac6b7bb1eb7bf94ed2c,Withdrawal,SUCCESS,2026-01-20T18:15:41.770Z,2026-01-20T18:15:41.770Z,10000,In-App-TRF,,f3da8262-36ab-4cd9-8f52-9a7c2646dfe3,6945461a684734729a79e5e7,Rainy Day savings,💸,,,,,,,,,,
696fdb57f218cfe374e6d4fa,692f31322dfc48a061640ed7,Withdrawal,SUCCESS,2026-01-20T19:45:27.994Z,2026-01-20T19:45:29.875Z,85000,BANK-TRF,2026-01-20T19:45:27.000Z,TRF_46j4ir6p513etbll,4a8ef376-24b3-4e16-bbb4-975d0e414151,books,📚,,,,8121738429,Moniepoint MFB,AMINAT AMOKE MUKAILA,505150094486020401,,,
696fdbdef218cfe374e6d52f,692f31322dfc48a061640ed7,Withdrawal,SUCCESS,2026-01-20T19:47:42.613Z,2026-01-20T19:47:44.645Z,15000,BANK-TRF,2026-01-20T19:47:42.000Z,TRF_000vofetua51r7l4,bc6fa985-3757-4a9f-a0dd-498e89c0317c,books,📚,,,,9055485433,OPay Digital Services Limited (OPay),PATRICK NFONOBONG SAMUEL,9999910094486085201,,,
696ff7ccf218cfe374e6d57d,6950f6663b26451af38070ff,Deposit,SUCCESS,2026-01-20T21:46:52.930Z,2026-01-20T21:46:52.930Z,220000,BANK-TRF,2026-01-20T21:46:51.000Z,000017260120224641499112081498,AUTH_uhvtws1bz3,,,STEPHEN ADENIYI IDOWU,ALAT by WEMA,ALAT TRANSFER TO CRE8NGDIGITAL,,,,,,,
69708d8af218cfe374e6d715,693dbac6b7bb1eb7bf94ed2c,Withdrawal,SUCCESS,2026-01-21T08:25:46.941Z,2026-01-21T08:25:46.941Z,5000,In-App-TRF,,1c2ca3c0-ff8a-4b2b-a278-3e5eb49750c0,6945461a684734729a79e5e7,Rainy Day savings,💸,,,,,,,,,,
6970aacaf218cfe374e6d767,693dbac6b7bb1eb7bf94ed2c,Withdrawal,SUCCESS,2026-01-21T10:30:34.859Z,2026-01-21T10:30:34.859Z,5000,In-App-TRF,,922110cd-e356-4ec8-ac05-2311c09248e5,6945461a684734729a79e5e7,Rainy Day savings,💸,,,,,,,,,,
6970ac93f218cfe374e6d77e,693dbac6b7bb1eb7bf94ed2c,Withdrawal,SUCCESS,2026-01-21T10:38:11.250Z,2026-01-21T10:38:11.250Z,10,In-App-TRF,,694b0bc0560cab0fce078c52,8f1208d6-e41a-4c2a-ba82-fce4c4b9b6c8,vdbvvb,🥑,,,,,,,,,,
6971350e97465390dc5e6824,692b0b72c0076069f22e6bc8,Withdrawal,SUCCESS,2026-01-21T20:20:30.102Z,2026-01-21T20:20:37.627Z,160000,BANK-TRF,2026-01-21T20:20:29.000Z,TRF_uryekp7ji3hagku6,9dc4ac3b-4af3-422c-8cf9-f9b225ab1a0d,groceries,🛒,,,,8032729817,OPay Digital Services Limited (OPay),BOSE DORCAS ADELEKE,9999910094531525001,From James for tooth paste,,
6971ca2b97465390dc5e68cf,6950f6663b26451af38070ff,Withdrawal,SUCCESS,2026-01-22T06:56:43.857Z,2026-01-22T06:56:45.430Z,240000,BANK-TRF,2026-01-22T06:56:43.000Z,TRF_wnvwn8ednk6d7as9,af79ebf6-2b4e-4441-9cfc-0d46b2f314e5,rent,🏠,,,,8134732067,OPay Digital Services Limited (OPay),ADENIYI STEPHEN IDOWU,9999910094545694001,,,
6972383297465390dc5e69a6,696fd5b9f218cfe374e6d4ab,Deposit,SUCCESS,2026-01-22T14:46:10.460Z,2026-01-22T14:46:10.460Z,50000,BANK-TRF,2026-01-22T14:46:09.000Z,100033260122144555491391088321,AUTH_u5ybn1c3q6,,,HANIFAT AFOLAKE OLABODE,PalmPay,9160352027,,,,,,,
6972687a49d96beb35a5660e,695845161bafe7a105a68ceb,Deposit,SUCCESS,2026-01-22T18:12:10.779Z,2026-01-22T18:12:10.779Z,50000,BANK-TRF,2026-01-22T18:12:09.000Z,100004260122181155150524650110,AUTH_j1co53jrbc,,,PRAISE AYOMIDE OMOLAOLU,OPay Digital Services Limited (OPay),8071683955,,,,,,,
69736eaf49d96beb35a56800,693dbac6b7bb1eb7bf94ed2c,Withdrawal,SUCCESS,2026-01-23T12:50:55.302Z,2026-01-23T12:50:55.302Z,10000,In-App-TRF,,e52f6891-8e23-464f-b499-c722b99d932f,6945461a684734729a79e5e7,Rainy Day savings,💸,,,,,,,,,,
69736ec949d96beb35a56823,693dbac6b7bb1eb7bf94ed2c,Withdrawal,SUCCESS,2026-01-23T12:51:21.562Z,2026-01-23T12:51:21.562Z,10000,In-App-TRF,,4a979c25-de8a-4f5a-a508-e11f9e04a093,4a979c25-de8a-4f5a-a508-e11f9e04a093,Rainy Day savings,💸,,,,,,,,,,
6973dd7ea1b952bf76734483,696fd5b9f218cfe374e6d4ab,Deposit,SUCCESS,2026-01-23T20:43:42.983Z,2026-01-23T20:43:42.983Z,50000,BANK-TRF,2026-01-23T19:27:39.000Z,100033260123183123255743255440,AUTH_qujld3h4cj,,,HANIFAT AFOLAKE OLABODE,PalmPay,9160352027,,,,,,,
6973fd31a1b952bf767344fe,692b0b72c0076069f22e6bc8,Withdrawal,SUCCESS,2026-01-23T22:58:57.844Z,2026-01-23T22:58:59.829Z,100000,BANK-TRF,2026-01-23T22:58:57.000Z,TRF_yw225ba4naydzskt,1a307bcc-f1ab-45d5-a09c-e18466df3432,electricity,💡,,,,7036617718,OPay Digital Services Limited (OPay),ESTHER OMOREMI KEHINDE,9999910094610510401,For nepa bill,,
69745aaca1b952bf767345ba,691ec63d24cf6022a24d9775,Withdrawal,SUCCESS,2026-01-24T05:37:48.539Z,2026-01-24T05:37:50.637Z,1000000,BANK-TRF,2026-01-24T05:37:48.000Z,TRF_x78fxa64rugeuxe5,14c7146e-1c4f-4f94-a842-54455dc207b6,fuel,⛽,,,,9622853577,Providus Bank,PROVTRANSFER(DEMAFASPETROLEU),110006260124053745094614892201,,,
6974f49fa1b952bf767346d2,691ec63d24cf6022a24d9775,Withdrawal,SUCCESS,2026-01-24T16:34:39.446Z,2026-01-24T16:34:41.180Z,500000,BANK-TRF,2026-01-24T16:34:39.000Z,TRF_717rc5dbth2zzalt,0a24c2a6-badc-4ebf-a411-d1ef503d4f4f,transportation,🚌,,,,8146269972,OPay Digital Services Limited (OPay),ANUOLUWAPO ADEGBULUGBE,9999910094632881001,,,
697501a3a1b952bf76734779,691cc13665dffc4250474b6a,Withdrawal,SUCCESS,2026-01-24T17:30:11.191Z,2026-01-24T17:30:19.157Z,400000,BANK-TRF,2026-01-24T17:30:11.000Z,TRF_gyo0ajbkqshss7te,7a5169fd-97ae-4c82-ae93-e3f9b2b383f5,electricity,💡,,,,8036043853,OPay Digital Services Limited (OPay),FEMI JOSEPH OLOJOKU,9999910094636298301,,,
69752164a1b952bf7673483d,693dbac6b7bb1eb7bf94ed2c,Withdrawal,SUCCESS,2026-01-24T19:45:40.320Z,2026-01-24T19:45:42.484Z,50000,BANK-TRF,2026-01-24T19:45:40.000Z,TRF_9p41ne4zvypvfg1k,46345761-9e2c-4178-a4b2-bc849bc1f4ef,childcare,🍼,,,,9124324818,PalmPay,FEMI GABRIEL FASHOLA,110006260124194537094642863101,,,
69752167a1b952bf7673484c,693dbac6b7bb1eb7bf94ed2c,Deposit,SUCCESS,2026-01-24T19:45:43.399Z,2026-02-26T15:43:36.091Z,2500,In-App-TRF,,85b39038-c754-4d4a-b375-047d689f9f01,6945461a684734729a79e5e7,Rainy Day savings,💸,,,,,,,,,,
6975425b1d7a2b2e9f703947,692b0b72c0076069f22e6bc8,Withdrawal,SUCCESS,2026-01-24T22:06:19.854Z,2026-01-24T22:06:21.778Z,150000,BANK-TRF,2026-01-24T22:06:19.000Z,TRF_9lbub0b204sr0y3u,4f989a38-0506-46b3-b6d3-036568b6d014,internet,🌐,,,,7036724993,OPay Digital Services Limited (OPay),JESUSEGUNFUNMI VICTOR-BENJAMIN KEHINDE,9999910094650130101,For airtime ,,
697543961d7a2b2e9f703a06,6947e8c95dad1006b656f640,Withdrawal,SUCCESS,2026-01-24T22:11:34.285Z,2026-01-24T22:11:36.181Z,50000,BANK-TRF,2026-01-24T22:11:34.000Z,TRF_822qmaoq2sf0jern,388ba1e8-8e55-48f5-b296-5bc27796131b,internet,🌐,,,,9035255620,PalmPay,GEORGE OMOGBOLAHAN IBITOYE,110006260124221131094650486101,,,
6975c2751d7a2b2e9f703a75,691ec63d24cf6022a24d9775,Withdrawal,SUCCESS,2026-01-25T07:12:53.639Z,2026-01-25T07:12:55.323Z,300000,BANK-TRF,2026-01-25T07:12:53.000Z,TRF_yb6mcg59iqhai3g2,b4472f3d-01b1-4778-8913-5c2c55161943,transportation,🚌,,,,7081410005,OPay Digital Services Limited (OPay),OLUFUNMILAYO DAMILOLA JOHN,9999910094659453901,,,
697613f61d7a2b2e9f703ae6,695845161bafe7a105a68ceb,Deposit,SUCCESS,2026-01-25T13:00:38.906Z,2026-01-25T13:00:38.906Z,20000,BANK-TRF,2026-01-25T13:00:37.000Z,100004260125130006150722930416,AUTH_hyi80pvuqf,,,PRAISE AYOMIDE OMOLAOLU,OPay Digital Services Limited (OPay),8071683955,,,,,,,
697620381d7a2b2e9f703b69,691ec63d24cf6022a24d9775,Withdrawal,SUCCESS,2026-01-25T13:52:56.692Z,2026-01-25T13:52:58.370Z,1020000,BANK-TRF,2026-01-25T13:52:56.000Z,TRF_vw2gxkdx9xz5tdpw,319e82ab-8466-4a63-942a-475d240767c2,transportation,🚌,,,,8160966991,OPay Digital Services Limited (OPay),K&G'S ARK MULTIPURPOSE ENTERPRISES,110006260125135254094670780001,,,
6976238b1d7a2b2e9f703bae,691ec63d24cf6022a24d9775,Withdrawal,SUCCESS,2026-01-25T14:07:07.978Z,2026-01-25T14:07:09.726Z,600000,BANK-TRF,2026-01-25T14:07:07.000Z,TRF_1zh0u6kehweoklxb,df03032b-c1aa-4c34-89cd-d721e15763ac,food,🥑,,,,8285952880,Moniepoint MFB,Deskilz NG,505150094671321301,,,
69763d2b1d7a2b2e9f703c04,691ec63d24cf6022a24d9775,Withdrawal,SUCCESS,2026-01-25T15:56:27.209Z,2026-01-25T15:56:28.815Z,1000000,BANK-TRF,2026-01-25T15:56:27.000Z,TRF_qdpr31pxkm09aye8,daebcdc8-82cd-4135-acd0-d91813ed392f,loan,📉,,,,7071823790,OPay Digital Services Limited (OPay),ABOLAJI IGBAGBOYEMI IDOWU,110006260125155624094675069001,,,
6976477b1d7a2b2e9f703c58,691ec63d24cf6022a24d9775,Withdrawal,SUCCESS,2026-01-25T16:40:27.826Z,2026-01-25T16:40:29.723Z,600000,BANK-TRF,2026-01-25T16:40:27.000Z,TRF_9h5yip8swsln5ppr,d17ba019-0481-4ea1-8d71-c57beb467776,loan,📉,,,,9055485433,OPay Digital Services Limited (OPay),PATRICK NFONOBONG SAMUEL,9999910094677378901,SPIRIT LIFE SOUND CARD,,
697782c990d30bcc17a77f59,691ec63d24cf6022a24d9775,Withdrawal,SUCCESS,2026-01-26T15:05:45.693Z,2026-01-26T15:05:47.843Z,200000,BANK-TRF,2026-01-26T15:05:45.000Z,TRF_1lgndmrdbn4cd7b2,6d70272b-28fb-4c24-816d-a223eb139cba,transportation,🚌,,,,9055485433,OPay Digital Services Limited (OPay),PATRICK NFONOBONG SAMUEL,9999910094739112701,,,
69779c2490d30bcc17a78006,693dbac6b7bb1eb7bf94ed2c,Withdrawal,SUCCESS,2026-01-26T16:53:56.231Z,2026-01-26T16:53:56.231Z,150000,In-App-TRF,,0387b664-4c6e-4ec4-ba04-541334a6ea61,6945461a684734729a79e5e7,Rainy Day savings,💸,,,,,,,,,,
69779c7090d30bcc17a7804f,693dbac6b7bb1eb7bf94ed2c,Withdrawal,SUCCESS,2026-01-26T16:55:12.350Z,2026-01-26T16:55:20.262Z,220000,BANK-TRF,2026-01-26T16:55:12.000Z,TRF_4c8nu6wluhumwhhp,afed6e79-5976-4d9a-846a-b336beea8543,books,📚,,,,9124324818,PalmPay,FEMI GABRIEL FASHOLA,110006260126165510094743358501,,,
69779c7990d30bcc17a78061,693dbac6b7bb1eb7bf94ed2c,Deposit,SUCCESS,2026-01-26T16:55:21.196Z,2026-02-26T15:43:36.205Z,11000,In-App-TRF,,1a89b941-1aab-45ff-81c4-d3f885bdc165,6945461a684734729a79e5e7,Rainy Day savings,💸,,,,,,,,,,
69781acc0e74a0c1ce907ca7,695845161bafe7a105a68ceb,Deposit,SUCCESS,2026-01-27T01:54:20.480Z,2026-01-27T01:54:20.480Z,50000,BANK-TRF,2026-01-27T01:54:08.000Z,100004260127015331150841394930,AUTH_n0v745c5jk,,,PRAISE AYOMIDE OMOLAOLU,OPay Digital Services Limited (OPay),8071683955,,,,,,,
6978a7aa0e74a0c1ce907e1f,691ec63d24cf6022a24d9775,Withdrawal,SUCCESS,2026-01-27T11:55:22.238Z,2026-01-27T11:55:30.467Z,500000,BANK-TRF,2026-01-27T11:55:22.000Z,TRF_u835raung60j5u3u,e6e3e410-61b6-419c-bf2e-d85caa740e8b,fuel,⛽,,,,6118787814,OPay Digital Services Limited (OPay),AJOKE FILLING STATION KEMTA 1,110006260127115519094772753601,,,
6978b4060e74a0c1ce907e81,691ec63d24cf6022a24d9775,Withdrawal,SUCCESS,2026-01-27T12:48:06.802Z,2026-01-27T12:48:08.774Z,100000,BANK-TRF,2026-01-27T12:48:06.000Z,TRF_g635ddh8sbn4qvc9,e01ffc2f-a11d-463d-be34-43741631e1ae,beauty,💅,,,,8123169540,OPay Digital Services Limited (OPay),OLABODE TUNBOSUN TEJUOSO,9999910094774169301,,,
6978c8ec0e74a0c1ce907f28,691cc13665dffc4250474b6a,Withdrawal,SUCCESS,2026-01-27T14:17:16.945Z,2026-01-27T14:17:17.695Z,50000,BANK-TRF,2026-01-27T14:17:16.000Z,TRF_27lvfdbtfhmzemxh,c41c59c3-8d7f-4a52-80fb-ebcdb0d52688,groceries,🛒,,,,8051226037,PalmPay,AISHAT TOLUWANIMI OMOTOSO,110006260127141714094776711501,,,
6978cc860e74a0c1ce907f73,691ec63d24cf6022a24d9775,Withdrawal,SUCCESS,2026-01-27T14:32:38.671Z,2026-01-27T14:32:40.474Z,600000,BANK-TRF,2026-01-27T14:32:38.000Z,TRF_ok43enqo1d6m1nhb,f1c171e8-778a-402d-8a4f-708ab3f30c1d,fuel,⛽,,,,8123169540,OPay Digital Services Limited (OPay),OLABODE TUNBOSUN TEJUOSO,9999910094777233901,,,
6979266a0e74a0c1ce907fea,696fd5b9f218cfe374e6d4ab,Deposit,SUCCESS,2026-01-27T20:56:10.045Z,2026-01-27T20:56:10.045Z,100000,BANK-TRF,2026-01-27T20:56:08.000Z,100004260127205533150913986866,AUTH_rt8kh8ox40,,,ABIDAH OLAWUNMI OLABODE,OPay Digital Services Limited (OPay),8139404299,,,,,,,
6979c69f845eef13b059fb39,692b0b72c0076069f22e6bc8,Withdrawal,SUCCESS,2026-01-28T08:19:43.875Z,2026-01-28T08:19:54.042Z,40000,BANK-TRF,2026-01-28T08:19:43.000Z,TRF_qwbps7u2b2xrtki1,3dde214c-3019-4682-ad99-b7d14daa1784,entertainment,🎮,,,,8064381711,OPay Digital Services Limited (OPay),JULIANAH OLUWUNMI OLETUBO,9999910094803596201,For zobo refreshment from james Kehinde ,,
6979e11acf72995ce61539d3,68894fdf3fe661ad58144838,Withdrawal,SUCCESS,2026-01-28T10:12:42.729Z,2026-01-28T10:12:43.417Z,10000,BANK-TRF,2026-01-28T10:12:42.000Z,TRF_xi913qo1paht8463,60b9cc9e-c542-4659-a972-8813d06d0d9e,testings series 6 months,😊,,,,8101799492,OPay Digital Services Limited (OPay),IYANUOLUWA JOHN ADEBAYO,9999910094807041001,for testing by james,8c1fd231-e169-40f1-8422-3ac0bbdc4a84,
6979e11c845eef13b059fb8d,68894fdf3fe661ad58144838,Deposit,SUCCESS,2026-01-28T10:12:44.327Z,2026-02-26T15:43:36.314Z,5000,In-App-TRF,,3455a074-0d52-435d-a253-a47e8bced649,69093cac4584830608f12376,Rainy Day savings,💸,,,,,,,,,,
6979e1d4cf72995ce6153a39,68894fdf3fe661ad58144838,Withdrawal,SUCCESS,2026-01-28T10:15:48.867Z,2026-01-28T10:15:49.588Z,10000,BANK-TRF,2026-01-28T10:15:48.000Z,TRF_q84v5rmnxo34esgm,ecdcee12-5a5f-4c6d-a8e3-a3ff95f2c03c,testings series,🚌,,,,8101799492,OPay Digital Services Limited (OPay),IYANUOLUWA JOHN ADEBAYO,9999910094807130101,for testing from james,78458cbe-8b6a-4f55-a00c-9a468fc7f992,
6979e1d6845eef13b059fb9b,68894fdf3fe661ad58144838,Deposit,SUCCESS,2026-01-28T10:15:50.496Z,2026-02-26T15:43:36.425Z,5000,In-App-TRF,,b4bdcf84-ba9c-4a50-91fe-ac3a7f14483e,69093cac4584830608f12376,Rainy Day savings,💸,,,,,,,,,,
6979e3eea2ba403e3f77c94c,68894fdf3fe661ad58144838,Withdrawal,PENDING,2026-01-28T10:24:46.022Z,2026-01-28T10:24:46.022Z,10000,BANK-TRF,,TRF_jz6avmpnpu3md9nm,690909de0d6400c5f6935745,,,,,,,,,,for test from james,6d030663-d8c7-4df8-9ff7-6cf71d009b0f,
697a1d3640128c0e0a5ff3a4,68894fdf3fe661ad58144838,Withdrawal,SUCCESS,2026-01-28T14:29:10.522Z,2026-01-28T23:28:40.909Z,10000,BANK-TRF,2026-01-28T14:29:10.000Z,TRF_oartidmf32r76uqi,88cd65ad-c9f6-4456-b878-ed382c05093b,testings series,🚌,,,,8101799492,OPay Digital Services Limited (OPay),IYANUOLUWA JOHN ADEBAYO,9999910094815519901,test from james,ee0c53ec-8c6a-485b-89db-b29539aa85e9,88cd65ad-c9f6-4456-b878-ed382c05093b
697a1d38845eef13b059fbaa,68894fdf3fe661ad58144838,Deposit,SUCCESS,2026-01-28T14:29:12.285Z,2026-02-26T15:43:36.539Z,5000,In-App-TRF,,58e6b03c-113b-40ad-b02a-1bae609afdff,69093cac4584830608f12376,Rainy Day savings,💸,,,,,,,,,,
697a9ba906500e553ebcc9bd,68894fdf3fe661ad58144838,Deposit,SUCCESS,2026-01-28T23:28:41.459Z,2026-02-26T15:43:36.651Z,5000,In-App-TRF,,1a521576-e754-4d5b-a7bc-45c556df6637,69093cac4584830608f12376,Rainy Day savings,💸,,,,,,,,,,
697b1aeb28d8009d47a26217,68894fdf3fe661ad58144838,Withdrawal,PENDING,2026-01-29T08:31:39.176Z,2026-01-29T08:31:39.176Z,10000,BANK-TRF,,17696754995150-anc_trsf,69090cfcdb2536eaf33d31a4,,,,,,,,,,i do not care,,5f5d5290-4717-4f3e-a517-5c059d6788e2
697b86869e45391f67ca3002,691cc13665dffc4250474b6a,Withdrawal,SUCCESS,2026-01-29T16:10:46.723Z,2026-01-29T16:10:48.740Z,150000,BANK-TRF,2026-01-29T16:10:46.000Z,TRF_8eju6btgnixrse5p,a3542a28-11dd-41bf-8ca3-994cdc197940,groceries,🛒,,,,8131655804,OPay Digital Services Limited (OPay),GOODNESS AYOBAMI TAIWO,9999910094857282701,,,
697bae729e45391f67ca3139,691cc13665dffc4250474b6a,Withdrawal,SUCCESS,2026-01-29T19:01:06.027Z,2026-01-29T19:01:06.811Z,150000,BANK-TRF,2026-01-29T19:01:05.000Z,TRF_mgaaqrbcvcuubo2l,7dd6c445-ca34-4020-9eb8-043c622f0cd4,books,📚,,,,6101639882,OPay Digital Services Limited (OPay),RAPHEAL CHUKWUEMEKA OBASI,110006260129190103094862453701,,,
697baf2f9e45391f67ca3190,692f31322dfc48a061640ed7,Withdrawal,SUCCESS,2026-01-29T19:04:15.461Z,2026-01-29T19:04:17.345Z,50000,BANK-TRF,2026-01-29T19:04:15.000Z,TRF_ufbws0529ktf8b6x,ea9d6fe2-45dd-4412-acc8-0425c441604f,bankFees,🏦,,,,9055485433,OPay Digital Services Limited (OPay),PATRICK NFONOBONG SAMUEL,9999910094862544201,,,
697bafa39e45391f67ca31b0,691cc13665dffc4250474b6a,Deposit,SUCCESS,2026-01-29T19:06:11.408Z,2026-01-29T19:06:11.408Z,50000,BANK-TRF,2026-01-29T19:06:09.000Z,100004260129190554151062967753,AUTH_3139b0a1rb,,,GOODNESS AYOBAMI TAIWO,OPay Digital Services Limited (OPay),8131655804,,,,,,,
697bb2269e45391f67ca321e,691ec63d24cf6022a24d9775,Withdrawal,SUCCESS,2026-01-29T19:16:54.441Z,2026-01-29T19:16:56.144Z,150000,BANK-TRF,2026-01-29T19:16:54.000Z,TRF_cfm2ornjlcclmi76,b0a4ef08-5e1b-431d-9a2b-ab6917b322cc,food,🥑,,,,8060631686,OPay Digital Services Limited (OPay),BASHIRU  BELLO,9999910094862900901,,,
697c858e9e45391f67ca32e7,691ec63d24cf6022a24d9775,Withdrawal,SUCCESS,2026-01-30T10:18:54.655Z,2026-01-30T10:18:56.345Z,200000,BANK-TRF,2026-01-30T10:18:54.000Z,TRF_5hfke7vhq9ebxyqr,8b0e95dd-0bae-4c90-9496-68f66daf0056,transportation,🚌,,,,0177469793,Guaranty Trust Bank,ADEBAYO JOSHUA OLUWADARASIMI,110006260130101847094888867001,,,
697d1af74a14fb14a137559f,691ec63d24cf6022a24d9775,Withdrawal,SUCCESS,2026-01-30T20:56:23.872Z,2026-01-30T20:56:25.626Z,500000,BANK-TRF,2026-01-30T20:56:23.000Z,TRF_8e7yx1cmt5t29kne,004aa9e4-88dd-4976-84de-27b4ea760b92,fuel,⛽,,,,8166726840,Moniepoint MFB,AMINU ABDULLAHI,505150094909225801,,,
697d259e4a14fb14a13755f9,691ec63d24cf6022a24d9775,Withdrawal,SUCCESS,2026-01-30T21:41:50.982Z,2026-01-30T21:41:52.655Z,370000,BANK-TRF,2026-01-30T21:41:50.000Z,TRF_wtgbp5tve7ywz7ps,69e3b724-3440-4ae3-b199-663c421f28f3,food,🥑,,,,7048776297,OPay Digital Services Limited (OPay),HANNAH OLUWATOSIN JOHNSON,9999910094911021101,,,
697e2cd54a14fb14a13756e8,691ec63d24cf6022a24d9775,Withdrawal,SUCCESS,2026-01-31T16:24:53.656Z,2026-01-31T16:24:54.820Z,200000,BANK-TRF,2026-01-31T16:24:53.000Z,TRF_xhyqvy48cxwx17am,78c09787-d757-47aa-93fc-c20efe1c0fff,Thrift,🎲,,,,8101799492,OPay Digital Services Limited (OPay),IYANUOLUWA JOHN ADEBAYO,9999910094936983901,,,
697f2f79fc1a58cba55dce17,691ec63d24cf6022a24d9775,Withdrawal,SUCCESS,2026-02-01T10:48:25.534Z,2026-02-01T10:48:27.376Z,170000,BANK-TRF,2026-02-01T10:48:25.000Z,TRF_75g7zx9hayaw0vd0,ab041791-6e87-4c37-a711-c0da7abf5811,food,🥑,,,,8116970583,OPay Digital Services Limited (OPay),KEHINDE BOLUWATIFE OLAPADE,9999910094976307801,,,
697f4c13fc1a58cba55dcefd,691cc13665dffc4250474b6a,Withdrawal,SUCCESS,2026-02-01T12:50:27.498Z,2026-02-01T12:50:31.203Z,50000,BANK-TRF,2026-02-01T12:50:27.000Z,TRF_6eymq7jnwm2oqkcn,4bec9f74-0c70-4543-85ea-4e7c2f2d9e77,transportation,🚌,,,,8131655804,OPay Digital Services Limited (OPay),GOODNESS AYOBAMI TAIWO,9999910094979907901,,,
697f51defc1a58cba55dcf37,691ec63d24cf6022a24d9775,Deposit,SUCCESS,2026-02-01T13:15:10.611Z,2026-02-01T13:15:10.611Z,36150000,BANK-TRF,2026-02-01T13:15:07.000Z,000013260201141438000722946792,AUTH_akv0gxhuh4,,,KENT-ADEBAYO JOHN IYANUOLUWA,Guaranty Trust Bank,0137605007,,,,,,,
697f5cf7fc1a58cba55dcfbf,691ec63d24cf6022a24d9775,Withdrawal,SUCCESS,2026-02-01T14:02:31.066Z,2026-02-01T14:02:32.707Z,8381000,BANK-TRF,2026-02-01T14:02:30.000Z,TRF_89jxxoffsj7gqqbb,1a7ebe3e-507b-4b52-8336-3984ae951459,food,🥑,,,,8035438607,OPay Digital Services Limited (OPay),ADEGBENGA HAMMED BAKARE,110006260201140229094982098701,,,
697f6838fc1a58cba55dd023,691ec63d24cf6022a24d9775,Withdrawal,SUCCESS,2026-02-01T14:50:32.628Z,2026-02-01T14:50:34.427Z,3000000,BANK-TRF,2026-02-01T14:50:32.000Z,TRF_77ld6qyvmcsvsdib,3e5a8309-6cb9-4646-b80e-7b5c31bca44f,Thrift,🎲,,,,9984828889,Paystack-Titan,PAYSTACK CHECKOUT,110006260201145030094983479201,,,
697f791bfc1a58cba55dd087,691ec63d24cf6022a24d9775,Withdrawal,SUCCESS,2026-02-01T16:02:35.916Z,2026-02-01T16:02:37.569Z,2000000,BANK-TRF,2026-02-01T16:02:35.000Z,TRF_dtqdoqxkxmtz2jxu,241f0e1c-e540-4076-be9a-af27849c5b8e,fuel,⛽,,,,6107232217,OPay Digital Services Limited (OPay),AJOKE FILLING STATION KEMTA 1,110006260201160233094986348101,,,
697f9aab2bd35ddf1c100033,691ec63d24cf6022a24d9775,Withdrawal,SUCCESS,2026-02-01T18:25:47.877Z,2026-02-01T18:25:49.639Z,700000,BANK-TRF,2026-02-01T18:25:47.000Z,TRF_vldwfp1b29mmu813,d7fa142a-a0a2-4a24-8162-f03884823a59,beauty,💅,,,,9131965226,OPay Digital Services Limited (OPay),ABDULAZEEZ GBOLAHAN ABDULWASIU,9999910094993264301,,,
697facc92bd35ddf1c10007d,691ec63d24cf6022a24d9775,Withdrawal,SUCCESS,2026-02-01T19:43:05.787Z,2026-02-01T19:43:07.646Z,110000,BANK-TRF,2026-02-01T19:43:05.000Z,TRF_eeq4r5zw3yn8lzip,017037c5-89f2-4d51-b7ab-7d107fe0c6c7,food,🥑,,,,8063575540,OPay Digital Services Limited (OPay),OLUWASOLA MODUPEOLA OGUNSEYE,9999910094997279201,,,
698038252bd35ddf1c10011b,691ec63d24cf6022a24d9775,Withdrawal,SUCCESS,2026-02-02T05:37:41.043Z,2026-02-02T05:37:42.824Z,1000000,BANK-TRF,2026-02-02T05:37:40.000Z,TRF_4l2noewk150awdmz,e854ca42-7d62-4927-99fa-9770eebd47c0,loan,📉,,,,9151753052,OPay Digital Services Limited (OPay),MARYAM ABIOLA OGUNSORO,110006260202053739095012173401,,,
6980512a2bd35ddf1c1001ea,691ec63d24cf6022a24d9775,Withdrawal,SUCCESS,2026-02-02T07:24:26.085Z,2026-02-02T07:24:27.993Z,18500000,BANK-TRF,2026-02-02T07:24:25.000Z,TRF_siddpcme1v8adut3,74279a53-0575-42e8-8897-4fe5d8066f20,loan,📉,,,,0125547744,Guaranty Trust Bank,KENTADEBAYO TAIWO OLAWUMI,110006260202072424095016077001,,,
69806ce02bd35ddf1c1002f8,692c2e0bc0076069f22e7a0d,Deposit,SUCCESS,2026-02-02T09:22:40.294Z,2026-02-02T09:22:40.294Z,500000,BANK-TRF,2026-02-02T09:22:39.000Z,100004260202092227151333493670,AUTH_bfck3x8p0y,,,ADEDOYIN ROSELINE ADESANYA,OPay Digital Services Limited (OPay),8025110373,,,,,,,
69806d1c2bd35ddf1c1002ff,692c2e0bc0076069f22e7a0d,Deposit,SUCCESS,2026-02-02T09:23:40.471Z,2026-02-02T09:23:40.471Z,500000,BANK-TRF,2026-02-02T09:23:38.000Z,100004260202092305151333499832,AUTH_wjyt5h7giy,,,ADEDOYIN ROSELINE ADESANYA,OPay Digital Services Limited (OPay),8025110373,,,,,,,
698071032bd35ddf1c100325,693dbac6b7bb1eb7bf94ed2c,Withdrawal,SUCCESS,2026-02-02T09:40:19.314Z,2026-02-02T09:40:20.067Z,5000,BANK-TRF,2026-02-02T09:40:19.000Z,TRF_baazcdxy7aspcico,08694e9b-c03c-4120-a79a-a5e2b20085f7,bankfees,🏦,,,,9124324818,PalmPay,FEMI GABRIEL FASHOLA,110006260202094017095020539201,,,
698071042bd35ddf1c100330,693dbac6b7bb1eb7bf94ed2c,Deposit,SUCCESS,2026-02-02T09:40:20.981Z,2026-02-26T15:43:36.755Z,250,In-App-TRF,,b57e3af4-210c-4b29-ab86-cdb32510b40a,6945461a684734729a79e5e7,Rainy Day savings,💸,,,,,,,,,,
6980742e2bd35ddf1c100379,693dbac6b7bb1eb7bf94ed2c,Withdrawal,SUCCESS,2026-02-02T09:53:50.709Z,2026-02-02T09:53:52.595Z,5000,BANK-TRF,2026-02-02T09:53:50.000Z,TRF_z6a88jpndfphzgmd,b7db84ad-7b01-47d8-a2e7-9b3c7711c691,bankfees,🏦,,,,9124324818,PalmPay,FEMI GABRIEL FASHOLA,110006260202095348095020956901,,,
698074312bd35ddf1c100388,693dbac6b7bb1eb7bf94ed2c,Deposit,SUCCESS,2026-02-02T09:53:53.522Z,2026-02-26T15:43:36.851Z,250,In-App-TRF,,405afc8c-6d69-4751-8dc6-0bff2d9f5aaf,6945461a684734729a79e5e7,Rainy Day savings,💸,,,,,,,,,,
6980a90a2bd35ddf1c10066d,691ec63d24cf6022a24d9775,Withdrawal,SUCCESS,2026-02-02T13:39:22.789Z,2026-02-02T13:39:23.553Z,400000,BANK-TRF,2026-02-02T13:39:22.000Z,TRF_kh2j1n8udyb1hw4z,f784645e-8915-4d0d-b2cf-e16da2c0f54a,loan,📉,,,,1100015321,Kolomoni MFB,Kent-Adebayo John Iyanuoluwa,110006260202133919095028108701,,,
6980af512bd35ddf1c1006ae,691ec63d24cf6022a24d9775,Withdrawal,SUCCESS,2026-02-02T14:06:09.122Z,2026-02-02T14:06:09.918Z,5000000,BANK-TRF,2026-02-02T14:06:09.000Z,TRF_b8yanjw0u5h3jq1q,dd92a75c-fbe5-4e53-84f6-b773454d206d,loan,📉,,,,7067744556,OPay Digital Services Limited (OPay),OLAYINKA SUSAN ODESOLA,110006260202140606095028933401,,,
6980afc12bd35ddf1c1006ee,691ec63d24cf6022a24d9775,Withdrawal,SUCCESS,2026-02-02T14:08:01.758Z,2026-02-02T14:08:04.725Z,28150000,BANK-TRF,2026-02-02T14:08:01.000Z,TRF_ue5zktav11z9g0c8,9d9b1c66-40e7-4991-a2cd-ca69a0161228,loan,📉,,,,7039456335,OPay Digital Services Limited (OPay),LATIFAT ANIKE ADEYANJU,110006260202140758095028988401,,,
6980c16c2bd35ddf1c10079b,691ec63d24cf6022a24d9775,Withdrawal,SUCCESS,2026-02-02T15:23:24.352Z,2026-02-02T15:23:26.055Z,650000,BANK-TRF,2026-02-02T15:23:24.000Z,TRF_prs8npykqypgseqw,5af19408-4091-4daa-b40b-40ad1b5760cb,Car Maintenance ,🚲,,,,5643308895,Moniepoint MFB,FUNKDAP GLOBAL VENTURES - FUNKDAP GLOBAL VENTURES,505150095031491501,,,
6980c9c62bd35ddf1c1007de,693dbac6b7bb1eb7bf94ed2c,Withdrawal,SUCCESS,2026-02-02T15:59:02.759Z,2026-02-02T15:59:02.759Z,10000,In-App-TRF,,c8ab06d6-e1a6-44c9-8d23-6d0ea772f510,6945461a684734729a79e5e7,Rainy Day savings,💸,,,,,,,,,,
698126f7354ecaa2acbd4d01,6947e3055dad1006b656f45c,Deposit,SUCCESS,2026-02-02T22:36:39.837Z,2026-02-02T22:36:39.837Z,500000,BANK-TRF,2026-02-02T22:36:38.000Z,100033260202223631945522569048,AUTH_5pciwic8km,,,OLAMIDE SEUN OLUWAFEMI,PalmPay,9091244078,,,,,,,
6981ab67b51b6d08657c26f6,693dbac6b7bb1eb7bf94ed2c,Withdrawal,SUCCESS,2026-02-03T08:01:43.568Z,2026-02-03T08:01:45.375Z,2000000,BANK-TRF,2026-02-03T08:01:43.000Z,TRF_3vlugfkx9p5r08hv,fd9c6b41-93b8-4619-b6ed-8e4406c10ad1,childcare,🍼,,,,9124324818,PalmPay,FEMI GABRIEL FASHOLA,110006260203080141095055573701,data,95b54c2c-8d10-4eee-b792-e623d0603b4f,fd9c6b41-93b8-4619-b6ed-8e4406c10ad1
6981ab6ab51b6d08657c2709,693dbac6b7bb1eb7bf94ed2c,Deposit,SUCCESS,2026-02-03T08:01:46.302Z,2026-02-26T15:43:36.956Z,100000,In-App-TRF,,c13eb770-b485-41ce-8c37-239d166e9d96,6945461a684734729a79e5e7,Rainy Day savings,💸,,,,,,,,,,
6981cf1cb51b6d08657c279c,691cc13665dffc4250474b6a,Deposit,SUCCESS,2026-02-03T10:34:04.968Z,2026-02-03T10:34:04.968Z,350000,BANK-TRF,2026-02-03T10:34:03.000Z,100004260203103358151422087812,AUTH_vdtm4gvi90,,,GOODNESS AYOBAMI TAIWO,OPay Digital Services Limited (OPay),8131655804,,,,,,,
6981daaeb51b6d08657c28e4,692c2e0bc0076069f22e7a0d,Withdrawal,SUCCESS,2026-02-03T11:23:26.865Z,2026-02-03T11:23:28.730Z,100000,BANK-TRF,2026-02-03T11:23:26.000Z,TRF_fge2zhinptqpy5xs,35d433f8-dfa2-4529-adb6-1141ed6e3164,gift,🎁,,,,8025110373,OPay Digital Services Limited (OPay),ADEDOYIN ROSELINE ADESANYA,9999910095061824501,,1bc67e82-6c51-4821-80a4-92edfaebfbb1,35d433f8-dfa2-4529-adb6-1141ed6e3164
69820efdb51b6d08657c2918,696fd5b9f218cfe374e6d4ab,Deposit,SUCCESS,2026-02-03T15:06:37.811Z,2026-02-03T15:06:37.811Z,100000,BANK-TRF,2026-02-03T15:06:36.000Z,100004260203150628151445654138,AUTH_b7plnqa6k3,,,ABIDAH OLAWUNMI OLABODE,OPay Digital Services Limited (OPay),8139404299,,,,,,,
69822163b51b6d08657c2957,695845161bafe7a105a68ceb,Deposit,SUCCESS,2026-02-03T16:25:07.200Z,2026-02-03T16:25:07.200Z,100000,BANK-TRF,2026-02-03T16:25:05.000Z,100004260203162432151453092458,AUTH_hqdbttflgy,,,PRAISE AYOMIDE OMOLAOLU,OPay Digital Services Limited (OPay),8071683955,,,,,,,
69824f2ab51b6d08657c2960,691cc13665dffc4250474b6a,Deposit,SUCCESS,2026-02-03T19:40:26.220Z,2026-02-03T19:40:26.220Z,50000,BANK-TRF,2026-02-03T19:40:24.000Z,100004260203193957151474463558,AUTH_uf2qcdc5j1,,,GOODNESS AYOBAMI TAIWO,OPay Digital Services Limited (OPay),8131655804,,,,,,,
69825396b51b6d08657c2a46,691ec63d24cf6022a24d9775,Withdrawal,SUCCESS,2026-02-03T19:59:18.436Z,2026-02-03T19:59:20.635Z,290000,BANK-TRF,2026-02-03T19:59:18.000Z,TRF_h6z6tcsxrxvsj2pk,be53a864-309b-46a6-8028-cceafbf2c38c,food,🥑,,,,8060631686,OPay Digital Services Limited (OPay),BASHIRU  BELLO,9999910095077523401,,9dd91826-2315-4835-a907-2ac5d3cf03f2,be53a864-309b-46a6-8028-cceafbf2c38c
698367c37be1b6e80bc1457a,693dbac6b7bb1eb7bf94ed2c,Deposit,SUCCESS,2026-02-04T15:37:39.351Z,2026-02-04T15:37:39.351Z,6000000,BANK-TRF,2026-02-04T15:37:38.000Z,100033260204153714414187503454,AUTH_2ctfagkdb0,,,FEMI GABRIEL FASHOLA,PalmPay,9124324818,,,,,,,
698390517be1b6e80bc146f8,691ec63d24cf6022a24d9775,Withdrawal,SUCCESS,2026-02-04T18:30:41.093Z,2026-02-04T18:30:43.387Z,3000000,BANK-TRF,2026-02-04T18:30:40.000Z,TRF_mooss4478pms1ks5,5b9b0fbf-fdb6-40ff-bc91-b4737329b2a4,GYM,💎,,,,8133233223,OPay Digital Services Limited (OPay),UTHMAN AKINOLA AJISAFE,110006260204183038095114940401,Gym belt,3afef7e7-3c2c-4e70-a3c4-0706086064b3,5b9b0fbf-fdb6-40ff-bc91-b4737329b2a4
6983aaeb7be1b6e80bc14763,693dbac6b7bb1eb7bf94ed2c,Withdrawal,SUCCESS,2026-02-04T20:24:11.521Z,2026-02-04T20:24:11.521Z,20000,In-App-TRF,,e0f75261-5a37-471a-a1fc-9ece0e4a2e9b,6945461a684734729a79e5e7,Rainy Day savings,💸,,,,,,,,,,
6983adf47be1b6e80bc147cc,693dbac6b7bb1eb7bf94ed2c,Withdrawal,SUCCESS,2026-02-04T20:37:08.602Z,2026-02-04T20:37:09.355Z,10000,BANK-TRF,2026-02-04T20:37:08.000Z,TRF_ww8r2l42cnsveo3v,f57866d8-9ca4-43f4-9152-aee961be0c45,beauty,💅,,,,9124324818,PalmPay,FEMI GABRIEL FASHOLA,110006260204203704095118991601,,48e5fe14-2a38-4a94-9d5f-5b37b6b3fab7,f57866d8-9ca4-43f4-9152-aee961be0c45
6983adf67be1b6e80bc147db,693dbac6b7bb1eb7bf94ed2c,Deposit,SUCCESS,2026-02-04T20:37:10.274Z,2026-02-26T15:43:37.059Z,500,In-App-TRF,,7ab607ad-2687-4efb-b83f-7b2dcf1574ca,6945461a684734729a79e5e7,Rainy Day savings,💸,,,,,,,,,,
6983c141a13ecfcb82bad84b,692c2e0bc0076069f22e7a0d,Withdrawal,SUCCESS,2026-02-04T21:59:29.146Z,2026-02-04T21:59:35.936Z,100000,BANK-TRF,2026-02-04T21:59:31.000Z,TRF_dx45ifh5c80vmzu2,463485dc-310f-4eb5-a434-33783cba6ac1,education,🎓,,,,8025110373,OPay Digital Services Limited (OPay),ADEDOYIN ROSELINE ADESANYA,9999910095124851801,,99cec867-2a76-40f4-92c2-8730cb4b1fe0,463485dc-310f-4eb5-a434-33783cba6ac1
698474b0a13ecfcb82bad958,691ec63d24cf6022a24d9775,Withdrawal,SUCCESS,2026-02-05T10:45:04.132Z,2026-02-05T10:45:11.365Z,200000,BANK-TRF,2026-02-05T10:45:03.000Z,TRF_o6l0dwsa2y9204xk,08222b46-b4b0-4103-a234-7747fc807389,loan,📉,,,,9055485433,OPay Digital Services Limited (OPay),PATRICK NFONOBONG SAMUEL,9999910095156826601,,993fe900-a14c-4b5c-885b-056974afc23d,08222b46-b4b0-4103-a234-7747fc807389
6984c4dba13ecfcb82badaef,691ec63d24cf6022a24d9775,Deposit,SUCCESS,2026-02-05T16:27:07.990Z,2026-02-05T16:27:07.990Z,500000,BANK-TRF,2026-02-05T16:27:06.000Z,000013260205172352000732718431,AUTH_euuasw6pca,,,KENT-ADEBAYO JOHN IYANUOLUWA,Guaranty Trust Bank,0137605007,,,,,,,
6984c773a13ecfcb82badc1b,691ec63d24cf6022a24d9775,Withdrawal,SUCCESS,2026-02-05T16:38:11.029Z,2026-02-05T16:38:12.855Z,200000,BANK-TRF,2026-02-05T16:38:10.000Z,TRF_nncnbxwj72g4i5hf,5b050962-327a-4003-83bc-4bba7c629296,childcare,🍼,,,,8101799492,Beststar Microfinance Bank,JOHN KENT-ADEBAYO,110006260205163808095169080701,,9283752b-98fb-4cea-9eb2-d8d21bc7f6a3,5b050962-327a-4003-83bc-4bba7c629296
6984c830a13ecfcb82badcd8,691ec63d24cf6022a24d9775,Withdrawal,SUCCESS,2026-02-05T16:41:20.542Z,2026-02-05T16:41:20.542Z,1000000,In-App-TRF,,5012bd56-9049-4cd0-a19d-ffbb4b849733,69303185498828a2484c46ac,Rainy Day savings,💸,,,,,,,,,,
6985096c5b9ea475a3c95a0d,692c2e0bc0076069f22e7a0d,Withdrawal,SUCCESS,2026-02-05T21:19:40.709Z,2026-02-05T21:19:43.568Z,500000,BANK-TRF,2026-02-05T21:19:40.000Z,TRF_1p0o8p4btiqg1fjp,1e629f03-c82c-4e44-9f60-44aee2a58e51,donation,🙏,,,,9653727500,Providus Bank,VANT(Template Networks),110006260205211938095178443101,For church building ,38203b5c-4299-451b-a162-1bccf4708752,1e629f03-c82c-4e44-9f60-44aee2a58e51
698591585b9ea475a3c95b4a,691ec63d24cf6022a24d9775,Withdrawal,SUCCESS,2026-02-06T06:59:36.160Z,2026-02-06T06:59:38.307Z,1000000,BANK-TRF,2026-02-06T06:59:36.000Z,TRF_zvs4lh1mloozttda,12d74a71-bc9f-44ef-8993-0ac020432177,loan,📉,,,,9138922033,OPay Digital Services Limited (OPay),OREOLUWA FELICIAL SOYOYE,110006260206065932095191627701,,bcfa4768-a283-44d5-918d-1ae449a7ea44,12d74a71-bc9f-44ef-8993-0ac020432177
6985fe535b9ea475a3c95c93,691ec63d24cf6022a24d9775,Withdrawal,SUCCESS,2026-02-06T14:44:35.887Z,2026-02-06T14:44:37.704Z,2100000,BANK-TRF,2026-02-06T14:44:35.000Z,TRF_tnp1ejukiy8w7e6g,7c186428-c6d5-40d3-847a-63052769c4ca,food,🥑,,,,8123169540,OPay Digital Services Limited (OPay),OLABODE TUNBOSUN TEJUOSO,110006260206144433095206188301,,8d0aa2aa-1b97-4f4f-ae23-4daa9b7a2573,7c186428-c6d5-40d3-847a-63052769c4ca
69860f445b9ea475a3c95d4d,692c2e0bc0076069f22e7a0d,Withdrawal,SUCCESS,2026-02-06T15:56:52.161Z,2026-02-06T15:56:54.056Z,300000,BANK-TRF,2026-02-06T15:56:52.000Z,TRF_od7f91vwcnk2odz2,747fd8b2-0936-4d2a-a3ad-6e4544dd27ae,books,📚,,,,8025110373,OPay Digital Services Limited (OPay),ADEDOYIN ROSELINE ADESANYA,9999910095208416701,,795925e7-dd5b-4105-8ce0-4f6e33035fd0,747fd8b2-0936-4d2a-a3ad-6e4544dd27ae
698636115b9ea475a3c95dc8,691ec63d24cf6022a24d9775,Withdrawal,SUCCESS,2026-02-06T18:42:25.146Z,2026-02-06T18:42:29.081Z,510000,BANK-TRF,2026-02-06T18:42:25.000Z,TRF_j8p2onll4hcw8yty,52723168-6336-414b-9cac-13c39994781b,food,🥑,,,,7059633409,Moniepoint MFB,AKINDIYA BABATUNDE OLUWAFEMI,505150095213382101,,9a9db7d3-41a0-4cf3-b9c7-754f0272e01e,52723168-6336-414b-9cac-13c39994781b
69863e555b9ea475a3c95e83,695845161bafe7a105a68ceb,Withdrawal,SUCCESS,2026-02-06T19:17:41.837Z,2026-02-06T19:17:43.730Z,300000,BANK-TRF,2026-02-06T19:17:41.000Z,TRF_dpou3jtah4in567m,05d4430a-882a-4c71-b6e9-494eb8de32e6,education,🎓,,,,5426098014,First City Monument Bank,OOU LAW STUDENT SOCIETY,110006260206191740095214562601,LSS DUES,9fe1e1c1-a413-4c99-b3cd-7f0e8a79bd9e,05d4430a-882a-4c71-b6e9-494eb8de32e6
6987817abc9eb19b90e983f8,691ec63d24cf6022a24d9775,Withdrawal,SUCCESS,2026-02-07T18:16:26.753Z,2026-02-07T18:16:31.267Z,200000,BANK-TRF,2026-02-07T18:16:29.000Z,TRF_mu350nzzgyen9yh0,ac21a297-3bb5-47f6-9d45-f9c3135c2283,loan,📉,,,,7048776297,OPay Digital Services Limited (OPay),HANNAH OLUWATOSIN JOHNSON,9999910095257600801,,3b5493f3-0893-4c50-b954-bfbcf4005d40,ac21a297-3bb5-47f6-9d45-f9c3135c2283
6987b8cb1c696dd332ca2f70,691ec63d24cf6022a24d9775,Withdrawal,SUCCESS,2026-02-07T22:12:27.022Z,2026-02-07T22:12:34.730Z,100000,BANK-TRF,2026-02-07T22:12:29.000Z,TRF_cj7iiwtxzhclqndw,a7948df1-0c8f-45c4-b21b-255341ff0083,Template_Transportation,🚕,,,,9055485433,OPay Digital Services Limited (OPay),PATRICK NFONOBONG SAMUEL,9999910095276368001,,88710c66-b364-40a7-9e84-5e578fd2875e,a7948df1-0c8f-45c4-b21b-255341ff0083
6987c9fe1c696dd332ca32fc,693dbac6b7bb1eb7bf94ed2c,Withdrawal,SUCCESS,2026-02-07T23:25:50.058Z,2026-02-07T23:25:50.815Z,1000000,BANK-TRF,2026-02-07T23:25:49.000Z,TRF_xdfslalr2mcc2v3j,28c874ad-29a8-44d6-bbdc-386267b4f93a,music,🎵,,,,9124324818,PalmPay,FEMI GABRIEL FASHOLA,110006260207232547095280262001,,f02d81f3-cd12-417a-8369-3de6070c058c,28c874ad-29a8-44d6-bbdc-386267b4f93a
6987c9ff1c696dd332ca330c,693dbac6b7bb1eb7bf94ed2c,Deposit,SUCCESS,2026-02-07T23:25:51.744Z,2026-02-26T15:43:37.179Z,50000,In-App-TRF,,1d2abfc5-a07e-4c36-80a7-348da65fade4,6945461a684734729a79e5e7,Rainy Day savings,💸,,,,,,,,,,
6987cb681c696dd332ca3388,693dbac6b7bb1eb7bf94ed2c,Withdrawal,SUCCESS,2026-02-07T23:31:52.841Z,2026-02-07T23:31:54.791Z,500000,BANK-TRF,2026-02-07T23:31:52.000Z,TRF_sq6ug932x1lvth0q,d5af5bfa-19ed-41cd-96c9-12eb9f22af9b,music,🎵,,,,9124324818,PalmPay,FEMI GABRIEL FASHOLA,110006260207233150095280449501,,5847b0a9-94d6-4261-9db7-2597761b6365,d5af5bfa-19ed-41cd-96c9-12eb9f22af9b
6987cb6b1c696dd332ca339b,693dbac6b7bb1eb7bf94ed2c,Deposit,SUCCESS,2026-02-07T23:31:55.716Z,2026-02-26T15:43:37.299Z,25000,In-App-TRF,,56228386-5504-4978-87cc-856a6f3d11b5,6945461a684734729a79e5e7,Rainy Day savings,💸,,,,,,,,,,
69886f1d1c696dd332ca35a7,691ec63d24cf6022a24d9775,Deposit,SUCCESS,2026-02-08T11:10:21.232Z,2026-02-08T11:10:21.232Z,1000000,BANK-TRF,2026-02-08T11:10:19.000Z,090110260208120705705982512144,AUTH_aqw9vy3pgo,,,Vant,VFD Microfinance Bank Limited,1026459314,,,,,,,
698872531c696dd332ca3660,691ec63d24cf6022a24d9775,Withdrawal,SUCCESS,2026-02-08T11:24:03.670Z,2026-02-08T11:24:04.453Z,200000,BANK-TRF,2026-02-08T11:24:03.000Z,TRF_7u10r1xv5cknjhfm,1286b961-ad32-4174-b374-74e492c5bb2c,Template_Transportation,🚕,,,,8100192727,OPay Digital Services Limited (OPay),BLESSING ESTHER IBIDAPO,9999910095298274101,,768215c4-c6b7-4332-a3f3-2fc3c6828869,1286b961-ad32-4174-b374-74e492c5bb2c
6988d67d1c696dd332ca3715,691ec63d24cf6022a24d9775,Withdrawal,SUCCESS,2026-02-08T18:31:25.638Z,2026-02-08T18:31:27.412Z,800000,BANK-TRF,2026-02-08T18:31:25.000Z,TRF_a7wo2qsscq5t8mrm,69d79d78-0322-46fd-bb97-ec7636d7a077,Template_Transportation,🚕,,,,6117768192,OPay Digital Services Limited (OPay),FPCL ABK1- IBB 1,110006260208183123095317437401,,e79fda04-c2e6-4c46-be20-33e183095d8f,69d79d78-0322-46fd-bb97-ec7636d7a077
6988d69f1c696dd332ca375f,691ec63d24cf6022a24d9775,Withdrawal,SUCCESS,2026-02-08T18:31:59.829Z,2026-02-08T18:32:01.854Z,400000,BANK-TRF,2026-02-08T18:31:59.000Z,TRF_h9u1hnbvb3skg2uj,2e330a93-29ba-4edb-8ab8-cd462f07c56f,fuel,⛽,,,,6117768192,OPay Digital Services Limited (OPay),FPCL ABK1- IBB 1,110006260208183158095317476201,,4d2344b6-cf7c-4bf6-86cc-dcecc184dd2f,2e330a93-29ba-4edb-8ab8-cd462f07c56f
6989860d8e9176ef5359326e,696fd5b9f218cfe374e6d4ab,Deposit,SUCCESS,2026-02-09T07:00:29.803Z,2026-02-09T07:00:29.803Z,100000,BANK-TRF,2026-02-09T07:00:27.000Z,100004260209065656151901544483,AUTH_al68be2kia,,,ABIDAH OLAWUNMI OLABODE,OPay Digital Services Limited (OPay),8139404299,,,,,,,
6989b5828e9176ef535932ec,691ec63d24cf6022a24d9775,Deposit,SUCCESS,2026-02-09T10:22:58.629Z,2026-02-09T10:22:58.629Z,30000,BANK-TRF,2026-02-09T10:22:57.000Z,100004260208234451151896683143,AUTH_0ok1y4iwb9,,,IYANUOLUWA JOHN ADEBAYO,OPay Digital Services Limited (OPay),8101799492,,,,,,,
6989b59f8e9176ef535932f4,691ec63d24cf6022a24d9775,Deposit,SUCCESS,2026-02-09T10:23:27.790Z,2026-02-09T10:23:27.790Z,30000,BANK-TRF,2026-02-09T10:23:26.000Z,100004260208233307151895965145,AUTH_ywptx89x9q,,,IYANUOLUWA JOHN ADEBAYO,OPay Digital Services Limited (OPay),8101799492,,,,,,,
698a085f8e9176ef53593432,691ec63d24cf6022a24d9775,Withdrawal,SUCCESS,2026-02-09T16:16:31.428Z,2026-02-09T16:16:33.058Z,250000,BANK-TRF,2026-02-09T16:16:31.000Z,TRF_omop5kbkjgra0zu3,3d384da3-adf3-4d31-859d-2153d0f65a36,loan,📉,,,,8101799492,Beststar Microfinance Bank,JOHN KENT-ADEBAYO,110006260209161626095364761001,,eae2e6d2-ab75-448a-a30b-d430be1d7110,3d384da3-adf3-4d31-859d-2153d0f65a36
698a142f8e9176ef535934e0,698a12758e9176ef53593460,Deposit,SUCCESS,2026-02-09T17:06:55.828Z,2026-02-09T17:06:55.828Z,500000,BANK-TRF,2026-02-09T17:06:54.000Z,100004260209170525151951935882,AUTH_wjns0wle58,,,COVENANT AYOBAMI AYOOLA,OPay Digital Services Limited (OPay),9038686532,,,,,,,
698a2ade8e9176ef535935c8,691ec63d24cf6022a24d9775,Withdrawal,SUCCESS,2026-02-09T18:43:42.978Z,2026-02-09T18:43:45.045Z,35000,BANK-TRF,2026-02-09T18:43:42.000Z,TRF_mftkochmzsr3dnxu,63c9f8a0-0acc-44e1-86d1-a3957c1bdb2d,Car Maintenance ,🚲,,,,6101059290,OPay Digital Services Limited (OPay),PATEOWEI DAKILEGA OGONRON,110006260209184340095369283801,,bab65ef1-1042-4fdd-a7d2-1474b03e9e82,63c9f8a0-0acc-44e1-86d1-a3957c1bdb2d
698a33318e9176ef5359365b,691ec63d24cf6022a24d9775,Deposit,SUCCESS,2026-02-09T19:19:13.135Z,2026-02-09T19:19:13.135Z,50000000,BANK-TRF,2026-02-09T19:19:10.000Z,090110260209201603830381783119,AUTH_fu0pnko1ga,,,Vant,VFD Microfinance Bank Limited,1026459314,,,,,,,
698a37e08e9176ef53593765,691ec63d24cf6022a24d9775,Deposit,SUCCESS,2026-02-09T19:39:12.842Z,2026-02-09T19:39:12.842Z,500000,BANK-TRF,2026-02-09T19:39:10.000Z,100004260209193614151968536210,AUTH_xsobbteoc0,,,IYANUOLUWA JOHN ADEBAYO,OPay Digital Services Limited (OPay),8101799492,,,,,,,
698a39418e9176ef53593871,691ec63d24cf6022a24d9775,Withdrawal,SUCCESS,2026-02-09T19:45:05.708Z,2026-02-09T19:45:06.469Z,100000,BANK-TRF,2026-02-09T19:45:05.000Z,TRF_u3b3yfd6tf3iyzdx,9f3bb2fc-97e1-48dc-ad43-38d7b5dafb7e,beauty,💅,,,,6116735775,OPay Digital Services Limited (OPay),MEDBASE PHARMACY AND VARIETY LIMITED,110006260209194501095371434301,Meds,794f81ec-1f47-4714-9c07-6f14f2f2eabf,9f3bb2fc-97e1-48dc-ad43-38d7b5dafb7e
698a69994348bcd7a4a2cea9,691ec63d24cf6022a24d9775,Deposit,SUCCESS,2026-02-09T23:11:21.469Z,2026-02-09T23:11:21.469Z,100000,BANK-TRF,2026-02-09T23:11:20.000Z,100004260209230957151980287144,AUTH_j4cvhpa3h6,,,IYANUOLUWA JOHN ADEBAYO,OPay Digital Services Limited (OPay),8101799492,,,,,,,
698a6af14348bcd7a4a2cf2d,691ec63d24cf6022a24d9775,Withdrawal,SUCCESS,2026-02-09T23:17:05.754Z,2026-02-09T23:17:07.400Z,3010000,BANK-TRF,2026-02-09T23:17:05.000Z,TRF_prr12ttktsv9z4hk,0fd55631-6d38-4421-b3ef-8a0758f5d61e,electricity,💡,,,,9000969514,BuyPower MFB,BuyPower-45077128556,110006260209231700095381501101,,dbfe0d50-18ae-4132-b753-4fce4a5ad78a,0fd55631-6d38-4421-b3ef-8a0758f5d61e
698af1664348bcd7a4a2d069,691ec63d24cf6022a24d9775,Withdrawal,SUCCESS,2026-02-10T08:50:46.046Z,2026-02-10T08:50:46.781Z,9700000,BANK-TRF,2026-02-10T08:50:45.000Z,TRF_wqp86hqeqbsd23s4,7ba83db3-a517-4d39-b694-1a3e9dc6501f,Fairmoney,📌,,,,5280303772,Fairmoney Microfinance Bank,Iyanuoluwa Adebayo,110006260210085042095393871101,,97558fba-4064-4ed5-8435-ec5f7b47c362,7ba83db3-a517-4d39-b694-1a3e9dc6501f
698b03d24348bcd7a4a2d14a,692f36032dfc48a0616410e7,Deposit,SUCCESS,2026-02-10T10:09:22.098Z,2026-02-10T10:09:22.098Z,3500000,BANK-TRF,2026-02-10T10:09:20.000Z,000004260210110725838074098790,AUTH_z2w8lewnvk,,,SAMUEL JESUTOFUNMI OLADUNJOYE,United Bank For Africa,2138525039,,,,,,,
698b36e94348bcd7a4a2d2f2,691ec63d24cf6022a24d9775,Withdrawal,SUCCESS,2026-02-10T13:47:21.112Z,2026-02-10T13:47:23.775Z,3000000,BANK-TRF,2026-02-10T13:47:20.000Z,TRF_juvl7z60ba5f58bu,3c90b278-6eea-486e-bd12-0f4edd2de0a2,loan,📉,,,,8141797322,OPay Digital Services Limited (OPay),OLAWALE MATTHEW FALOYIN,110006260210134718095403936801,,4bfc9266-7669-4a55-9bba-c95d064bf461,3c90b278-6eea-486e-bd12-0f4edd2de0a2
698b651e4348bcd7a4a2d3d8,691ec63d24cf6022a24d9775,Withdrawal,SUCCESS,2026-02-10T17:04:30.136Z,2026-02-10T17:04:30.934Z,12000000,BANK-TRF,2026-02-10T17:04:29.000Z,TRF_icuijjt6jly3qtzw,6c8d9142-70bb-46ca-8732-0491e996a5bf,Fairmoney,📌,,,,1100018272,Kuda Bank,IYANUOLUWA JOHN ADEBAYO,110006260210170426095411050701,,590cb973-b4b9-4f93-a9d0-566c6511c67f,6c8d9142-70bb-46ca-8732-0491e996a5bf
698b685e4348bcd7a4a2d4be,691ec63d24cf6022a24d9775,Withdrawal,SUCCESS,2026-02-10T17:18:22.346Z,2026-02-10T17:18:24.045Z,2020645,BANK-TRF,2026-02-10T17:18:22.000Z,TRF_nhpwb850e7mmty4l,bf856083-a7a6-4e3c-9011-f9290d10e877,Caleb_Leadway,🥂,,,,9854991565,Paystack-Titan,LEADWAYASSURA/ETP25009696 IYANUOLUWA KENTADEBAYO,110006260210171818095411517201,ETP25009696,eb70c747-ea1d-495b-b730-b82776184e8f,bf856083-a7a6-4e3c-9011-f9290d10e877
698b69814348bcd7a4a2d532,691ec63d24cf6022a24d9775,Withdrawal,SUCCESS,2026-02-10T17:23:13.462Z,2026-02-10T17:23:15.018Z,3000000,BANK-TRF,2026-02-10T17:23:13.000Z,TRF_cvzkzs4fgrxyao8d,c77fef65-ecd4-4353-957c-f3e3d4809368,Farm,🍀,,,,8166149943,OPay Digital Services Limited (OPay),UPELE DANIEL OGBOR,110006260210172310095411695801,,dddff545-54e0-4991-9467-da637cedf476,c77fef65-ecd4-4353-957c-f3e3d4809368
698b81f84348bcd7a4a2d77b,692f31322dfc48a061640ed7,Withdrawal,SUCCESS,2026-02-10T19:07:36.929Z,2026-02-10T19:07:37.652Z,90000,BANK-TRF,2026-02-10T19:07:36.000Z,TRF_qfk33tcp4ctunl49,83137b0f-f267-4f09-9889-85387c337c37,bankFees,🏦,,,,5295683331,Sterling Bank,CORALPAY-NextGen PG,110006260210190735095414967801,,193f1955-e360-4b12-aa80-6616c91a9c8b,83137b0f-f267-4f09-9889-85387c337c37
698b8bef4348bcd7a4a2d7d0,692f31322dfc48a061640ed7,Withdrawal,SUCCESS,2026-02-10T19:50:07.890Z,2026-02-10T19:50:16.057Z,60000,BANK-TRF,2026-02-10T19:50:07.000Z,TRF_05i0z4t7h32f03sa,69dbf59c-f13e-47f4-8b2c-29848ee13206,bankFees,🏦,,,,9055485433,OPay Digital Services Limited (OPay),PATRICK NFONOBONG SAMUEL,9999910095416298801,,0238c6af-3c14-40f3-b5d8-3e64fe2e552f,69dbf59c-f13e-47f4-8b2c-29848ee13206
698cb0c66c18ad0c100e8fca,6947e3055dad1006b656f45c,Withdrawal,SUCCESS,2026-02-11T16:39:34.041Z,2026-02-11T16:39:35.909Z,500000,BANK-TRF,2026-02-11T16:39:33.000Z,TRF_pacgnd0h7d3pvcgf,5c60e53b-a173-4b75-9121-9995436661a5,Healthcare,🏥,,,,9091244078,PalmPay,OLAMIDE SEUN OLUWAFEMI,110006260211163930095453847801,,56437428-e18a-465d-abcb-95d332bb24ab,5c60e53b-a173-4b75-9121-9995436661a5
698db8d191c750533f9a1114,691ec63d24cf6022a24d9775,Withdrawal,SUCCESS,2026-02-12T11:26:09.644Z,2026-02-12T11:26:11.688Z,9800000,BANK-TRF,2026-02-12T11:26:09.000Z,TRF_4n6rzar4xzwejs9c,410ba619-1a79-409f-ad86-7b1118f5903d,Fairmoney,📌,,,,1100018272,Kuda Bank,IYANUOLUWA JOHN ADEBAYO,110006260212112607095485157501,,cfd91ae9-18ee-440b-bc70-4f0662803271,410ba619-1a79-409f-ad86-7b1118f5903d
698e198191c750533f9a1259,691ec63d24cf6022a24d9775,Withdrawal,SUCCESS,2026-02-12T18:18:41.221Z,2026-02-12T18:18:44.102Z,1500000,BANK-TRF,2026-02-12T18:18:41.000Z,TRF_m3k386ph5eeyg8kl,5974f406-2c27-4452-9e37-e0cb41ef3ad7,gift,🎁,,,,8141797322,OPay Digital Services Limited (OPay),OLAWALE MATTHEW FALOYIN,110006260212181839095496901801,,36497f03-04aa-45c8-84fc-fce9a399c342,5974f406-2c27-4452-9e37-e0cb41ef3ad7
698f06c54e338485cd87c05f,695845161bafe7a105a68ceb,Deposit,SUCCESS,2026-02-13T11:11:01.349Z,2026-02-13T11:11:01.349Z,20000,BANK-TRF,2026-02-13T11:10:59.000Z,100004260213111014152252506059,AUTH_grwmu03m36,,,PRAISE AYOMIDE OMOLAOLU,OPay Digital Services Limited (OPay),8071683955,,,,,,,
698f51ea4d9586a009fd1711,693dbac6b7bb1eb7bf94ed2c,Withdrawal,SUCCESS,2026-02-13T16:31:38.418Z,2026-02-13T16:31:40.744Z,2000000,BANK-TRF,2026-02-13T16:31:38.000Z,TRF_ev2puv2my01exl6b,912bd54d-5558-4db3-b747-04f737e6eaac,bankFees,🏦,,,,9124324818,PalmPay,FEMI GABRIEL FASHOLA,110006260213163135095531612901,,062672a5-f475-4684-af88-33fb8b422cd9,912bd54d-5558-4db3-b747-04f737e6eaac
698f51ed4d9586a009fd1725,693dbac6b7bb1eb7bf94ed2c,Deposit,SUCCESS,2026-02-13T16:31:41.665Z,2026-02-26T15:43:37.411Z,100000,In-App-TRF,,f696e29f-3064-4053-9028-1c9ca56dca97,6945461a684734729a79e5e7,Rainy Day savings,💸,,,,,,,,,,
698f6f694d9586a009fd17fb,691ec63d24cf6022a24d9775,Withdrawal,SUCCESS,2026-02-13T18:37:29.701Z,2026-02-13T18:37:31.398Z,3000000,BANK-TRF,2026-02-13T18:37:29.000Z,TRF_f9ptkdy8e6gyp7b9,f0048792-e710-4f39-9d1a-096222f816d5,GYM,💎,,,,8133233223,OPay Digital Services Limited (OPay),UTHMAN AKINOLA AJISAFE,110006260213183727095534919901,Gym,8f070dec-8b0d-4460-9e8a-6b97e98e61d5,f0048792-e710-4f39-9d1a-096222f816d5
699091034d9586a009fd19a6,692f36032dfc48a0616410e7,Withdrawal,SUCCESS,2026-02-14T15:13:07.593Z,2026-02-14T15:13:08.359Z,700000,BANK-TRF,2026-02-14T15:13:07.000Z,TRF_bb1lexoc4cvj8yrl,3f50de9b-1311-40e1-b837-e1c4e76358d4,transportation,🚌,,,,0218467151,Guaranty Trust Bank,OLADUNJOYE  SAMUEL JESUTOFUNMI,110006260214151300095564944301,tfare,4f218c64-25e5-473f-a46e-1c959744ed12,3f50de9b-1311-40e1-b837-e1c4e76358d4
6990915f4d9586a009fd19fe,692f36032dfc48a0616410e7,Withdrawal,SUCCESS,2026-02-14T15:14:39.967Z,2026-02-14T15:14:47.068Z,500000,BANK-TRF,2026-02-14T15:14:39.000Z,TRF_p1l6uio690t69r20,12d25fef-ad24-4cb8-a14e-386f4863022c,food,🥑,,,,0218467151,Guaranty Trust Bank,OLADUNJOYE  SAMUEL JESUTOFUNMI,110006260214151438095564989601,6000,faaccd4c-8923-47f6-b7b4-7c0a80c403c6,12d25fef-ad24-4cb8-a14e-386f4863022c
6990b29f2f49699560180f60,691cc13665dffc4250474b6a,Withdrawal,SUCCESS,2026-02-14T17:36:31.591Z,2026-02-14T17:36:32.425Z,200000,BANK-TRF,2026-02-14T17:36:31.000Z,TRF_nt1iygzca0trfscp,99fd5149-d8ae-46cc-8be8-fcf036df5ec3,books,📚,,,,8131655804,OPay Digital Services Limited (OPay),GOODNESS AYOBAMI TAIWO,9999910095570829101,,277b6fab-99e0-46d8-9bda-cc69460f2ce2,99fd5149-d8ae-46cc-8be8-fcf036df5ec3
6990c0e12f49699560180f7a,696fd5b9f218cfe374e6d4ab,Deposit,SUCCESS,2026-02-14T18:37:21.896Z,2026-02-14T18:37:21.896Z,300000,BANK-TRF,2026-02-14T18:37:18.000Z,100033260214183623890087087459,AUTH_cesukaemsb,,,HANIFAT AFOLAKE OLABODE,PalmPay,9160352027,,,,,,,
69915d482f49699560181006,691cc13665dffc4250474b6a,Withdrawal,SUCCESS,2026-02-15T05:44:40.919Z,2026-02-15T05:44:41.677Z,50000,BANK-TRF,2026-02-15T05:44:40.000Z,TRF_vpswk6ja0vdt0ww6,de8aa6c8-97d2-4c8f-8a72-3cf6bf97cc64,books,📚,,,,8131655804,OPay Digital Services Limited (OPay),GOODNESS AYOBAMI TAIWO,9999910095604655501,,74dda256-1c5b-436d-8eab-5a8092456b91,de8aa6c8-97d2-4c8f-8a72-3cf6bf97cc64
6991893b2f4969956018114a,69243743c07ce653d4d7de8a,Withdrawal,SUCCESS,2026-02-15T08:52:11.058Z,2026-02-15T08:52:15.464Z,300000,BANK-TRF,2026-02-15T08:52:10.000Z,TRF_km82lm21od9xl6f8,83512394-834e-4789-9029-31d7843f60e0,internet,🌐,,,,8107855430,OPay Digital Services Limited (OPay),ABIOLA EMMANUEL OLOWU,9999910095611971001,,c1c1b699-d2be-44ec-a602-92b332e75462,83512394-834e-4789-9029-31d7843f60e0
699212152daa1457bdc79207,695845161bafe7a105a68ceb,Deposit,SUCCESS,2026-02-15T18:36:05.628Z,2026-02-15T18:36:05.628Z,20000,BANK-TRF,2026-02-15T18:36:00.000Z,100004260215183509152449813171,AUTH_4274d9q316,,,PRAISE AYOMIDE OMOLAOLU,OPay Digital Services Limited (OPay),8071683955,,,,,,,
699253722daa1457bdc792d5,6922f332db9c0f9697a4788a,Withdrawal,SUCCESS,2026-02-15T23:14:58.375Z,2026-02-15T23:15:00.368Z,300000,BANK-TRF,2026-02-15T23:14:58.000Z,TRF_ct66uz8qsq74kir1,2a5fe96b-554c-4d18-8310-cc186a0c207b,beauty,💅,,,,9127670704,OPay Digital Services Limited (OPay),OLUWATUNMISE OLAYINKA ERINLE,9999910095651367501,Money to survive ,410cfcb4-dfb0-46d1-8412-fbc592a95344,2a5fe96b-554c-4d18-8310-cc186a0c207b
699332b82daa1457bdc79403,691cc13665dffc4250474b6a,Withdrawal,SUCCESS,2026-02-16T15:07:36.702Z,2026-02-16T15:07:37.430Z,50000,BANK-TRF,2026-02-16T15:07:36.000Z,TRF_j7invl0jbw7gztrr,f608af39-e48e-4ac2-9079-c1861a140092,books,📚,,,,8068283623,OPay Digital Services Limited (OPay),BASIRAT TEMITOPE ABDULKAREEM,9999910095679993301,,9f828542-b54d-4ad0-bb94-d83e9b507f4a,f608af39-e48e-4ac2-9079-c1861a140092
699340952daa1457bdc794ad,693dbac6b7bb1eb7bf94ed2c,Withdrawal,SUCCESS,2026-02-16T16:06:45.394Z,2026-02-16T16:06:47.151Z,1000000,BANK-TRF,2026-02-16T16:06:45.000Z,TRF_4beklp5oblaqx70t,457e6430-5e8b-4d6f-a474-9dca25a42a18,books,📚,,,,9124324818,PalmPay,FEMI GABRIEL FASHOLA,110006260216160639095681873201,,1e70f02d-7b51-40c1-a2f7-32e4c9f0ac20,457e6430-5e8b-4d6f-a474-9dca25a42a18
699340982daa1457bdc794c0,693dbac6b7bb1eb7bf94ed2c,Deposit,SUCCESS,2026-02-16T16:06:48.064Z,2026-02-26T15:43:37.540Z,50000,In-App-TRF,,8a4dda37-3d8e-4f7a-8c35-cc47a61b8154,6945461a684734729a79e5e7,Rainy Day savings,💸,,,,,,,,,,
69936b3f168cc6d337d9c478,693dbac6b7bb1eb7bf94ed2c,Withdrawal,SUCCESS,2026-02-16T19:08:47.118Z,2026-02-16T19:08:54.188Z,1000000,BANK-TRF,2026-02-16T19:08:46.000Z,TRF_vhrufoad9bzb29mc,e6febcd2-409a-4f45-b9c4-4fefd5146225,childcare,🍼,,,,9124324818,PalmPay,FEMI GABRIEL FASHOLA,110006260216190844095687885301,,cc6a8818-c28c-48e9-9c28-b54a207e1f38,e6febcd2-409a-4f45-b9c4-4fefd5146225
69936b47168cc6d337d9c490,693dbac6b7bb1eb7bf94ed2c,Deposit,SUCCESS,2026-02-16T19:08:55.105Z,2026-02-26T15:43:37.660Z,50000,In-App-TRF,,f787df53-312b-4d14-b0b3-d625f971cb99,6945461a684734729a79e5e7,Rainy Day savings,💸,,,,,,,,,,
69947e3e168cc6d337d9c68c,69243743c07ce653d4d7de8a,Withdrawal,SUCCESS,2026-02-17T14:42:06.434Z,2026-02-17T14:42:08.386Z,400000,BANK-TRF,2026-02-17T14:42:06.000Z,TRF_vzmt8kkhqdeafz5g,ae6f28da-e753-4a89-937b-7d4ef4bc89ce,electricity,💡,,,,8107855430,OPay Digital Services Limited (OPay),ABIOLA EMMANUEL OLOWU,9999910095714858201,,af9f5219-68d6-4c31-9745-d6a4222ad22f,ae6f28da-e753-4a89-937b-7d4ef4bc89ce
69950a469dcd91dd84e5a238,691ec63d24cf6022a24d9775,Deposit,SUCCESS,2026-02-18T00:39:34.676Z,2026-02-18T00:39:34.676Z,22000000,BANK-TRF,2026-02-17T22:50:44.000Z,090110260217234650582002271215,AUTH_qcx4lwlw49,,,Vant,VFD Microfinance Bank Limited,1026459314,,,,,,,
699576739dcd91dd84e5a40c,693dbac6b7bb1eb7bf94ed2c,Withdrawal,SUCCESS,2026-02-18T08:21:07.700Z,2026-02-18T08:21:09.667Z,500000,BANK-TRF,2026-02-18T08:21:07.000Z,TRF_obp4i4y8indkowpl,59cb035d-02e2-4342-a154-00492d43f22d,bankFees,🏦,,,,9124324818,PalmPay,FEMI GABRIEL FASHOLA,110006260218082104095748694001,,d5a45020-4721-419d-9a88-035cf5a91d00,59cb035d-02e2-4342-a154-00492d43f22d
699576769dcd91dd84e5a41e,693dbac6b7bb1eb7bf94ed2c,Deposit,SUCCESS,2026-02-18T08:21:10.588Z,2026-02-26T15:43:37.771Z,25000,In-App-TRF,,8618e5b5-89a3-47dc-8ba0-0424741d6f20,6945461a684734729a79e5e7,Rainy Day savings,💸,,,,,,,,,,
699578309dcd91dd84e5a4da,693dbac6b7bb1eb7bf94ed2c,Deposit,SUCCESS,2026-02-18T08:28:32.689Z,2026-02-26T15:43:37.874Z,2500,In-App-TRF,,bcb6f9a7-f756-4b27-99af-09fc384c25a3,6945461a684734729a79e5e7,Rainy Day savings,💸,,,,,,,,,,
69957e199dcd91dd84e5a6d6,68894fdf3fe661ad58144838,Withdrawal,SUCCESS,2026-02-18T08:53:45.603Z,2026-02-18T08:53:46.368Z,99900,BANK-TRF,2026-02-18T08:53:45.000Z,TRF_kqy7cl423099bu2i,2137cd8f-a0d5-49a6-912e-97d38cecb5db,testings series,🚌,,,,8101799492,OPay Digital Services Limited (OPay),IYANUOLUWA JOHN ADEBAYO,9999910095749677001,,437dc9e5-694f-481a-a7c4-f20cf3556d6e,2137cd8f-a0d5-49a6-912e-97d38cecb5db
69957e1b9dcd91dd84e5a6e3,68894fdf3fe661ad58144838,Deposit,SUCCESS,2026-02-18T08:53:47.277Z,2026-02-26T15:43:37.978Z,49950,In-App-TRF,,ee073604-8a8e-46bc-bde1-024b6ce168b3,69093cac4584830608f12376,Rainy Day savings,💸,,,,,,,,,,
699591199dcd91dd84e5a7b4,691ec63d24cf6022a24d9775,Withdrawal,SUCCESS,2026-02-18T10:14:49.706Z,2026-02-18T10:14:51.965Z,1200000,BANK-TRF,2026-02-18T10:14:49.000Z,TRF_nwq3g1hbt0dyx9wr,265c8c03-059e-4291-a573-1c0031a329d4,software,💻,,,,8291064326,Moniepoint MFB,POS Transfer - KELECHI EMMANUEL,505150095752526401,,9510aef2-e521-43b8-b686-ae916c55d56f,265c8c03-059e-4291-a573-1c0031a329d4
6995abd94cd43e601e0ae8d1,68894fdf3fe661ad58144838,Withdrawal,SUCCESS,2026-02-18T12:08:57.659Z,2026-02-18T12:08:58.689Z,6666,BANK-TRF,2026-02-18T12:08:57.000Z,TRF_hgpmrvvkls09folz,a72a3748-2dec-4110-806d-637073bb6bce,food,🥑,,,,8101799492,OPay Digital Services Limited (OPay),IYANUOLUWA JOHN ADEBAYO,9999910095756329901,,84e9df25-dd39-41eb-93f8-aac6576f7c29,a72a3748-2dec-4110-806d-637073bb6bce
6995abdb4cd43e601e0ae8de,68894fdf3fe661ad58144838,Deposit,SUCCESS,2026-02-18T12:08:59.389Z,2026-02-26T15:43:38.098Z,3334,In-App-TRF,,a16929f9-ecba-4de0-bb3b-7f7334a41ea4,69093cac4584830608f12376,Rainy Day savings,💸,,,,,,,,,,
6995ad89b5de40e16e839760,68894fdf3fe661ad58144838,Withdrawal,SUCCESS,2026-02-18T12:16:09.639Z,2026-02-18T12:16:10.622Z,10000,BANK-TRF,2026-02-18T12:16:09.000Z,TRF_2tecotwiwseod184,b1d39729-ab45-4b2d-80c7-6d2e5bef2dbf,food,🥑,,,,8101799492,OPay Digital Services Limited (OPay),IYANUOLUWA JOHN ADEBAYO,9999910095756565701,Yeaah,a6cb534a-2592-4430-940b-d25609b11d5c,b1d39729-ab45-4b2d-80c7-6d2e5bef2dbf
6995ad8bb5de40e16e83976e,68894fdf3fe661ad58144838,Deposit,SUCCESS,2026-02-18T12:16:11.326Z,2026-02-26T15:43:38.195Z,5000,In-App-TRF,,1337088b-2a4d-451e-a5d0-5bff2ad0b2c8,69093cac4584830608f12376,Rainy Day savings,💸,,,,,,,,,,
6995dd6fb5de40e16e83986a,691ec63d24cf6022a24d9775,Withdrawal,SUCCESS,2026-02-18T15:40:31.956Z,2026-02-18T15:40:33.964Z,600000,BANK-TRF,2026-02-18T15:40:31.000Z,TRF_90yc5g94dcaqe7h3,4271ca82-1742-4413-b4a9-98cd89301c21,AYAF MAINTENANCE ,🔌,,,,7039456335,OPay Digital Services Limited (OPay),LATIFAT ANIKE ADEYANJU,9999910095762968901,,6ba4ec29-6233-4c28-bdba-729abb4370e0,4271ca82-1742-4413-b4a9-98cd89301c21
6995de02b5de40e16e8398b2,691ec63d24cf6022a24d9775,Withdrawal,SUCCESS,2026-02-18T15:42:58.409Z,2026-02-18T15:43:01.935Z,310000,BANK-TRF,2026-02-18T15:42:58.000Z,TRF_srdwzwaf6cz9jq1t,9c905f73-162d-45ff-bf69-44062f873a5a,Template_Transportation,🚕,,,,6108627567,OPay Digital Services Limited (OPay),REGDAM COMMUNICATIONS,110006260218154256095763037601,,aca8a190-e220-4937-aa93-056999b95bd1,9c905f73-162d-45ff-bf69-44062f873a5a
6995deb6b5de40e16e83996c,691ec63d24cf6022a24d9775,Withdrawal,SUCCESS,2026-02-18T15:45:58.455Z,2026-02-18T15:46:00.786Z,10000000,BANK-TRF,2026-02-18T15:45:58.000Z,TRF_6wqpzlujzbjt28cx,134acaad-d0bb-46ec-953a-3edb3aabf845,software,💻,,,,7650398826,Wema Bank,AWE/John  Iyanuoluwa Kent Adebayo,110006260218154557095763137201,,6fda08f5-47b1-41f7-862a-9a1de9c79867,134acaad-d0bb-46ec-953a-3edb3aabf845
6995fec7b5de40e16e839ad2,691ec63d24cf6022a24d9775,Withdrawal,SUCCESS,2026-02-18T18:02:47.176Z,2026-02-18T18:02:49.195Z,10000000,BANK-TRF,2026-02-18T18:02:47.000Z,TRF_7el09u1a5jot33hr,f787562c-efb7-4c6c-871a-ca48a47ee94a,software,💻,,,,8101799492,OPay Digital Services Limited (OPay),IYANUOLUWA JOHN ADEBAYO,110006260218180243095767309201,,d892c5cb-3b84-46f1-b9bb-a3ef40387c62,f787562c-efb7-4c6c-871a-ca48a47ee94a
699760ba0b5f5d3e0d4df0cf,691ec63d24cf6022a24d9775,Withdrawal,SUCCESS,2026-02-19T19:12:58.992Z,2026-02-19T19:13:01.067Z,1000000,BANK-TRF,2026-02-19T19:12:58.000Z,TRF_ntkfanas88uwh40p,50f26807-fe2f-4470-bd52-1b772adcfd11,fuel,⛽,,,,5673231149,Moniepoint MFB,DATAAD PETROCHEMICALS LIMITED - DATAAD PETROCHEMICAL COY2,505150095806258301,,4ed55509-9b19-42da-a9f2-a30d5aee798d,50f26807-fe2f-4470-bd52-1b772adcfd11
699767cc0b5f5d3e0d4df154,691ec63d24cf6022a24d9775,Withdrawal,SUCCESS,2026-02-19T19:43:08.254Z,2026-02-19T19:43:11.831Z,250000,BANK-TRF,2026-02-19T19:43:09.000Z,TRF_7fjgyc7g24ajg70v,a1122ace-86c1-4502-be5c-9506f3c93a58,food,🥑,,,,9034758844,OPay Digital Services Limited (OPay),IBRAHIM  MUHAMMADU,9999910095807322301,,855d3029-374d-4b70-b0ba-c0d62eb9d17c,a1122ace-86c1-4502-be5c-9506f3c93a58
699888f9c5b4b1cd3cc3e822,693dbac6b7bb1eb7bf94ed2c,Withdrawal,SUCCESS,2026-02-20T16:16:57.828Z,2026-02-20T16:16:57.828Z,380000,In-App-TRF,,ef260470-38d5-4359-a015-c7631e6d8bd9,6945461a684734729a79e5e7,Rainy Day savings,💸,,,,,,,,,,
6998899bc5b4b1cd3cc3e906,693dbac6b7bb1eb7bf94ed2c,Withdrawal,SUCCESS,2026-02-20T16:19:39.137Z,2026-02-20T16:19:41.677Z,1800000,BANK-TRF,2026-02-20T16:19:38.000Z,TRF_v4ifavcedw5q34wl,d811b3d8-acf4-4a2a-96cc-46604c398aa8,books,📚,,,,9124324818,PalmPay,FEMI GABRIEL FASHOLA,110006260220161935095841226801,,8997f22f-de79-4fe6-a47e-c43e02385a1f,d811b3d8-acf4-4a2a-96cc-46604c398aa8
6998c036c5b4b1cd3cc3e998,691cc13665dffc4250474b6a,Withdrawal,SUCCESS,2026-02-20T20:12:38.866Z,2026-02-20T20:12:41.022Z,200000,BANK-TRF,2026-02-20T20:12:38.000Z,TRF_2g9xu5u9fe8bkd7a,6f73c172-3ba3-43a0-8b09-faf4d94b038a,books,📚,,,,8131655804,OPay Digital Services Limited (OPay),GOODNESS AYOBAMI TAIWO,9999910095847392001,,692fb08d-f17a-4346-b542-14de8d158f0e,6f73c172-3ba3-43a0-8b09-faf4d94b038a
6998c069c5b4b1cd3cc3e9e0,691cc13665dffc4250474b6a,Withdrawal,SUCCESS,2026-02-20T20:13:29.934Z,2026-02-20T20:13:32.223Z,150000,BANK-TRF,2026-02-20T20:13:29.000Z,TRF_5rqbvadu0qopt7uc,94481e61-58c8-4010-9148-cfb00ef8c9fe,books,📚,,,,8131655804,OPay Digital Services Limited (OPay),GOODNESS AYOBAMI TAIWO,9999910095847416101,,d6c097e9-c0d8-44b5-a532-404cceb1465a,94481e61-58c8-4010-9148-cfb00ef8c9fe
699a3e294351a0055aed5bb3,693e789aa92bdf5f6c76cf97,Withdrawal,SUCCESS,2026-02-21T23:22:17.249Z,2026-02-21T23:22:19.363Z,100000,BANK-TRF,2026-02-21T23:22:17.000Z,TRF_lmt1adq99maqbkkl,4efe7bad-195a-4757-8558-9363351737c4,food,🥑,,,,8116484903,OPay Digital Services Limited (OPay),FAITH OLUWAPONMILE ADEYOMBO,9999910095891996101,,99a48ba2-0447-43d2-9f7c-5d1a17baa753,4efe7bad-195a-4757-8558-9363351737c4
699a3e784351a0055aed5c66,693e789aa92bdf5f6c76cf97,Withdrawal,SUCCESS,2026-02-21T23:23:36.773Z,2026-02-21T23:23:38.671Z,100000,BANK-TRF,2026-02-21T23:23:36.000Z,TRF_cszkrf2y09ehuq7n,6043fce4-63e8-42f3-9318-a595aceca390,food,🥑,,,,8116484903,OPay Digital Services Limited (OPay),FAITH OLUWAPONMILE ADEYOMBO,9999910095892024701,,212f9a09-a6c5-45e7-88fd-ff020eb3c9bf,6043fce4-63e8-42f3-9318-a595aceca390
699c244a2821108273b3c90f,69243743c07ce653d4d7de8a,Withdrawal,SUCCESS,2026-02-23T09:56:26.612Z,2026-02-23T09:56:29.812Z,200000,BANK-TRF,2026-02-23T09:56:26.000Z,TRF_5rfkd7epdoft0tn0,f3f9a4e7-834d-4c3d-90ad-b2810f20ba45,internet,🌐,,,,8107855430,OPay Digital Services Limited (OPay),ABIOLA EMMANUEL OLOWU,9999910095939863301,,3daddda9-c1db-442d-9f2d-6615ffd3a3dc,f3f9a4e7-834d-4c3d-90ad-b2810f20ba45
699c40d42821108273b3ca50,692f36032dfc48a0616410e7,Withdrawal,SUCCESS,2026-02-23T11:58:12.117Z,2026-02-23T11:58:13.071Z,120000,BANK-TRF,2026-02-23T11:58:12.000Z,TRF_xgu3kxhax1vbxyla,8b69dbae-ab44-4c3d-ad00-aecb60b7305b,food,🥑,,,,1430822868,Access Bank,CHIOMA BLESSING NWAFOR,110006260223115810095943642201,jfjf,a991c6d2-8bdb-4a11-bffe-f89088812fb5,8b69dbae-ab44-4c3d-ad00-aecb60b7305b
699c994837c9847c593fb9b1,692f36032dfc48a0616410e7,Withdrawal,SUCCESS,2026-02-23T18:15:36.885Z,2026-02-23T18:15:37.788Z,120000,BANK-TRF,2026-02-23T18:15:36.000Z,TRF_fno19773najz6ri5,f1b1b11a-d642-4fc2-9621-8ac8f2a90004,transportation,🚌,,,,2007588181,Kuda Bank,Kingsley Nnbuike Eze,110006260223181534095954284101,T,d908fc82-abf3-44e7-9332-fa2d23203ba6,f1b1b11a-d642-4fc2-9621-8ac8f2a90004
699d99e137c9847c593fbbed,69243743c07ce653d4d7de8a,Withdrawal,SUCCESS,2026-02-24T12:30:25.855Z,2026-02-24T12:30:34.055Z,50000,BANK-TRF,2026-02-24T12:30:25.000Z,TRF_iyvwara2lm1wtjff,0eae510b-545c-4a88-9cd3-27d324eeb34d,internet,🌐,,,,8107855430,OPay Digital Services Limited (OPay),ABIOLA EMMANUEL OLOWU,9999910095981190601,,bcc4d75e-de1a-405a-a339-32086205224d,0eae510b-545c-4a88-9cd3-27d324eeb34d
699da36537c9847c593fbc5d,692f36032dfc48a0616410e7,Withdrawal,SUCCESS,2026-02-24T13:11:01.440Z,2026-02-24T13:11:02.384Z,200000,BANK-TRF,2026-02-24T13:11:01.000Z,TRF_qw7646yw11a5i002,337aa4f0-ec30-4749-93c0-9669fbcea820,transportation,🚌,,,,9113780950,Airtel Smartcash PSB,SAMUEL OLADUNJOYE,110006260224131058095982539701,Sub money ,054b6d77-a81f-4c98-ad27-abc0fa21a665,337aa4f0-ec30-4749-93c0-9669fbcea820
699daa0f37c9847c593fbd41,698a12758e9176ef53593460,Withdrawal,SUCCESS,2026-02-24T13:39:27.792Z,2026-02-24T13:39:30.063Z,450000,BANK-TRF,2026-02-24T13:39:27.000Z,TRF_0wtfqxuv09pp9no8,d6fd6136-70d0-4bfb-abc3-76704a6a8689,food,🥑,,,,9038686532,OPay Digital Services Limited (OPay),COVENANT AYOBAMI AYOOLA,9999910095983413401,,69fc4601-6b03-42f4-98a1-a796cdfb0ec6,d6fd6136-70d0-4bfb-abc3-76704a6a8689
699ddfc662c354296d37aa21,692f36032dfc48a0616410e7,Withdrawal,SUCCESS,2026-02-24T17:28:38.057Z,2026-02-24T17:28:39.032Z,700000,BANK-TRF,2026-02-24T17:28:37.000Z,TRF_dnk9ekc2thq8dil5,544d54bc-c51d-4d63-91f6-cef4c4cbc365,food,🥑,,,,0218467151,Guaranty Trust Bank,OLADUNJOYE  SAMUEL JESUTOFUNMI,110006260224172836095991609601,U,c0475511-b4b1-45c1-83eb-18881aaa0a03,544d54bc-c51d-4d63-91f6-cef4c4cbc365
699dfc1262c354296d37aa36,696fd5b9f218cfe374e6d4ab,Deposit,SUCCESS,2026-02-24T19:29:22.972Z,2026-02-24T19:29:22.972Z,200000,BANK-TRF,2026-02-24T19:29:21.000Z,100033260224192831228766168819,AUTH_y6qu407h4e,,,HANIFAT AFOLAKE OLABODE,PalmPay,9160352027,,,,,,,
699e300a62c354296d37aaa3,693e789aa92bdf5f6c76cf97,Withdrawal,SUCCESS,2026-02-24T23:11:06.468Z,2026-02-24T23:11:07.443Z,10000,BANK-TRF,2026-02-24T23:11:06.000Z,TRF_9jjgjkgxzb11rio5,04d24527-3be6-40b6-b913-01de19520f03,insurance,🛡️,,,,2006105789,Globus Bank,FAITH OLUWAPONMILE ADEYOMBO,110006260224231102096002843301,,9abd78c2-e9e5-49fc-839d-5559ff58eade,04d24527-3be6-40b6-b913-01de19520f03
699e304b62c354296d37ab0e,693e789aa92bdf5f6c76cf97,Withdrawal,SUCCESS,2026-02-24T23:12:11.128Z,2026-02-24T23:12:12.174Z,50000,BANK-TRF,2026-02-24T23:12:11.000Z,TRF_3qffzbazpabin62c,656d5c3e-cf6e-4944-b290-1c8ff8b31663,insurance,🛡️,,,,2006105789,Globus Bank,FAITH OLUWAPONMILE ADEYOMBO,110006260224231209096002864601,,94d1d332-ffdf-4862-a802-7ce62aa37547,656d5c3e-cf6e-4944-b290-1c8ff8b31663
699e307a62c354296d37ab86,693e789aa92bdf5f6c76cf97,Withdrawal,SUCCESS,2026-02-24T23:12:58.926Z,2026-02-24T23:12:59.856Z,60000,BANK-TRF,2026-02-24T23:12:58.000Z,TRF_q6jhja6h6zfxvp3c,ccd4e003-fe1e-49bc-84aa-1f0c21c2d99c,insurance,🛡️,,,,2006105789,Globus Bank,FAITH OLUWAPONMILE ADEYOMBO,110006260224231257096002878301,500,5b29475c-4f85-44e4-9136-a1be132acfa1,ccd4e003-fe1e-49bc-84aa-1f0c21c2d99c
699e30af62c354296d37abe4,693e789aa92bdf5f6c76cf97,Withdrawal,SUCCESS,2026-02-24T23:13:51.473Z,2026-02-24T23:13:52.424Z,20000,BANK-TRF,2026-02-24T23:13:51.000Z,TRF_g7xveut4ddovu3pt,9a9239de-bac3-41e9-b3ed-c645999d5aab,insurance,🛡️,,,,2006105789,Globus Bank,FAITH OLUWAPONMILE ADEYOMBO,110006260224231350096002894401,,2e89bb27-04d7-4b3e-b37d-6fa3a13292f9,9a9239de-bac3-41e9-b3ed-c645999d5aab
699ec4ab62c354296d37aec5,69243743c07ce653d4d7de8a,Withdrawal,SUCCESS,2026-02-25T09:45:15.010Z,2026-02-25T09:45:21.993Z,150000,BANK-TRF,2026-02-25T09:45:14.000Z,TRF_ihtvl5yio113146i,da4a39f3-e0ff-4cc8-9d52-14603a1d2ced,internet,🌐,,,,8107855430,OPay Digital Services Limited (OPay),ABIOLA EMMANUEL OLOWU,9999910096013520901,,085f8b0d-1298-4b34-8fda-0e4462efcb0e,da4a39f3-e0ff-4cc8-9d52-14603a1d2ced
699f288362c354296d37afde,698a12758e9176ef53593460,Withdrawal,SUCCESS,2026-02-25T16:51:15.591Z,2026-02-25T16:51:17.841Z,50000,BANK-TRF,2026-02-25T16:51:15.000Z,TRF_oib32gyfl7hq12xs,7fa9efd1-cdf7-43f6-9b72-9e4081e56d3b,transportation,🚌,,,,9038686532,OPay Digital Services Limited (OPay),COVENANT AYOBAMI AYOOLA,9999910096027256301,,38fd1b7f-4235-4d29-86a2-84ae7c529f64,7fa9efd1-cdf7-43f6-9b72-9e4081e56d3b
699f53dff34f7a9803023b4d,69243743c07ce653d4d7de8a,Withdrawal,SUCCESS,2026-02-25T19:56:15.937Z,2026-02-25T19:56:18.264Z,100000,BANK-TRF,2026-02-25T19:56:15.000Z,TRF_zqhk2tcn36840k2h,63e40599-eef1-459c-968c-67c46505225e,internet,🌐,,,,8107855430,OPay Digital Services Limited (OPay),ABIOLA EMMANUEL OLOWU,9999910096033286201,,2cb5dce7-8917-4263-af41-23c912295718,63e40599-eef1-459c-968c-67c46505225e
699ff057f34f7a9803023c3a,69347069c1fd4d52da87b63d,Deposit,SUCCESS,2026-02-26T07:03:51.312Z,2026-02-26T07:03:51.312Z,1000000,BANK-TRF,2026-02-26T07:03:49.000Z,100004260226070013153252292341,AUTH_ytkd4q5lhw,,,GABRIEL OLAOLUWA EGBEDINA,OPay Digital Services Limited (OPay),8148218646,,,,,,,
69a042c7f34f7a9803023d1a,691ec63d24cf6022a24d9775,Withdrawal,SUCCESS,2026-02-26T12:55:35.932Z,2026-02-26T12:55:35.932Z,500000,In-App-TRF,,8db44933-8be8-44bb-9b99-aeb7673e0a34,69303185498828a2484c46ac,Rainy Day savings,💸,,,,,,,,,,
69a052bbf34f7a9803023ebd,691ec63d24cf6022a24d9775,Withdrawal,SUCCESS,2026-02-26T14:03:39.059Z,2026-02-26T14:03:41.232Z,310000,BANK-TRF,2026-02-26T14:03:38.000Z,TRF_h8btla61ss4xkmni,d139be1b-4e66-43e4-b46d-0ed853054d30,Template_Transportation,🚕,,,,6101763531,OPay Digital Services Limited (OPay),AFOLABI OLATUNJI IDOWU,110006260226140337096065845901,,a635c9f7-ef52-4d9f-a88a-be980eb18130,d139be1b-4e66-43e4-b46d-0ed853054d30
69a055942c34159df86f8db3,68894fdf3fe661ad58144838,Withdrawal,SUCCESS,2026-02-26T14:15:48.915Z,2026-02-26T14:15:48.915Z,200000,In-App-TRF,,1e7a47d6-7c7c-43dd-8d77-ba310dedd2fc,69093cac4584830608f12376,Rainy Day savings,💸,,,,,,,,,,
69a099665175b3dc577ed619,691ec63d24cf6022a24d9775,Withdrawal,SUCCESS,2026-02-26T19:05:10.899Z,2026-02-26T19:05:10.899Z,700000,In-App-TRF,,69303185498828a2484c46ac,95e3061d-38a6-48a7-b2c6-557a575fce04,Rainy Day savings,💸,,,,,,,,,,
69a099b15175b3dc577ed68c,691ec63d24cf6022a24d9775,Withdrawal,SUCCESS,2026-02-26T19:06:25.150Z,2026-02-26T21:30:59.961Z,500000,BANK-TRF,2026-02-26T19:06:25.000Z,TRF_jjzosvq7cfwhm9yp,1022797a-f336-492a-af8a-f5be285ab5a4,fuel,⛽,,,,5204102588,Moniepoint MFB, LOPAF GLOBAL CONCEPTS LIMITED - Arolat Filling Station IdiAba3,505150096073776901,,0df455f9-4570-4ea0-a87d-61c17741ff6f,1022797a-f336-492a-af8a-f5be285ab5a4
69a180795175b3dc577ed7b1,691ec63d24cf6022a24d9775,Withdrawal,SUCCESS,2026-02-27T11:31:05.654Z,2026-02-27T11:31:05.654Z,40000,In-App-TRF,,69303185498828a2484c46ac,33b291df-4200-4f9d-8e25-c888945b135c,Rainy Day savings,💸,,,,,,,,,,
69a1814a5175b3dc577ed81d,691ec63d24cf6022a24d9775,Withdrawal,SUCCESS,2026-02-27T11:34:34.676Z,2026-02-27T11:34:36.765Z,100000,BANK-TRF,2026-02-27T11:34:34.000Z,TRF_54dr61ymfjjw3y2q,7de7e418-5319-4c20-b0f3-0bf249df11cd,Farm,🍀,,,,8101799492,OPay Digital Services Limited (OPay),IYANUOLUWA JOHN ADEBAYO,9999910096095145601,,c0c84999-9666-4fc2-bc16-50340895dbdf,7de7e418-5319-4c20-b0f3-0bf249df11cd
69a1d6bd5175b3dc577ed9cf,692f36032dfc48a0616410e7,Withdrawal,SUCCESS,2026-02-27T17:39:09.667Z,2026-02-27T17:39:11.713Z,570000,BANK-TRF,2026-02-27T17:39:09.000Z,TRF_g5qzgc65ors5mu8o,76f86d1a-cd81-4d9c-a3b2-f98da370fb8c,food,🥑,,,,5734625003,Moniepoint MFB,POS Transfer-BUNU GREMA,505150096104490501,,18858e14-4645-4edf-864b-dd69c978e3b8,76f86d1a-cd81-4d9c-a3b2-f98da370fb8c
69a1d7705175b3dc577eda1c,692f36032dfc48a0616410e7,Withdrawal,SUCCESS,2026-02-27T17:42:08.428Z,2026-02-27T17:42:10.232Z,350000,BANK-TRF,2026-02-27T17:42:08.000Z,TRF_abv4gs2u7mnh84lq,c49cf627-60b1-4013-93f8-b53f9507b410,transportation,🚌,,,,0218467151,Guaranty Trust Bank,OLADUNJOYE  SAMUEL JESUTOFUNMI,110006260227174206096104556101,Y,2759d24b-129a-4811-9bee-ce139ae1a6fa,c49cf627-60b1-4013-93f8-b53f9507b410
69a2d99559d874437991dd38,691ec63d24cf6022a24d9775,Withdrawal,SUCCESS,2026-02-28T12:03:33.288Z,2026-02-28T12:03:33.288Z,20000,In-App-TRF,,69303185498828a2484c46ac,8486b26b-229d-4e7d-a9ef-4dc19c316872,Rainy Day savings,💸,,,,,,,,,,
69a41f64a0f0dd124706f8bb,693e789aa92bdf5f6c76cf97,Withdrawal,SUCCESS,2026-03-01T11:13:40.212Z,2026-03-01T11:13:42.169Z,500000,BANK-TRF,2026-03-01T11:13:40.000Z,TRF_mv8hsbktoqh48rpr,08000cf8-4488-46dc-96f9-b3140b93bce4,insurance,🛡️,,,,2006105789,Globus Bank,FAITH OLUWAPONMILE ADEYOMBO,110006260301111338096189523801,,4c5f9a0a-4bb3-4f4a-99bb-767acd0b2f92,08000cf8-4488-46dc-96f9-b3140b93bce4
69a430dca0f0dd124706fb15,691cc13665dffc4250474b6a,Deposit,SUCCESS,2026-03-01T12:28:12.928Z,2026-03-01T12:28:12.928Z,4000000,BANK-TRF,2026-03-01T12:28:11.000Z,100004260301122418153527554893,AUTH_zdh4trccvh,,,TOLULOPE JOYCE ADEYEYE-KAYODE,OPay Digital Services Limited (OPay),8134217382,,,,,,,
69a54d4409bb6998308bb55f,691ec63d24cf6022a24d9775,Deposit,SUCCESS,2026-03-02T08:41:40.571Z,2026-03-02T08:41:40.571Z,3000000,BANK-TRF,2026-03-02T08:41:38.000Z,100004260302084021153587699074,AUTH_mfwo15wjq6,,,AYODEJI OLUBUNMI SOYOYE,OPay Digital Services Limited (OPay),9123606925,,,,,,,
69a54fc009bb6998308bb63d,691ec63d24cf6022a24d9775,Withdrawal,SUCCESS,2026-03-02T08:52:16.093Z,2026-03-02T08:52:18.035Z,310000,BANK-TRF,2026-03-02T08:52:15.000Z,TRF_cezfy3xqgfe0f626,0450df37-4b8a-4262-bfd9-c92d1e1ec698,transportation,🚌,,,,6108627567,OPay Digital Services Limited (OPay),REGDAM COMMUNICATIONS,110006260302085214096263954001,,9163b2ab-2974-469c-b57c-4990471ff2b0,0450df37-4b8a-4262-bfd9-c92d1e1ec698
69a63bafe7fa32875528ea2c,691ec63d24cf6022a24d9775,Deposit,SUCCESS,2026-03-03T01:38:55.914Z,2026-03-03T01:38:55.914Z,60000000,BANK-TRF,2026-03-03T01:38:54.000Z,000016260303023841001586439841,AUTH_hnvr37f1lw,,,DUROWOJU MARY OLUWADAMILOLA,First Bank of Nigeria,3226902231,,,,,,,
69a77df49b07d347bdc13e7d,692f36032dfc48a0616410e7,Deposit,SUCCESS,2026-03-04T00:33:56.199Z,2026-03-04T00:33:56.199Z,5400000,BANK-TRF,2026-03-04T00:33:54.000Z,000004260304013053953317096830,AUTH_k3jdf0sytd,,,SAMUEL JESUTOFUNMI OLADUNJOYE,United Bank For Africa,2138525039,,,,,,,
69a7cb2f9b07d347bdc13ff9,691ec63d24cf6022a24d9775,Withdrawal,SUCCESS,2026-03-04T06:03:27.124Z,2026-03-04T06:03:29.457Z,50000000,BANK-TRF,2026-03-04T06:03:26.000Z,TRF_zrc8shmxakfs6gsg,92dcd569-e9f9-47be-80f3-276b13410dba,Land,🌴,,,,5182357318,Moniepoint MFB,INSIGHT HOMES AND PROPERTIES,505150096348807301,Durowuju Mary Land,93fc27b4-9cc1-447c-9231-86981ad12088,92dcd569-e9f9-47be-80f3-276b13410dba
69a7cc409b07d347bdc140df,691ec63d24cf6022a24d9775,Withdrawal,SUCCESS,2026-03-04T06:08:00.750Z,2026-03-04T06:08:02.775Z,1500000,BANK-TRF,2026-03-04T06:08:00.000Z,TRF_eb7nwf58k5x1idxi,aae1d90c-13d5-44fd-b60b-66c72d213735,Farm,🍀,,,,8166149943,OPay Digital Services Limited (OPay),UPELE DANIEL OGBOR,110006260304060758096348901801,Feb,f01c8cdb-db96-4c63-adca-47a5cf52d4c0,aae1d90c-13d5-44fd-b60b-66c72d213735
69a848249b07d347bdc1436e,691ec63d24cf6022a24d9775,Withdrawal,SUCCESS,2026-03-04T14:56:36.693Z,2026-03-04T14:56:37.681Z,510000,BANK-TRF,2026-03-04T14:56:36.000Z,TRF_eee12f70pc5ygjtk,faee315e-8203-44c5-a88d-db59e0a95d99,Savey Engineering,🌍,,,,6108627567,OPay Digital Services Limited (OPay),REGDAM COMMUNICATIONS,110006260304145634096365535201,,5366f2e7-fed3-4f5f-ae24-e3958c5fe448,faee315e-8203-44c5-a88d-db59e0a95d99
69a892f257aaa2767124f758,693dbac6b7bb1eb7bf94ed2c,Withdrawal,SUCCESS,2026-03-04T20:15:46.504Z,2026-03-04T20:15:48.838Z,1000000,BANK-TRF,2026-03-04T20:15:46.000Z,TRF_kdkfasrhpzcpgzvb,8d948d80-7b32-40ca-9987-dee468f656ec,books,📚,,,,9124324818,PalmPay,FEMI GABRIEL FASHOLA,110006260304201544096376456501,,2de4be65-6951-4468-9b9d-919e2951accd,8d948d80-7b32-40ca-9987-dee468f656ec
69a93d9c57aaa2767124f86d,691cc13665dffc4250474b6a,Deposit,SUCCESS,2026-03-05T08:23:56.630Z,2026-03-05T08:23:56.630Z,130000,BANK-TRF,2026-03-05T08:23:55.000Z,100004260305082217153852562406,AUTH_yr0c0ghlfe,,,GOODNESS AYOBAMI TAIWO,OPay Digital Services Limited (OPay),8131655804,,,,,,,
69a9e325aaffafbe004b2f59,691ec63d24cf6022a24d9775,Withdrawal,SUCCESS,2026-03-05T20:10:13.215Z,2026-03-05T20:10:14.199Z,300000,BANK-TRF,2026-03-05T20:10:13.000Z,TRF_wfnv2t061p0k8ke3,f569bcc3-7a05-4cc7-842b-5f16816b570e,Savey Engineering,🌍,,,,9055485433,OPay Digital Services Limited (OPay),PATRICK NFONOBONG SAMUEL,9999910096419145801,,7ad52a4a-5a3e-4567-8ccd-faa131da7522,f569bcc3-7a05-4cc7-842b-5f16816b570e
69aafea73f34dd0ddebc1b02,693dbac6b7bb1eb7bf94ed2c,Withdrawal,SUCCESS,2026-03-06T16:19:51.827Z,2026-03-06T16:19:53.861Z,900000,BANK-TRF,2026-03-06T16:19:51.000Z,TRF_okr6z4yitcxucs92,50cbffc7-9f36-499f-93f0-1eb870f9e5c0,cleaning,🧼,,,,9124324818,PalmPay,FEMI GABRIEL FASHOLA,110006260306161949096451856101,,bd302e24-d1f4-40b3-837c-ea6af004ad4e,50cbffc7-9f36-499f-93f0-1eb870f9e5c0
69aafeaa3f34dd0ddebc1b13,693dbac6b7bb1eb7bf94ed2c,Deposit,SUCCESS,2026-03-06T16:19:54.548Z,2026-03-06T16:19:54.548Z,45000,In-App-TRF,,7deff7a4-c865-4cbd-90c1-984c95445178,6945461a684734729a79e5e7,Rainy Day savings,💸,,,,,,,,,,
69ad51ed738ebcf42fd0f3e9,691cc13665dffc4250474b6a,Withdrawal,SUCCESS,2026-03-08T10:39:41.758Z,2026-03-08T10:39:42.747Z,1000000,BANK-TRF,2026-03-08T10:39:41.000Z,TRF_h7rtf28y38jggqd2,ae1092c8-0e16-44db-a520-1a2126feca91,savings,💰,,,,8134217382,PalmPay,TOLULOPE JOYCE ADEYEYE-KAYODE,110006260308103938096543547001,,4b578ac8-a863-4bef-ba8a-6e3f702dc426,ae1092c8-0e16-44db-a520-1a2126feca91
69ad7074738ebcf42fd0f46d,691cc13665dffc4250474b6a,Withdrawal,SUCCESS,2026-03-08T12:49:56.412Z,2026-03-08T12:49:57.426Z,130000,BANK-TRF,2026-03-08T12:49:56.000Z,TRF_ze86ttohnp6byba6,e5186666-29ac-473a-adb1-dc9cfdd69327,savings,💰,,,,8131655804,OPay Digital Services Limited (OPay),GOODNESS AYOBAMI TAIWO,9999910096548354401,,ea59a974-9b15-47cc-bb64-d27ada631b2e,e5186666-29ac-473a-adb1-dc9cfdd69327
69ade6f5738ebcf42fd0f547,691ec63d24cf6022a24d9775,Withdrawal,SUCCESS,2026-03-08T21:15:33.356Z,2026-03-08T21:15:35.487Z,1010000,BANK-TRF,2026-03-08T21:15:33.000Z,TRF_q91h8l0g7bs323tq,06f6bac3-1f1a-45d4-a48d-309b79c63892,Savey Engineering,🌍,,,,9000969514,BuyPower MFB,BuyPower-45077128556,110006260308211530096569385101,,674268a5-e1e4-4439-b075-b341d1044b3f,06f6bac3-1f1a-45d4-a48d-309b79c63892
69ae26dab235e7b367d1a032,691ec63d24cf6022a24d9775,Withdrawal,SUCCESS,2026-03-09T01:48:10.211Z,2026-03-09T01:48:10.211Z,1000000,In-App-TRF,,07537ad6-216e-4e83-8bdf-a554a4c4a41b,69303185498828a2484c46ac,Rainy Day savings,💸,,,,,,,,,,
69ae7937b235e7b367d1a0f8,691ec63d24cf6022a24d9775,Withdrawal,SUCCESS,2026-03-09T07:39:35.929Z,2026-03-09T07:39:38.043Z,500000,BANK-TRF,2026-03-09T07:39:35.000Z,TRF_n2vxqd5ey0c1pzt6,24f036ac-0eab-49ca-b539-1a02d85c3aa3,loan,📉,,,,9168608109,OPay Digital Services Limited (OPay),JESUSEUN ELIJAH OMONIYI,9999910096583618201,,f5752535-14e9-4abd-b185-97b5a1df49c8,24f036ac-0eab-49ca-b539-1a02d85c3aa3
69aef2e1b235e7b367d1a5b7,69480b7a5dad1006b656f849,Withdrawal,SUCCESS,2026-03-09T16:18:41.238Z,2026-03-09T16:18:42.182Z,4000000,BANK-TRF,2026-03-09T16:18:41.000Z,TRF_aw0vjzf9lo0tfor5,2e548069-a89f-49ad-a750-5ee7434ddf41,food,🥑,,,,0050909989,Guaranty Trust Bank,ADEBAYO JONATHAN ADEREMI,110006260309161839096603171701,,451cc517-33ef-4125-9704-b710ec708b95,2e548069-a89f-49ad-a750-5ee7434ddf41
69af337cb235e7b367d1a685,69480b7a5dad1006b656f849,Withdrawal,SUCCESS,2026-03-09T20:54:20.927Z,2026-03-09T20:54:23.142Z,2000000,BANK-TRF,2026-03-09T20:54:20.000Z,TRF_counni6qvjozvkbm,dd84e54b-b142-474b-b2ae-05b2d0e1fd2a,food,🥑,,,,8238270029,Moniepoint MFB,POS Transfer - BAYODE ADEWUNMI,505150096610981801,,8a1935ba-6624-4389-b9ac-7cde14a6bf37,dd84e54b-b142-474b-b2ae-05b2d0e1fd2a
69afc374dccdf92dd1b50780,696fd5b9f218cfe374e6d4ab,Deposit,SUCCESS,2026-03-10T07:08:36.672Z,2026-03-10T07:08:36.672Z,170000,BANK-TRF,2026-03-10T07:08:35.000Z,100004260310070814154266611866,AUTH_8sj4n7qtn1,,,HANIFAT AFOLAKE OLABODE,OPay Digital Services Limited (OPay),9160352027,,,,,,,
69b0185e452ca10e8c3c5ae9,69a5bbdf659708be74a8365c,Withdrawal,SUCCESS,2026-03-10T13:10:54.749Z,2026-03-10T13:11:44.040Z,2000000,BANK-TRF,2026-03-10T13:10:54.000Z,TRF_wxnk7kg8ufd1h2ch,25daed33-c8e9-46ac-aa7d-ce4f4b3a93ef,subscription,📺,,,,8147323999,OPay Digital Services Limited (OPay),JAMES JESUGBEMILEKE KEHINDE,110006260310131052096633206701,Open AI subscription for langchain and langGraph practice,96576bb1-137b-41ac-b4fb-5a6885d31466,25daed33-c8e9-46ac-aa7d-ce4f4b3a93ef
69b0191d452ca10e8c3c5bed,69a5bbdf659708be74a8365c,Withdrawal,SUCCESS,2026-03-10T13:14:05.915Z,2026-03-10T13:15:17.014Z,1000000,BANK-TRF,2026-03-10T13:14:05.000Z,TRF_z1zv5kq8m3wwg7i0,232e3a13-ac1f-426c-b9a1-cb595e75e9b1,savings,💰,,,,8147323999,OPay Digital Services Limited (OPay),JAMES JESUGBEMILEKE KEHINDE,110006260310131403096633336401,For Rehoboth savings,bcffcfa0-a113-413d-bd2c-fb0d7988a378,232e3a13-ac1f-426c-b9a1-cb595e75e9b1
69b01982452ca10e8c3c5c38,69a5bbdf659708be74a8365c,Withdrawal,SUCCESS,2026-03-10T13:15:46.024Z,2026-03-10T13:16:55.206Z,500000,BANK-TRF,2026-03-10T13:15:45.000Z,TRF_t4mec22tv675nv8v,9f0c6027-030f-48df-b999-d5655cd52aaf,Airtime for buk,🧩,,,,8147323999,OPay Digital Services Limited (OPay),JAMES JESUGBEMILEKE KEHINDE,9999910096633391701,For data sub for bukunmi,f0d55f61-8270-4664-aa66-3a31877db028,9f0c6027-030f-48df-b999-d5655cd52aaf
69b01a07452ca10e8c3c5cca,69a5bbdf659708be74a8365c,Withdrawal,SUCCESS,2026-03-10T13:17:59.911Z,2026-03-10T13:19:46.447Z,550000,BANK-TRF,2026-03-10T13:17:59.000Z,TRF_ocv7kemuxzr98f9j,03c8d2fe-bcb1-4ba1-a79e-2c61cb59dc14,Laptop appendage,🎨,,,,8147323999,OPay Digital Services Limited (OPay),JAMES JESUGBEMILEKE KEHINDE,9999910096633464001,Payment for mouse and multi port usb,a5a77d0b-725e-439e-8105-0266dfa2bd46,03c8d2fe-bcb1-4ba1-a79e-2c61cb59dc14
69b07586858062bf7bccc0f7,691ec63d24cf6022a24d9775,Withdrawal,SUCCESS,2026-03-10T19:48:22.706Z,2026-03-10T19:48:24.728Z,400000,BANK-TRF,2026-03-10T19:48:22.000Z,TRF_7iet07bh173gbphx,962ad61b-6992-45d6-a34f-92d83147964c,loan,📉,,,,8140588494,OPay Digital Services Limited (OPay),GOODNESS OLUWATIMILEYIN OLOYEDE,9999910096646749801,,6ccf678e-f33d-4146-81d5-93e91761fa6b,962ad61b-6992-45d6-a34f-92d83147964c
69b11d16858062bf7bccc173,691ec63d24cf6022a24d9775,Withdrawal,SUCCESS,2026-03-11T07:43:18.567Z,2026-03-11T07:43:18.567Z,500000,In-App-TRF,,69598cfacbdf6a5cb1bd0984,18f94762-4613-4a98-8a18-166eb87d0783,for goal,🐽,,,,,,,,,,
69b12114858062bf7bccc281,691ec63d24cf6022a24d9775,Withdrawal,SUCCESS,2026-03-11T08:00:20.499Z,2026-03-11T08:00:27.438Z,500000,BANK-TRF,2026-03-11T08:00:20.000Z,TRF_wqj6h4v6en4d0qce,22a37a96-dbbe-45ba-b797-7463d2dfee18,loan,📉,,,,7039456335,OPay Digital Services Limited (OPay),LATIFAT ANIKE ADEYANJU,9999910096666504601,Refuse dumping ,b5e51968-2f27-462c-9708-add6d046f84f,22a37a96-dbbe-45ba-b797-7463d2dfee18
69b1aed555152a490514bb28,691ec63d24cf6022a24d9775,Withdrawal,SUCCESS,2026-03-11T18:05:09.975Z,2026-03-11T18:05:09.975Z,500000,In-App-TRF,,698c85ff6c18ad0c100e8e5c,eb80ff0b-8fe5-4857-89a7-1d5cfb01ae9b,Buy car,💎,,,,,,,,,,
69b1af7755152a490514bc0e,691ec63d24cf6022a24d9775,Withdrawal,SUCCESS,2026-03-11T18:07:51.070Z,2026-03-11T18:07:53.028Z,510000,BANK-TRF,2026-03-11T18:07:50.000Z,TRF_ua5shtq9o401w6yo,c1d0c853-eabc-4f67-8e3b-03b73354edd8,loan,📉,,,,6108627567,OPay Digital Services Limited (OPay),REGDAM COMMUNICATIONS,110006260311180748096686721401,,55ae77b3-4b4c-4625-a219-b300f4232634,c1d0c853-eabc-4f67-8e3b-03b73354edd8
69b2e0852b5daf2530b50843,69a5bbdf659708be74a8365c,Withdrawal,SUCCESS,2026-03-12T15:49:25.663Z,2026-03-12T15:49:28.524Z,500000,BANK-TRF,2026-03-12T15:49:25.000Z,TRF_eeq4mcnrpz70mekb,6740b436-0431-4d15-a8fe-70cfeaef0af3,internet,🌐,,,,7037212219,OPay Digital Services Limited (OPay),NOFIU AREMU KEHINDE,9999910096722587101,For data subscription mid march,e9ba7b14-bc2c-44b1-869e-b8c4c2c57533,6740b436-0431-4d15-a8fe-70cfeaef0af3
69b4d561eca83a426fab6b35,691ec63d24cf6022a24d9775,Withdrawal,SUCCESS,2026-03-14T03:26:25.615Z,2026-03-14T03:26:27.626Z,40000,BANK-TRF,2026-03-14T03:26:25.000Z,TRF_z8vsgdsxrnv14xzo,721d1873-c25b-4ac1-975a-73cbe2b78da8,Car Maintenance ,🚲,,,,8101799492,OPay Digital Services Limited (OPay),IYANUOLUWA JOHN ADEBAYO,9999910096775646001,,6017e1d7-9a20-4a24-ab12-5b832296075a,721d1873-c25b-4ac1-975a-73cbe2b78da8
69b798fdcef4b728fd6e72e8,696fd5b9f218cfe374e6d4ab,Deposit,SUCCESS,2026-03-16T05:45:33.980Z,2026-03-16T05:45:33.980Z,100000,BANK-TRF,2026-03-16T05:45:32.000Z,100004260316054525154754662253,AUTH_e6gsmn9z40,,,HANIFAT AFOLAKE OLABODE,OPay Digital Services Limited (OPay),9164625364,,,,,,,
69ba84601e20a858af7f05fc,693dbac6b7bb1eb7bf94ed2c,Withdrawal,SUCCESS,2026-03-18T10:54:24.761Z,2026-03-18T10:54:25.745Z,10000,BANK-TRF,2026-03-18T10:54:24.000Z,TRF_5ip79y9jxjwywv3t,4a9513b5-ffd5-4142-b910-7a303d192092,cleaning,🧼,,,,9124324818,PalmPay,FEMI GABRIEL FASHOLA,110006260318105422096935102601,,c61103e5-dc80-4266-83b9-494e13aac62d,4a9513b5-ffd5-4142-b910-7a303d192092
69ba84621e20a858af7f0609,693dbac6b7bb1eb7bf94ed2c,Deposit,SUCCESS,2026-03-18T10:54:26.449Z,2026-03-18T10:54:26.449Z,500,In-App-TRF,,988a9407-0d8c-4327-acd6-ae36409990fc,6945461a684734729a79e5e7,Rainy Day savings,💸,,,,,,,,,,
69baf2681e20a858af7f0975,691ec63d24cf6022a24d9775,Deposit,SUCCESS,2026-03-18T18:43:52.435Z,2026-03-18T18:43:52.435Z,60000000,BANK-TRF,2026-03-18T18:43:51.000Z,000017260318194348077453015334,AUTH_i1v59uu9pf,,,UZOAMAKA HANNAH OGBONNA,ALAT by WEMA,ALAT TRANSFER TO CRE8NGDIGITAL,,,,,,,
69bf56815e755dd4893c813a,696fd5b9f218cfe374e6d4ab,Deposit,SUCCESS,2026-03-22T02:40:01.867Z,2026-03-22T02:40:01.867Z,100000,BANK-TRF,2026-03-22T02:40:00.000Z,100004260322023934155253975432,AUTH_ffjm9yt2hk,,,HANIFAT AFOLAKE OLABODE,OPay Digital Services Limited (OPay),9164625364,,,,,,,
69c0de08d25d30df670696f7,692f36032dfc48a0616410e7,Withdrawal,SUCCESS,2026-03-23T06:30:32.023Z,2026-03-23T06:30:34.199Z,3000000,BANK-TRF,2026-03-23T06:30:31.000Z,TRF_hxehe5h5gyikgz84,00858102-9211-47e3-8516-303391688218,food,🥑,,,,0218467151,Guaranty Trust Bank,OLADUNJOYE  SAMUEL JESUTOFUNMI,110006260323063029097129594701,t,cac57e16-62da-4908-89d8-0611afb5124b,00858102-9211-47e3-8516-303391688218
69c0eedcd25d30df6706975b,691cc13665dffc4250474b6a,Withdrawal,SUCCESS,2026-03-23T07:42:21.000Z,2026-03-23T07:42:23.051Z,3000000,BANK-TRF,2026-03-23T07:42:20.000Z,TRF_oq9wbn7zqk2pmqs7,cf95777d-58ac-4852-af9f-d21acb97912b,savings,💰,,,,8134217382,PalmPay,TOLULOPE JOYCE ADEYEYE-KAYODE,110006260323074218097132706401,,fd7b4da1-c144-4384-b259-cb00ccd28547,cf95777d-58ac-4852-af9f-d21acb97912b
69c10a02d25d30df670698ed,693dbac6b7bb1eb7bf94ed2c,Withdrawal,SUCCESS,2026-03-23T09:38:10.830Z,2026-03-23T09:38:12.982Z,1000000,BANK-TRF,2026-03-23T09:38:10.000Z,TRF_d7o3sftqbe7lbg1p,3d0d0f3d-b69b-411b-ac72-844bd551cdd9,childcare,🍼,,,,9124324818,PalmPay,FEMI GABRIEL FASHOLA,110006260323093807097136830501,,e2fe1b2a-7edb-4751-9e93-1605de568a06,3d0d0f3d-b69b-411b-ac72-844bd551cdd9
69c119d3d25d30df670699e6,691ec63d24cf6022a24d9775,Withdrawal,SUCCESS,2026-03-23T10:45:39.282Z,2026-03-23T10:45:41.553Z,860000,BANK-TRF,2026-03-23T10:45:39.000Z,TRF_6qbk4izytokto81d,ebb600d8-f909-44c9-bad2-c0f719e4bd02,laundry,🧺,,,,9139221932,OPay Digital Services Limited (OPay),SEGUN  AGBOOLA,9999910097139191401,Dry cleaning ,c54386e9-f338-4074-8e46-0c45a567c974,ebb600d8-f909-44c9-bad2-c0f719e4bd02
69c131c2d25d30df67069bc7,691ec63d24cf6022a24d9775,Withdrawal,SUCCESS,2026-03-23T12:27:46.135Z,2026-03-23T12:27:48.170Z,310000,BANK-TRF,2026-03-23T12:27:46.000Z,TRF_125uho4g1fj58nat,192245b2-947e-44ce-a7aa-a09c24be3f41,transportation,🚌,,,,0177469793,Guaranty Trust Bank,ADEBAYO JOSHUA OLUWADARASIMI,110006260323122743097142125901,Dry cleaning ,7608084b-b33c-4e76-a651-e25213c953c0,192245b2-947e-44ce-a7aa-a09c24be3f41
69c143f7f27087fb65b31c7d,69c13eebd25d30df67069c52,Deposit,SUCCESS,2026-03-23T13:45:27.143Z,2026-03-23T13:45:27.143Z,10000,BANK-TRF,2026-03-23T13:45:25.000Z,100004260323134401155358579487,AUTH_qb78cavjep,,,EFE GIFT ASIEGHWU,OPay Digital Services Limited (OPay),7069542327,,,,,,,
69c147faf27087fb65b31d9b,69c13b22d25d30df67069c13,Deposit,SUCCESS,2026-03-23T14:02:34.929Z,2026-03-23T14:02:34.929Z,10000,BANK-TRF,2026-03-23T14:02:33.000Z,100004260323140100155358732821,AUTH_u2a4u1h3vx,,,CLINTON OBINNA PAUL,OPay Digital Services Limited (OPay),8126280781,,,,,,,
69c1551af27087fb65b32267,69c14dbef27087fb65b31f61,Deposit,SUCCESS,2026-03-23T14:58:34.858Z,2026-03-23T14:58:34.858Z,10000,BANK-TRF,2026-03-23T14:58:33.000Z,100004260323145811155362835172,AUTH_ah3qvk8yt4,,,EFE GIFT ASIEGHWU,OPay Digital Services Limited (OPay),7069542327,,,,,,,
69c24e35f27087fb65b32546,691ec63d24cf6022a24d9775,Withdrawal,SUCCESS,2026-03-24T08:41:25.728Z,2026-03-24T08:41:27.758Z,20000000,BANK-TRF,2026-03-24T08:41:25.000Z,TRF_pvb03g37yfq8josm,002e1ea1-137f-4b5c-a1c7-2754aec5a85f,loan,📉,,,,0162362830,Guaranty Trust Bank,IDOWU OLUWAKOLAMIDE GIDEON,110006260324084124097169757501,,53202c4c-caa4-4ea6-9754-6a7c49f6f15c,002e1ea1-137f-4b5c-a1c7-2754aec5a85f
69c24f2cf27087fb65b32598,691ec63d24cf6022a24d9775,Withdrawal,SUCCESS,2026-03-24T08:45:32.032Z,2026-03-24T08:45:36.220Z,2000000,BANK-TRF,2026-03-24T08:45:31.000Z,TRF_310t8gfmpffgwnsl,b0ff0c0e-de8e-40e7-b02e-f2327ce9dc32,fuel,⛽,,,,6108627567,OPay Digital Services Limited (OPay),REGDAM COMMUNICATIONS,110006260324084529097169909001,,013f9b84-5706-4f21-960d-bc8ee0795804,b0ff0c0e-de8e-40e7-b02e-f2327ce9dc32
69c28d2cf27087fb65b327dd,691ec63d24cf6022a24d9775,Withdrawal,SUCCESS,2026-03-24T13:10:04.047Z,2026-03-24T13:10:06.100Z,1010000,BANK-TRF,2026-03-24T13:10:03.000Z,TRF_980v5j280qlrxj7l,f87528c9-215a-417c-803f-73e063be4aa3,electricity,💡,,,,9000969514,BuyPower MFB,BuyPower-45077128556,110006260324130958097177005101,,3b91b50f-cb8c-4c57-8e26-082ecdffa15c,f87528c9-215a-417c-803f-73e063be4aa3
69c2b708b0e207b4a224a8a6,691ec63d24cf6022a24d9775,Withdrawal,SUCCESS,2026-03-24T16:08:40.742Z,2026-03-24T16:08:42.681Z,490000,BANK-TRF,2026-03-24T16:08:40.000Z,TRF_bsbo97vxrp3v2dpf,20c2e3a6-2468-4ff2-b453-3282a0c5d7b6,food,🥑,,,,7032689645,OPay Digital Services Limited (OPay),CHRISTIANAH TEMITOPE ALAWODE,9999910097181366101,,8281f6c7-fa82-48ea-98b4-f49fb570c615,20c2e3a6-2468-4ff2-b453-3282a0c5d7b6
69c2b88eb0e207b4a224a91f,69c2876ff27087fb65b326ea,Withdrawal,SUCCESS,2026-03-24T16:15:10.665Z,2026-03-24T16:15:11.641Z,150000,BANK-TRF,2026-03-24T16:15:10.000Z,TRF_k9br1xwss39eqpc9,e7191c1c-e6f9-41ef-9133-67c365928b98,food,🥑,,,,8062759055,OPay Digital Services Limited (OPay),SIKIRAT AJOKE AKINDE,9999910097181504201,,5080e0a2-f5a8-458e-b303-58f92995b31a,e7191c1c-e6f9-41ef-9133-67c365928b98
69c2b98cb0e207b4a224a969,69c2876ff27087fb65b326ea,Withdrawal,SUCCESS,2026-03-24T16:19:24.281Z,2026-03-24T16:19:25.233Z,100000,BANK-TRF,2026-03-24T16:19:24.000Z,TRF_vfxxezph22g6ldj9,f3299bac-9803-4d17-9ede-03d5829200b5,food,🥑,,,,8126376535,PalmPay,FAITH TOLUWALOPE ADEBAYO,110006260324161920097181604901,,096f0670-28d3-49c3-a0c0-51f7c9d4bceb,f3299bac-9803-4d17-9ede-03d5829200b5
69c2ba6fb0e207b4a224aa17,69c2876ff27087fb65b326ea,Deposit,SUCCESS,2026-03-24T16:23:11.940Z,2026-03-24T16:23:11.940Z,21000,BANK-TRF,2026-03-24T16:23:10.000Z,100004260324162259155453354259,AUTH_8nqe254ynn,,,TOMILADE MOTUNRAYO OLOKEDE,OPay Digital Services Limited (OPay),8106339573,,,,,,,
69c2d69bb0e207b4a224ab09,69c2876ff27087fb65b326ea,Withdrawal,SUCCESS,2026-03-24T18:23:23.696Z,2026-03-24T18:23:24.666Z,100000,BANK-TRF,2026-03-24T18:23:23.000Z,TRF_48hpyw1wvuqlbzid,4622cccd-086d-4bc2-9515-6c94884f09b4,food,🥑,,,,8106339573,OPay Digital Services Limited (OPay),TOMILADE MOTUNRAYO OLOKEDE,9999910097184165201,,fe84bfd7-6168-47b0-a1dd-b7b923cc1f38,4622cccd-086d-4bc2-9515-6c94884f09b4
69c2e988b0e207b4a224ac4b,69c2876ff27087fb65b326ea,Deposit,SUCCESS,2026-03-24T19:44:08.018Z,2026-03-24T19:44:08.018Z,789000,BANK-TRF,2026-03-24T19:44:06.000Z,090405260324204346925753941173,AUTH_pxxovv1vnj,,,TOMILADE MOTUNRAYO OLOKEDE,Moniepoint MFB,5003016532,,,,,,,
69c2f46bb0e207b4a224ad0d,691ec63d24cf6022a24d9775,Withdrawal,SUCCESS,2026-03-24T20:30:35.080Z,2026-03-24T20:30:37.245Z,4041300,BANK-TRF,2026-03-24T20:30:34.000Z,TRF_h94swwajpip5idgw,57589d30-efd7-43e6-820b-9c8bb18e91a3,Caleb_Leadway,🥂,,,,9854991565,Paystack-Titan,LEADWAYASSURA/ETP25009696 IYANUOLUWA KENTADEBAYO,110006260324203031097186905001,Feb and March,c909b243-e50c-448c-8acf-89d55359617e,57589d30-efd7-43e6-820b-9c8bb18e91a3
69c30553b0e207b4a224ad8e,69c2876ff27087fb65b326ea,Withdrawal,SUCCESS,2026-03-24T21:42:43.705Z,2026-03-24T21:42:44.679Z,110000,BANK-TRF,2026-03-24T21:42:43.000Z,TRF_e42l5vpxoadd1paw,232ebee8-c70b-49ee-b6a4-660ead0633e5,food,🥑,,,,8106339573,OPay Digital Services Limited (OPay),TOMILADE MOTUNRAYO OLOKEDE,9999910097188406501,,1a819cf1-e61f-420c-94e4-dc380a89d0e6,232ebee8-c70b-49ee-b6a4-660ead0633e5
69c3925cb0e207b4a224aea1,69a5bbdf659708be74a8365c,Withdrawal,SUCCESS,2026-03-25T07:44:28.193Z,2026-03-25T07:44:30.351Z,200000,BANK-TRF,2026-03-25T07:44:28.000Z,TRF_fjlbxggno55jkl6d,983f9b9f-559c-4a81-bd68-8b0d2e5926f8,transportation,🚌,,,,7036724993,OPay Digital Services Limited (OPay),JESUSEGUNFUNMI VICTOR-BENJAMIN KEHINDE,9999910097196871801,The money I borrowed,3575e843-cdda-4cca-9a0d-c268049e4b2f,983f9b9f-559c-4a81-bd68-8b0d2e5926f8
69c3b6eab0e207b4a224b00b,69243743c07ce653d4d7de8a,Withdrawal,SUCCESS,2026-03-25T10:20:26.900Z,2026-03-25T10:20:33.296Z,1000000,BANK-TRF,2026-03-25T10:20:26.000Z,TRF_b5neald6hsq1ez7n,ad12ec59-e1bb-477d-b4b1-402ce78d0776,internet,🌐,,,,8107855430,OPay Digital Services Limited (OPay),ABIOLA EMMANUEL OLOWU,110006260325102023097200905601,,7c71e7d5-6a71-4ec3-a295-0003a49f8fc4,ad12ec59-e1bb-477d-b4b1-402ce78d0776
69c3bec1b0e207b4a224b0a2,69c2876ff27087fb65b326ea,Withdrawal,SUCCESS,2026-03-25T10:53:53.277Z,2026-03-25T10:53:54.244Z,90000,BANK-TRF,2026-03-25T10:53:53.000Z,TRF_4xz5vrdfg3384at0,7703c315-68b7-4d7a-85f5-6362759096dc,food,🥑,,,,7018210303,PalmPay,TAYO MOJISOLA AYINDE,110006260325105350097201758501,,e806fc53-2926-4553-9444-700e52f6c375,7703c315-68b7-4d7a-85f5-6362759096dc
69c3cbb6b0e207b4a224b13f,691ec63d24cf6022a24d9775,Withdrawal,SUCCESS,2026-03-25T11:49:10.779Z,2026-03-25T11:50:23.553Z,100000,BANK-TRF,2026-03-25T11:50:13.000Z,TRF_0h7cdv0lm9jo0b2w,81f54e45-825d-4757-8474-c2ce4dc1e6e7,transportation,🚌,,,,8166726840,Moniepoint MFB,AMINU ABDULLAHI,110006260325114910097203009702,,5b547b6b-57b2-4d73-9add-51af86e45491,81f54e45-825d-4757-8474-c2ce4dc1e6e7
69c3f37bb0e207b4a224b230,69a5bbdf659708be74a8365c,Withdrawal,SUCCESS,2026-03-25T14:38:51.028Z,2026-03-25T14:38:53.157Z,150000,BANK-TRF,2026-03-25T14:38:50.000Z,TRF_b0jo2ljhgzdps7dx,44fff5cb-bbce-4f63-8c24-d4c30966cf5a,tools,🛠️,,,,8079642541,OPay Digital Services Limited (OPay),IBUKUN ADESOLA DASAOLU,9999910097208464201,From Mrs Alabi,139a8e8c-75ce-4777-9d6f-8af731b34b48,44fff5cb-bbce-4f63-8c24-d4c30966cf5a
69c405de69c0d419ad7e3718,69c2876ff27087fb65b326ea,Withdrawal,SUCCESS,2026-03-25T15:57:18.844Z,2026-03-25T15:57:19.830Z,100000,BANK-TRF,2026-03-25T15:57:18.000Z,TRF_ah9swmh3agild6xt,70f64cdf-3e9a-40fe-8d54-dbbb4864389e,food,🥑,,,,8126376535,PalmPay,FAITH TOLUWALOPE ADEBAYO,110006260325155716097210856201,,acde6020-c824-439e-97e5-cbeb8e8f35a7,70f64cdf-3e9a-40fe-8d54-dbbb4864389e
69c413d769c0d419ad7e382e,691ec63d24cf6022a24d9775,Withdrawal,SUCCESS,2026-03-25T16:56:55.140Z,2026-03-25T16:56:56.962Z,510000,BANK-TRF,2026-03-25T16:56:55.000Z,TRF_pso8kkt9f0xysdj6,3988c6be-500a-408f-a27a-a4ba8dda0d9e,food,🥑,,,,6108627567,OPay Digital Services Limited (OPay),REGDAM COMMUNICATIONS,110006260325165653097212449201,,6d4b73f1-d185-4a7e-88ed-bf8991392e9e,3988c6be-500a-408f-a27a-a4ba8dda0d9e
69c41d9169c0d419ad7e38cb,691ec63d24cf6022a24d9775,Withdrawal,SUCCESS,2026-03-25T17:38:25.367Z,2026-03-25T17:38:27.150Z,200000,BANK-TRF,2026-03-25T17:38:25.000Z,TRF_qj1977xdzvyd7o9w,a563a815-bd2f-4ac5-8fc4-1f463131481a,transportation,🚌,,,,9055485433,OPay Digital Services Limited (OPay),PATRICK NFONOBONG SAMUEL,9999910097213713901,,56219301-b4b2-43e2-9e57-d1c9c4671659,a563a815-bd2f-4ac5-8fc4-1f463131481a
69c41e4769c0d419ad7e394f,692f36032dfc48a0616410e7,Withdrawal,SUCCESS,2026-03-25T17:41:27.153Z,2026-03-25T17:41:28.931Z,2500000,BANK-TRF,2026-03-25T17:41:27.000Z,TRF_orutibgwclsi8rdv,07de9c17-7e6b-40c0-a48d-bda997c1dcc7,transportation,🚌,,,,0218467151,Guaranty Trust Bank,OLADUNJOYE  SAMUEL JESUTOFUNMI,110006260325174125097213807401,tf,d98bbbb9-d7f3-4ef3-acd3-2780b87a9c52,07de9c17-7e6b-40c0-a48d-bda997c1dcc7
69c4230769c0d419ad7e39ad,691ec63d24cf6022a24d9775,Withdrawal,SUCCESS,2026-03-25T18:01:43.438Z,2026-03-25T18:01:45.493Z,510000,BANK-TRF,2026-03-25T18:01:43.000Z,TRF_ye8rl9tw27das3jm,6dbd5c7b-5dfe-42cc-999e-2cbf1723b876,food,🥑,,,,6108627567,OPay Digital Services Limited (OPay),REGDAM COMMUNICATIONS,110006260325180141097214369601,,c1bd6e52-1438-4f83-97cd-9a3e7d7fce84,6dbd5c7b-5dfe-42cc-999e-2cbf1723b876
69c43c9569c0d419ad7e3a2e,691ec63d24cf6022a24d9775,Withdrawal,SUCCESS,2026-03-25T19:50:45.908Z,2026-03-25T19:50:47.940Z,1500000,BANK-TRF,2026-03-25T19:50:45.000Z,TRF_4wmlivz67rdlh2nz,54aebad1-9ef2-4c88-b5dd-9d708f22e176,fuel,⛽,,,,6108109821,OPay Digital Services Limited (OPay),ADETOUN OLUBUNMI OGUNFUYE,110006260325195043097216883101,,bea96993-3f36-4df7-9c20-0e10ecb1b369,54aebad1-9ef2-4c88-b5dd-9d708f22e176
69c4d20769c0d419ad7e3d12,69205b1a18606cf295766d72,Withdrawal,SUCCESS,2026-03-26T06:28:23.370Z,2026-03-26T06:28:25.547Z,60000,BANK-TRF,2026-03-26T06:28:23.000Z,TRF_vty1uz8ywuv7pmax,207ea772-782f-4bbf-a657-73f4e7338b3e,food,🥑,,,,8139796774,OPay Digital Services Limited (OPay),DAMILOLA FIDELIX ILESANMI,9999910097225616301,,b8027760-151a-4e15-8d22-4026f480b356,207ea772-782f-4bbf-a657-73f4e7338b3e
69c5062b69c0d419ad7e3ed2,693dbac6b7bb1eb7bf94ed2c,Withdrawal,SUCCESS,2026-03-26T10:10:51.878Z,2026-03-26T10:10:54.213Z,1000000,BANK-TRF,2026-03-26T10:10:51.000Z,TRF_oq8dx4dacv0w1ofm,b807834a-dea8-4bb8-b017-fd5bb89a51c4,books,📚,,,,9124324818,PalmPay,FEMI GABRIEL FASHOLA,110006260326101049097231005401,,676ab470-ec52-48aa-a56f-d830857187d6,b807834a-dea8-4bb8-b017-fd5bb89a51c4
69c51d5a69c0d419ad7e4025,691ec63d24cf6022a24d9775,Withdrawal,SUCCESS,2026-03-26T11:49:46.826Z,2026-03-26T11:49:49.155Z,200000,BANK-TRF,2026-03-26T11:49:47.000Z,TRF_5doasttlrbeo8uq4,112a0e61-9898-4b5b-afde-781babcfb88d,loan,📉,,,,9075340292,OPay Digital Services Limited (OPay),AKIN DICKSON OLORUNTOBA,9999910097233363401,,b3b671ec-cdbb-4d72-8bd9-bbcab4d22dad,112a0e61-9898-4b5b-afde-781babcfb88d
69c5520bd6aef22d942a45c1,696fd5b9f218cfe374e6d4ab,Deposit,SUCCESS,2026-03-26T15:34:35.176Z,2026-03-26T15:34:35.176Z,80000,BANK-TRF,2026-03-26T15:34:33.000Z,100004260326153409155616492958,AUTH_bcd3ezqyif,,,HANIFAT AFOLAKE OLABODE,OPay Digital Services Limited (OPay),9160352027,,,,,,,
69c55f64d6aef22d942a45c9,69c2876ff27087fb65b326ea,Deposit,SUCCESS,2026-03-26T16:31:32.478Z,2026-03-26T16:31:32.478Z,26000,BANK-TRF,2026-03-26T16:31:31.000Z,100004260326163114155621164653,AUTH_2rrd6ucvm0,,,TOMILADE MOTUNRAYO OLOKEDE,OPay Digital Services Limited (OPay),8106339573,,,,,,,
69c55ff4d6aef22d942a4681,69c2876ff27087fb65b326ea,Withdrawal,SUCCESS,2026-03-26T16:33:56.321Z,2026-03-26T16:33:57.303Z,100000,BANK-TRF,2026-03-26T16:33:56.000Z,TRF_r5wyid3l3if50jhj,cfa695f0-1185-49f5-ab01-d4d860340815,food,🥑,,,,8126376535,PalmPay,FAITH TOLUWALOPE ADEBAYO,110006260326163353097240143401,,eaaaa929-c635-4ea7-92b6-db23afaa1755,cfa695f0-1185-49f5-ab01-d4d860340815
69c56c4ad6aef22d942a46b6,69c2876ff27087fb65b326ea,Deposit,SUCCESS,2026-03-26T17:26:34.668Z,2026-03-26T17:26:34.668Z,449000,BANK-TRF,2026-03-26T17:26:33.000Z,090405260326182603901097622305,AUTH_dem1r0o9xj,,,TOMILADE MOTUNRAYO OLOKEDE,Moniepoint MFB,5003016532,,,,,,,
69c582dcd6aef22d942a4872,69c2876ff27087fb65b326ea,Withdrawal,SUCCESS,2026-03-26T19:02:52.581Z,2026-03-26T19:02:56.057Z,100000,BANK-TRF,2026-03-26T19:02:52.000Z,TRF_kmrn3n4pa7m9mrkv,f27d1924-d590-4290-9002-490f8b404e29,savings,💰,,,,8062759055,OPay Digital Services Limited (OPay),SIKIRAT AJOKE AKINDE,9999910097243476001,,98b7d138-d308-49be-a9ee-d980cdc146ec,f27d1924-d590-4290-9002-490f8b404e29
69c58550d6aef22d942a48c0,69c2876ff27087fb65b326ea,Withdrawal,SUCCESS,2026-03-26T19:13:20.954Z,2026-03-26T19:13:22.175Z,20000,BANK-TRF,2026-03-26T19:13:20.000Z,TRF_jhhgqnfc7zu9sc50,ea9536c1-bb71-46eb-bf0a-01b42e7d9626,food,🥑,,,,5034885581,Moniepoint MFB, NWUZAM AND SON ENTERPRISES - NWUZAN AND SON ENTERPRISES 002,505150097243735101,,21073c95-7f20-42f6-955a-64ec58ca5552,ea9536c1-bb71-46eb-bf0a-01b42e7d9626
69c63f26d6aef22d942a4a9a,69c2876ff27087fb65b326ea,Withdrawal,SUCCESS,2026-03-27T08:26:14.494Z,2026-03-27T08:26:16.652Z,210000,BANK-TRF,2026-03-27T08:26:14.000Z,TRF_72l84cw4wog3x54z,d175cb4d-709f-488c-91d1-1d6c367463fa,food,🥑,,,,8106339573,OPay Digital Services Limited (OPay),TOMILADE MOTUNRAYO OLOKEDE,9999910097261976301,,07e93732-2bfc-4a75-8060-d11b27081e42,d175cb4d-709f-488c-91d1-1d6c367463fa
69c640acd6aef22d942a4bdc,69c2876ff27087fb65b326ea,Withdrawal,SUCCESS,2026-03-27T08:32:44.733Z,2026-03-27T08:32:46.860Z,200000,BANK-TRF,2026-03-27T08:32:44.000Z,TRF_mgf2d5cwu0az30hf,22c07379-e6fd-45de-8134-1dc8bde55ca5,fuel,⛽,,,,9061722745,OPay Digital Services Limited (OPay),RIHANAT DAMILOLA ADEWOLE,9999910097262205901,,1e0061d3-283e-4405-b4fb-9dc2d3ca3d1a,22c07379-e6fd-45de-8134-1dc8bde55ca5
69c64db2d6aef22d942a4c2c,69c2876ff27087fb65b326ea,Deposit,SUCCESS,2026-03-27T09:28:18.857Z,2026-03-27T09:28:18.857Z,185900,BANK-TRF,2026-03-27T09:28:17.000Z,100004260327092746155668768313,AUTH_zplmruhuee,,,TOMILADE MOTUNRAYO OLOKEDE,OPay Digital Services Limited (OPay),8106339573,,,,,,,
69c66361d6aef22d942a4d47,69c2876ff27087fb65b326ea,Deposit,SUCCESS,2026-03-27T11:00:49.014Z,2026-03-27T11:00:49.014Z,500000,BANK-TRF,2026-03-27T11:00:47.000Z,100004260327105940155677102489,AUTH_pdre61pqk7,,,TOMILADE MOTUNRAYO OLOKEDE,OPay Digital Services Limited (OPay),8106339573,,,,,,,
69c6642bd6aef22d942a4e04,69c2876ff27087fb65b326ea,Withdrawal,SUCCESS,2026-03-27T11:04:11.391Z,2026-03-27T11:04:13.510Z,1000000,BANK-TRF,2026-03-27T11:04:11.000Z,TRF_kxzq297pcgoa8luf,b34abe7f-1be8-42f0-92d9-fb03b0202f84,savings,💰,,,,9154683550,OPay Digital Services Limited (OPay),JULIANAH BOSEDE OLOKEDE,110006260327110408097268385901,,2da4934d-b3ff-43ed-978f-55103a2ef6d6,b34abe7f-1be8-42f0-92d9-fb03b0202f84
69c689d0d6aef22d942a4fca,69c2876ff27087fb65b326ea,Withdrawal,SUCCESS,2026-03-27T13:44:48.549Z,2026-03-27T13:44:50.641Z,140000,BANK-TRF,2026-03-27T13:44:48.000Z,TRF_3u11cvh077l0j1mm,6dfa46f9-cd83-425a-9d52-b9fd7cefb567,food,🥑,,,,5034885581,Moniepoint MFB, NWUZAM AND SON ENTERPRISES - NWUZAN AND SON ENTERPRISES 002,505150097273613201,,1995e7b2-b400-41af-ae79-269f7649df4b,6dfa46f9-cd83-425a-9d52-b9fd7cefb567
69c698d6d6aef22d942a50b6,691ec63d24cf6022a24d9775,Withdrawal,SUCCESS,2026-03-27T14:48:54.412Z,2026-03-27T14:48:56.412Z,1020000,BANK-TRF,2026-03-27T14:48:54.000Z,TRF_09fjykqwjkq11ela,9125cd68-33d1-4bf6-a9f1-88c3b72daad9,transportation,🚌,,,,6108627567,OPay Digital Services Limited (OPay),REGDAM COMMUNICATIONS,110006260327144852097275421201,,5a0f78fd-3130-4ed7-86f4-e5082fd2a9ad,9125cd68-33d1-4bf6-a9f1-88c3b72daad9
69c6c3cd9ca637aafc20398f,69c2876ff27087fb65b326ea,Withdrawal,SUCCESS,2026-03-27T17:52:13.170Z,2026-03-27T17:52:15.368Z,50000,BANK-TRF,2026-03-27T17:52:13.000Z,TRF_anetx03yu8wegymy,df083277-6a66-4c25-aaab-c6fdc1772ab6,fuel,⛽,,,,5034885581,Moniepoint MFB, NWUZAM AND SON ENTERPRISES - NWUZAN AND SON ENTERPRISES 002,505150097279859801,,1528d148-ff0b-4e81-9be1-c66c069753fa,df083277-6a66-4c25-aaab-c6fdc1772ab6
69c7991f9ca637aafc203ab1,696fd5b9f218cfe374e6d4ab,Withdrawal,SUCCESS,2026-03-28T09:02:23.819Z,2026-03-28T09:02:23.819Z,300000,In-App-TRF,,69726d0e49d96beb35a5664b,1ea2a152-920c-4e98-80fc-cb572a11e714,Hanifat ,💰,,,,,,,,,,
69c79a599ca637aafc203b45,696fd5b9f218cfe374e6d4ab,Withdrawal,SUCCESS,2026-03-28T09:07:37.466Z,2026-03-28T09:07:39.566Z,300000,BANK-TRF,2026-03-28T09:07:37.000Z,TRF_svde5ygg3kz88igy,9ec8f71b-7e73-4948-b224-8bba4b5b216c,food,🥑,,,,9160352027,PalmPay,HANIFAT AFOLAKE OLABODE,110006260328090733097298082001,,33c1b2b2-c8ff-42c7-a384-cc74633dabb3,9ec8f71b-7e73-4948-b224-8bba4b5b216c
69c82837224edb3408276702,691ec63d24cf6022a24d9775,Withdrawal,SUCCESS,2026-03-28T19:12:55.489Z,2026-03-28T19:12:57.336Z,2500000,BANK-TRF,2026-03-28T19:12:55.000Z,TRF_xdj6twllybdtf996,f76e32b4-ab71-4f44-bcef-f8ebad4639d0,Template_Transportation,🚕,,,,8135550655,OPay Digital Services Limited (OPay),TAIWO OREOLUWA AKINPELU,110006260328191252097313603201,Balance ,194fffde-398d-4275-8805-9ffd57b04ffa,f76e32b4-ab71-4f44-bcef-f8ebad4639d0
69c9111b224edb340827684b,696fd5b9f218cfe374e6d4ab,Withdrawal,SUCCESS,2026-03-29T11:46:35.127Z,2026-03-29T11:46:35.127Z,1000000,In-App-TRF,,69726d0e49d96beb35a5664b,22a454ab-9529-4187-8e0d-3f9514f5ee1e,Hanifat ,💰,,,,,,,,,,
69c91191224edb34082768ce,696fd5b9f218cfe374e6d4ab,Withdrawal,SUCCESS,2026-03-29T11:48:33.577Z,2026-03-29T11:48:35.804Z,1000000,BANK-TRF,2026-03-29T11:48:33.000Z,TRF_uffvfeuagttpnzbp,0062e633-507f-48cd-97e8-71fe3217fe8c,clothing,👕,,,,9160352027,PalmPay,HANIFAT AFOLAKE OLABODE,110006260329114831097328819101,,c72f60bb-22c4-4ea5-b1bb-a76ac3171940,0062e633-507f-48cd-97e8-71fe3217fe8c
69c93f17224edb34082769ad,69243743c07ce653d4d7de8a,Withdrawal,SUCCESS,2026-03-29T15:02:47.952Z,2026-03-29T15:02:50.174Z,200000,BANK-TRF,2026-03-29T15:02:47.000Z,TRF_42ucuqq79rd9ek0a,890e1bfe-93ac-4fe1-a691-9fe1a98d7792,internet,🌐,,,,8107855430,OPay Digital Services Limited (OPay),ABIOLA EMMANUEL OLOWU,9999910097333583201,,f851c02e-7d13-43ee-904c-f8a42ef9dbcc,890e1bfe-93ac-4fe1-a691-9fe1a98d7792
69ca1460cf8ba0083a8c6751,69a5bbdf659708be74a8365c,Withdrawal,SUCCESS,2026-03-30T06:12:48.425Z,2026-03-30T06:12:50.576Z,100000,BANK-TRF,2026-03-30T06:12:48.000Z,TRF_ydh7fxysn40314qh,0fe9c8eb-d7d2-484c-96db-46b026036c2b,transportation,🚌,,,,7036724993,OPay Digital Services Limited (OPay),JESUSEGUNFUNMI VICTOR-BENJAMIN KEHINDE,9999910097352255601,,9bc93dee-7b1e-4342-8ca5-c08ea366d8a8,0fe9c8eb-d7d2-484c-96db-46b026036c2b
69ca1cdacf8ba0083a8c67df,691ec63d24cf6022a24d9775,Withdrawal,SUCCESS,2026-03-30T06:48:58.225Z,2026-03-30T06:48:59.198Z,300000,BANK-TRF,2026-03-30T06:48:58.000Z,TRF_0f6wfy9q4e902wri,5efd3ad3-75f1-4d76-ad0a-25eda9f25c14,beauty,💅,,,,9131965226,OPay Digital Services Limited (OPay),ABDULAZEEZ GBOLAHAN ABDULWASIU,9999910097353350801,,37bbe5ad-1445-45b6-ac9d-8cb537dc518e,5efd3ad3-75f1-4d76-ad0a-25eda9f25c14
69ca354acf8ba0083a8c6988,691ec63d24cf6022a24d9775,Withdrawal,SUCCESS,2026-03-30T08:33:14.513Z,2026-03-30T08:33:15.494Z,500000,BANK-TRF,2026-03-30T08:33:14.000Z,TRF_ns36nr2qge89zqhc,64390451-3140-4200-bc99-d3530ec377a3,beauty,💅,,,,9131965226,OPay Digital Services Limited (OPay),ABDULAZEEZ GBOLAHAN ABDULWASIU,9999910097357560601,,1dbb4be9-34bc-4ffb-8ca1-da5c847e2da4,64390451-3140-4200-bc99-d3530ec377a3
69ca35e1cf8ba0083a8c6a20,693dbac6b7bb1eb7bf94ed2c,Withdrawal,SUCCESS,2026-03-30T08:35:45.310Z,2026-03-30T08:35:47.468Z,4000000,BANK-TRF,2026-03-30T08:35:45.000Z,TRF_srkpj8jmazz6tlnz,f0853534-1ee7-45cd-a4dd-b2dfc3dd429a,education,🎓,,,,9124324818,PalmPay,FEMI GABRIEL FASHOLA,110006260330083543097357695901,,2c229073-3569-43f0-b818-8effdbb39484,f0853534-1ee7-45cd-a4dd-b2dfc3dd429a
69cac99d40a68d5e8ad9b220,691ec63d24cf6022a24d9775,Withdrawal,SUCCESS,2026-03-30T19:06:05.344Z,2026-03-30T19:06:08.633Z,1000000,BANK-TRF,2026-03-30T19:06:05.000Z,TRF_ke8o2ruionqf9g5y,ff7c8e52-c6f1-459a-98ff-a096376a8249,fuel,⛽,,,,8902478367,PalmPay,ASHABI SIBLINGS ENTE - IJAYE 2 (ASHABI SIBLINGS ENTERPRISES),110006260330190601097384965201,,e75a19d6-0998-4f82-90ee-a57eeedd59f7,ff7c8e52-c6f1-459a-98ff-a096376a8249
69cd4a58df648867533fc90a,69c7b3779ca637aafc203b82,Deposit,SUCCESS,2026-04-01T16:39:52.239Z,2026-04-01T16:39:52.239Z,700000,BANK-TRF,2026-04-01T16:39:50.000Z,100004260401163909156126194820,AUTH_3h8thimfqe,,,ABIOLA EMMANUEL OLOWU,OPay Digital Services Limited (OPay),8107855430,,,,,,,
69cd84eddf648867533fc9b5,696fd5b9f218cfe374e6d4ab,Withdrawal,SUCCESS,2026-04-01T20:49:49.868Z,2026-04-01T20:49:49.868Z,40000,In-App-TRF,,69726d0e49d96beb35a5664b,4b3b961c-4ebe-4701-bbc1-d47548bd6792,Hanifat ,💰,,,,,,,,,,
69cea326251e128dc92d9199,69c2876ff27087fb65b326ea,Deposit,SUCCESS,2026-04-02T17:11:02.039Z,2026-04-02T17:11:02.039Z,300000,BANK-TRF,2026-04-02T17:10:59.000Z,100004260402171040156221530774,AUTH_n4d5704pdn,,,TOMILADE MOTUNRAYO OLOKEDE,OPay Digital Services Limited (OPay),8108159299,,,,,,,
69ced064251e128dc92d92b1,691ec63d24cf6022a24d9775,Deposit,SUCCESS,2026-04-02T20:24:04.350Z,2026-04-02T20:24:04.350Z,3300000,BANK-TRF,2026-04-02T20:24:02.000Z,090110260402212339713990925657,AUTH_dbigimdci6,,,Vant,VFD Microfinance Bank Limited,1026459314,,,,,,,
69ced10e251e128dc92d9333,691ec63d24cf6022a24d9775,Withdrawal,SUCCESS,2026-04-02T20:26:54.664Z,2026-04-02T20:26:56.591Z,1200000,BANK-TRF,2026-04-02T20:26:54.000Z,TRF_dy9qm4fr2y53yltp,eacc6a1d-a6d7-4a41-a948-961b1041ab86,Template_Transportation,🚕,,,,9327854374,Wema Bank,CRE8NGDIGITAL/TAIWO GOODNESS,110006260402202652097499283401,,b0d5af2c-48ba-45c2-8adb-42bb26f496fe,eacc6a1d-a6d7-4a41-a948-961b1041ab86
69ced148251e128dc92d9351,691cc13665dffc4250474b6a,Deposit,SUCCESS,2026-04-02T20:27:52.921Z,2026-04-02T20:27:52.921Z,1200000,BANK-TRF,2026-04-02T20:27:51.000Z,110006260402202652097499283401,AUTH_73h5agalzw,,,Paystack,,1017692813,,,,,,,
69ced5b4251e128dc92d9453,691cc13665dffc4250474b6a,Withdrawal,SUCCESS,2026-04-02T20:46:44.071Z,2026-04-02T20:46:46.209Z,1200000,BANK-TRF,2026-04-02T20:46:43.000Z,TRF_3gusq4glnq2jklbr,43f045c6-e416-4c65-a01d-64c5646db7cf,transportation,🚌,,,,8064202444,Moniepoint MFB,HAMED OLABODE ADENEKAN,505150097499765201,Transport ,76e35172-89b5-4b7d-ab92-3c3bc9d897c5,43f045c6-e416-4c65-a01d-64c5646db7cf
69cf86b5251e128dc92d9510,691ec63d24cf6022a24d9775,Deposit,SUCCESS,2026-04-03T09:21:57.939Z,2026-04-03T09:21:57.939Z,1000000,BANK-TRF,2026-04-03T09:21:56.000Z,000017260403102153520533378165,AUTH_19292gr7xu,,,EMMANUEL KELVIN OKPARA,ALAT by WEMA,ALAT TRANSFER TO CRE8NGDIGITAL,,,,,,,
69cfd751251e128dc92d95a7,69c2876ff27087fb65b326ea,Withdrawal,SUCCESS,2026-04-03T15:05:53.085Z,2026-04-03T15:05:55.192Z,100000,BANK-TRF,2026-04-03T15:05:52.000Z,TRF_txecag9uluyojs4i,f88cb4ba-ef59-4c25-85f8-b0d31129328b,food,🥑,,,,8126376535,PalmPay,FAITH TOLUWALOPE ADEBAYO,110006260403150550097522086101,,07b6f622-3654-4415-8146-86dd9046cd98,f88cb4ba-ef59-4c25-85f8-b0d31129328b
69d00d143140f32af82f39e5,69c2876ff27087fb65b326ea,Withdrawal,SUCCESS,2026-04-03T18:55:16.330Z,2026-04-03T18:55:24.728Z,200000,BANK-TRF,2026-04-03T18:55:16.000Z,TRF_4zg0sygjsh91d12h,9569dbff-0a01-4584-a503-d1ecc67d3880,fuel,⛽,,,,8108159299,OPay Digital Services Limited (OPay),TOMILADE MOTUNRAYO OLOKEDE,9999910097527990001,,8962f3c8-67c1-4ac2-a3b0-703d52aa0f9d,9569dbff-0a01-4584-a503-d1ecc67d3880
69d0d8893140f32af82f3c66,69243743c07ce653d4d7de8a,Withdrawal,SUCCESS,2026-04-04T09:23:21.281Z,2026-04-04T09:23:23.379Z,200000,BANK-TRF,2026-04-04T09:23:21.000Z,TRF_wh24ge0sbnnpleav,0d4592f2-82b7-4f07-806a-0ac1dea90b48,internet,🌐,,,,8107855430,OPay Digital Services Limited (OPay),ABIOLA EMMANUEL OLOWU,9999910097545970301,,8acf2b81-3838-44e7-8582-cd7d2c7223c0,0d4592f2-82b7-4f07-806a-0ac1dea90b48
69d0e8b23140f32af82f3d53,691ec63d24cf6022a24d9775,Withdrawal,SUCCESS,2026-04-04T10:32:18.912Z,2026-04-04T10:32:20.755Z,450000,BANK-TRF,2026-04-04T10:32:18.000Z,TRF_04gjfk0nxl852dkv,524c9516-2d72-471d-8499-0dbf33750d39,Template_Transportation,🚕,,,,9055485433,OPay Digital Services Limited (OPay),PATRICK NFONOBONG SAMUEL,9999910097547784401,,2beb56af-aebb-4bb2-b7f2-41df60d8a585,524c9516-2d72-471d-8499-0dbf33750d39
69d20e9836d80e5bb5256823,69c7b3779ca637aafc203b82,Withdrawal,SUCCESS,2026-04-05T07:26:16.720Z,2026-04-05T07:26:18.825Z,100000,BANK-TRF,2026-04-05T07:26:16.000Z,TRF_grayry0ipo7i453s,8445d834-e924-45fb-8444-21c032b901b0,electricity,💡,,,,8107855430,OPay Digital Services Limited (OPay),ABIOLA EMMANUEL OLOWU,9999910097577149001,,a4e58635-ca6f-4d1f-b02b-2dfcd8db8013,8445d834-e924-45fb-8444-21c032b901b0
69d252cb36d80e5bb5256a1f,692c2f24c0076069f22e7a48,Withdrawal,SUCCESS,2026-04-05T12:17:15.932Z,2026-04-05T12:17:19.598Z,50000,BANK-TRF,2026-04-05T12:17:15.000Z,TRF_cfd3xt1s3a61sbiz,8da89749-ada1-4931-b16c-2d5cdcf7e82c,bankFees,🏦,,,,8136346155,OPay Digital Services Limited (OPay),PRECIOUS AJOKE ADEKUNLE,9999910097583771601,,fa8836c4-af30-4a60-830a-c5317c91685b,8da89749-ada1-4931-b16c-2d5cdcf7e82c
69d26d1c36d80e5bb5256a76,693ae3bf3785c2e1571503ef,Deposit,SUCCESS,2026-04-05T14:09:32.584Z,2026-04-05T14:09:32.584Z,20000000,BANK-TRF,2026-04-05T14:09:31.000Z,000004260405150851570616463050,AUTH_97a94psmmn,,,ALPHA CEDAR CORPORATE COMPANY LIMITED,United Bank For Africa,1024353303,,,,,,,
69d2abe23173305fb9555d44,692c2f24c0076069f22e7a48,Withdrawal,SUCCESS,2026-04-05T18:37:22.844Z,2026-04-05T18:37:25.011Z,20000,BANK-TRF,2026-04-05T18:37:22.000Z,TRF_e0bpbydsd5lnawz6,bc421182-08ff-4778-9899-875d62a14d87,bankFees,🏦,,,,8136346155,OPay Digital Services Limited (OPay),PRECIOUS AJOKE ADEKUNLE,9999910097595307101,,576aafef-dea0-4f9c-9ba8-7a1c0f9098e8,bc421182-08ff-4778-9899-875d62a14d87
69d2af393173305fb9555df5,691ec63d24cf6022a24d9775,Withdrawal,SUCCESS,2026-04-05T18:51:37.791Z,2026-04-05T18:51:39.562Z,220000,BANK-TRF,2026-04-05T18:51:37.000Z,TRF_4p3h66x2ns0wn26t,70c16e4c-ffe7-4c1e-9003-aad62fe169b9,food,🥑,,,,7052664930,OPay Digital Services Limited (OPay),REMILEKUN FUNMILAYO ANDREW,9999910097595862001,,eae42666-37f8-4887-bf4b-e6f63efeed5a,70c16e4c-ffe7-4c1e-9003-aad62fe169b9
69d2b0a03173305fb9555e88,691ec63d24cf6022a24d9775,Withdrawal,SUCCESS,2026-04-05T18:57:36.397Z,2026-04-05T18:57:38.254Z,200000,BANK-TRF,2026-04-05T18:57:36.000Z,TRF_tjopkeg8wa7pjyhk,c1c45c3d-533a-499a-ba91-d4fde03803db,food,🥑,,,,9055485433,OPay Digital Services Limited (OPay),PATRICK NFONOBONG SAMUEL,9999910097596092101,,8f589c02-a048-4c6f-b6ab-e60f8c6ccbaf,c1c45c3d-533a-499a-ba91-d4fde03803db
69d367823173305fb9555f28,693ae3bf3785c2e1571503ef,Deposit,SUCCESS,2026-04-06T07:57:54.696Z,2026-04-06T07:57:54.696Z,17000000,BANK-TRF,2026-04-06T07:57:53.000Z,000004260406085735385356979748,AUTH_rfkdob9u2x,,,ALPHA CEDAR CORPORATE COMPANY LIMITED,United Bank For Africa,1024353303,,,,,,,
69d3fd9c8992552c54d3e03a,692c2f24c0076069f22e7a48,Withdrawal,SUCCESS,2026-04-06T18:38:20.297Z,2026-04-06T18:38:22.386Z,80000,BANK-TRF,2026-04-06T18:38:20.000Z,TRF_fqgin4uvijhjzpwo,93dbe694-22c3-4065-8dcc-f19604938bde,alcohol,🍻,,,,8136346155,OPay Digital Services Limited (OPay),PRECIOUS AJOKE ADEKUNLE,9999910097631169701,,e8f66f58-c84e-40c8-9508-d9db35fe512b,93dbe694-22c3-4065-8dcc-f19604938bde
69d4216757b58a3838561b78,691ec63d24cf6022a24d9775,Withdrawal,SUCCESS,2026-04-06T21:11:03.130Z,2026-04-06T21:11:04.886Z,800000,BANK-TRF,2026-04-06T21:11:02.000Z,TRF_mhoiq68shv6nsl6d,09d631ca-dd81-47ea-8f0c-426a4b563f7b,Template_Transportation,🚕,,,,9653727500,Providus Bank,VANT(Template Networks),110006260406211059097635273801,,1c356820-0240-4bb1-a123-a02279ed649e,09d631ca-dd81-47ea-8f0c-426a4b563f7b
69d4b23057b58a3838561d94,69243743c07ce653d4d7de8a,Withdrawal,SUCCESS,2026-04-07T07:28:48.653Z,2026-04-07T07:28:51.058Z,100000,BANK-TRF,2026-04-07T07:28:47.000Z,TRF_rtdqafk2zu13qwn7,fb0a6839-f11f-448e-bac8-22e76a6fb426,internet,🌐,,,,8107855430,OPay Digital Services Limited (OPay),ABIOLA EMMANUEL OLOWU,9999910097645307901,,758ebd1f-92dc-447e-a3b5-f8b2be2e8c4c,fb0a6839-f11f-448e-bac8-22e76a6fb426
69d4d52c57b58a3838561eaa,691ec63d24cf6022a24d9775,Deposit,SUCCESS,2026-04-07T09:58:04.295Z,2026-04-07T09:58:04.295Z,12500000,BANK-TRF,2026-04-07T09:58:02.000Z,000013260407105731000095785722,AUTH_uqvwr8xfrn,,,KENT-ADEBAYO JOHN IYANUOLUWA,Guaranty Trust Bank,0137605007,,,,,,,
69d52abd57b58a383856219a,69d5256f57b58a3838561f7c,Withdrawal,SUCCESS,2026-04-07T16:03:09.193Z,2026-04-07T16:03:10.167Z,200000,BANK-TRF,2026-04-07T16:03:09.000Z,TRF_gy01vxyhcc1i93n9,6d2f9c77-1352-427f-82ab-abe54e9078c9,gift,🎁,,,,9156323517,OPay Digital Services Limited (OPay),AISHAT ADEJOKE SANUSI,9999910097661884801,Savy,5109cfae-22ab-45a0-a6c2-ad43a0001096,6d2f9c77-1352-427f-82ab-abe54e9078c9
69d531ee57b58a3838562222,69d5256f57b58a3838561f7c,Withdrawal,SUCCESS,2026-04-07T16:33:50.085Z,2026-04-07T16:33:53.765Z,100000,BANK-TRF,2026-04-07T16:33:49.000Z,TRF_n7xx0wrq3wgppr7y,0668f397-093c-4613-b4fe-4bcb8561d04d,gift,🎁,,,,9156323517,OPay Digital Services Limited (OPay),AISHAT ADEJOKE SANUSI,9999910097662632101,,70d6fa48-0949-4ee0-8b87-892467d17c89,0668f397-093c-4613-b4fe-4bcb8561d04d
69d53c9457b58a3838562468,691ec63d24cf6022a24d9775,Withdrawal,SUCCESS,2026-04-07T17:19:16.407Z,2026-04-07T17:19:17.382Z,1500000,BANK-TRF,2026-04-07T17:19:16.000Z,TRF_m4xpm9kcfkqos2bw,c9f9b1ec-99bc-4ab8-aee6-09efc6f174b7,AYAF MAINTENANCE ,🔌,,,,7039456335,OPay Digital Services Limited (OPay),LATIFAT ANIKE ADEYANJU,110006260407171914097663637801,,9dedac9e-8818-4dec-8db7-be3ff13d17ac,c9f9b1ec-99bc-4ab8-aee6-09efc6f174b7
69d53cd157b58a3838562507,691d96aa142342a5c3cf0c8e,Withdrawal,SUCCESS,2026-04-07T17:20:17.363Z,2026-04-07T17:20:21.219Z,3000000,BANK-TRF,2026-04-07T17:20:17.000Z,TRF_chn0pdqvzbpt5yqx,917e143b-447d-4ddf-b114-c8b5524ab92e,food,🥑,,,,7052597527,OPay Digital Services Limited (OPay),JOEL TIMILEYIN ADEBAYO,110006260407172014097663658001,Food,c728e39e-cf83-4939-a895-2c041a66cbe9,917e143b-447d-4ddf-b114-c8b5524ab92e
69d5761be5b834238d94fbe9,695845161bafe7a105a68ceb,Deposit,SUCCESS,2026-04-07T21:24:43.923Z,2026-04-07T21:24:43.923Z,50000,BANK-TRF,2026-04-07T21:24:42.000Z,100004260407212359156669516441,AUTH_t82xebiz76,,,PRAISE AYOMIDE OMOLAOLU,OPay Digital Services Limited (OPay),8071683955,,,,,,,
69d602b6e5b834238d94fd85,6931ec458b518173bcd20351,Withdrawal,SUCCESS,2026-04-08T07:24:38.491Z,2026-04-08T07:24:40.536Z,320000,BANK-TRF,2026-04-08T07:24:38.000Z,TRF_sgalufnjtg4mg3dl,7dd766e8-9b40-4046-8f70-0efd38ac35c1,Healthcare,🏥,,,,8136682112,OPay Digital Services Limited (OPay),OLUWATIMILEHIN OLORUNTOBA OPADIJO,9999910097679661901,Fee,f032bb61-69d5-4607-8701-7c17fd34cae7,7dd766e8-9b40-4046-8f70-0efd38ac35c1
69d631de5d5bfdc1dca947c1,691ec63d24cf6022a24d9775,Withdrawal,SUCCESS,2026-04-08T10:45:50.956Z,2026-04-08T10:45:51.949Z,4100000,BANK-TRF,2026-04-08T10:45:50.000Z,TRF_u5fgyz7esvfaa5sj,3dfb2060-c9a2-4b5a-8d50-46d69338d0c3,AYAF MAINTENANCE ,🔌,,,,7026660230,OPay Digital Services Limited (OPay),ISMAILA ADEBOYE SHOTOMI,110006260408104547097684805201,Tiling,2a260367-5795-402f-80b5-6c6736ab47e2,3dfb2060-c9a2-4b5a-8d50-46d69338d0c3
69d632735d5bfdc1dca9480e,691ec63d24cf6022a24d9775,Withdrawal,SUCCESS,2026-04-08T10:48:19.859Z,2026-04-08T10:48:20.835Z,5000000,BANK-TRF,2026-04-08T10:48:19.000Z,TRF_tc0sm2iejmcmks5n,275360c8-b58d-4569-aa69-3d5fec961513,AYAF MAINTENANCE ,🔌,,,,8069532584,OPay Digital Services Limited (OPay),AYOBAMI BABATUNDE AKINSANYA,110006260408104817097684864901,Electirical work,054c4c4a-9a3f-4c9a-b64f-ef8648fbd887,275360c8-b58d-4569-aa69-3d5fec961513
69d6346a5d5bfdc1dca9499d,69243743c07ce653d4d7de8a,Withdrawal,SUCCESS,2026-04-08T10:56:42.433Z,2026-04-08T10:56:44.453Z,100000,BANK-TRF,2026-04-08T10:56:42.000Z,TRF_9nkkfsmygg6bcb0j,19a0872a-3bd2-4c21-b91b-3b7b7972a951,internet,🌐,,,,8107855430,OPay Digital Services Limited (OPay),ABIOLA EMMANUEL OLOWU,9999910097685076801,,55c90250-74db-4edd-a493-bd9448ae7310,19a0872a-3bd2-4c21-b91b-3b7b7972a951
69d6409e5d5bfdc1dca94a57,693ae3bf3785c2e1571503ef,Withdrawal,SUCCESS,2026-04-08T11:48:46.859Z,2026-04-08T11:48:48.950Z,7000000,BANK-TRF,2026-04-08T11:48:46.000Z,TRF_uvrr5rxmgj0wycam,82e0c5b5-79a8-460c-a55a-27bb1c4b3742,gardening,🌱,,,,8062748424,OPay Digital Services Limited (OPay),FOLASADE VICTORIA OJEBIYI,110006260408114844097686450001,,45f9e7a3-6a18-4aa4-b94b-36e72cd24a1f,82e0c5b5-79a8-460c-a55a-27bb1c4b3742
69d641f95d5bfdc1dca94a96,691ec63d24cf6022a24d9775,Withdrawal,SUCCESS,2026-04-08T11:54:33.616Z,2026-04-08T11:54:35.508Z,6200000,BANK-TRF,2026-04-08T11:54:33.000Z,TRF_ts3utuapv8v8u1b6,f3039a04-7c07-4b9f-8184-51f6e4c1a58b,AYAF MAINTENANCE ,🔌,,,,7012473614,OPay Digital Services Limited (OPay),SODIQ OMOMAYOWA BAKARE,110006260408115431097686589001,Plumbing,557089db-b651-409b-9a05-e9ae03d92033,f3039a04-7c07-4b9f-8184-51f6e4c1a58b
69d643275d5bfdc1dca94ad0,691ec63d24cf6022a24d9775,Deposit,SUCCESS,2026-04-08T11:59:35.377Z,2026-04-08T11:59:35.377Z,12500000,BANK-TRF,2026-04-08T11:59:34.000Z,000013260408125808000098304027,AUTH_34qo1w51zu,,,KENT-ADEBAYO JOHN IYANUOLUWA,Guaranty Trust Bank,0137605007,,,,,,,
69d6972c5d5bfdc1dca94b8c,691ec63d24cf6022a24d9775,Withdrawal,SUCCESS,2026-04-08T17:58:04.099Z,2026-04-08T17:58:05.945Z,510000,BANK-TRF,2026-04-08T17:58:03.000Z,TRF_4vpdqmwjcp02vxdc,3b030841-d1b3-4759-a310-f3129eefd085,transportation,🚌,,,,6108627567,OPay Digital Services Limited (OPay),REGDAM COMMUNICATIONS,110006260408175801097697888401,,ba8c4fdc-c986-4b6f-a9bd-972d3a888a91,3b030841-d1b3-4759-a310-f3129eefd085
69d6a2325d5bfdc1dca94c05,691ec63d24cf6022a24d9775,Withdrawal,SUCCESS,2026-04-08T18:45:06.891Z,2026-04-08T18:45:11.483Z,600000,BANK-TRF,2026-04-08T18:45:06.000Z,TRF_l5hq3crjyluuaggs,df6d1eee-730e-4e85-b787-b8b92d673081,fuel,⛽,,,,6108109821,OPay Digital Services Limited (OPay),ADETOUN OLUBUNMI OGUNFUYE,110006260408184504097699250201,,c19dcb69-bae8-4768-9c90-3550a626c104,df6d1eee-730e-4e85-b787-b8b92d673081
69d7c3822a580b0d4877227a,69d7b7ed2a580b0d48772122,Deposit,SUCCESS,2026-04-09T15:19:30.882Z,2026-04-09T15:19:30.882Z,10000,BANK-TRF,2026-04-09T15:19:29.000Z,000013260409161858000101048664,AUTH_izy6dscv23,,,JOSEPH AFOLABI OLUWATOMISIN,Guaranty Trust Bank,0259511231,,,,,,,
69d7da652a580b0d4877246c,691ec63d24cf6022a24d9775,Withdrawal,SUCCESS,2026-04-09T16:57:09.339Z,2026-04-09T16:57:11.481Z,1500000,BANK-TRF,2026-04-09T16:57:09.000Z,TRF_3pgwpeeb1xhcc9kh,b6d9f2bd-bb9c-41eb-88d6-4ef2cea07067,AYAF MAINTENANCE ,🔌,,,,7026660230,OPay Digital Services Limited (OPay),ISMAILA ADEBOYE SHOTOMI,110006260409165707097725149201,,1ba66285-0f51-4356-9180-76012e14e277,b6d9f2bd-bb9c-41eb-88d6-4ef2cea07067
69d7f6f42a580b0d487725e5,693ae3bf3785c2e1571503ef,Withdrawal,SUCCESS,2026-04-09T18:59:00.683Z,2026-04-09T18:59:01.651Z,5000000,BANK-TRF,2026-04-09T18:59:00.000Z,TRF_kfqxz4hx9cn3mnwx,96ee2f34-78d5-4af9-886e-aea32bfbfde9,gardening,🌱,,,,8062748424,OPay Digital Services Limited (OPay),FOLASADE VICTORIA OJEBIYI,110006260409185859097727770001,,56601f3f-0a8b-449b-af5c-858c0a67596d,96ee2f34-78d5-4af9-886e-aea32bfbfde9
69d8a6a42a580b0d48772640,691cc13665dffc4250474b6a,Deposit,SUCCESS,2026-04-10T07:28:36.765Z,2026-04-10T07:28:36.765Z,200000,BANK-TRF,2026-04-10T07:28:35.000Z,100004260410072817156851788631,AUTH_wry3n1tur3,,,GOODNESS AYOBAMI TAIWO,OPay Digital Services Limited (OPay),8131655804,,,,,,,
69d8b0162a580b0d48772795,69243743c07ce653d4d7de8a,Withdrawal,SUCCESS,2026-04-10T08:08:54.072Z,2026-04-10T08:08:56.172Z,200000,BANK-TRF,2026-04-10T08:08:53.000Z,TRF_tyswm5ii7o61lh0h,d85466f9-1722-4daa-be99-b4b7457a6dba,internet,🌐,,,,8107855430,OPay Digital Services Limited (OPay),ABIOLA EMMANUEL OLOWU,9999910097741515501,,6a150205-4b38-4b3d-99f2-1899f2effddb,d85466f9-1722-4daa-be99-b4b7457a6dba
69d8e3ae7457ecedb951ee1f,691d96aa142342a5c3cf0c8e,Withdrawal,SUCCESS,2026-04-10T11:49:02.190Z,2026-04-10T11:49:04.148Z,440000,BANK-TRF,2026-04-10T11:49:01.000Z,TRF_v0jmswxiodino7wd,0b5d962c-ed12-4b6e-957e-38b78ff85b50,food,🥑,,,,9021734131,PalmPay,ADENIKE RUKAYAT ADENIYI,110006260410114858097747023001,Food,c8f5d2a9-bdeb-4c03-bdda-cabb85580ea5,0b5d962c-ed12-4b6e-957e-38b78ff85b50
69d8f7707457ecedb951ee89,691d96aa142342a5c3cf0c8e,Withdrawal,SUCCESS,2026-04-10T13:13:20.343Z,2026-04-10T13:13:24.785Z,200000,BANK-TRF,2026-04-10T13:13:20.000Z,TRF_y48go8uwkr8infrg,01564834-bca0-4fc0-8119-f99d78c5b2ad,food,🥑,,,,7052597527,OPay Digital Services Limited (OPay),JOEL TIMILEYIN ADEBAYO,9999910097748995601,,c3092253-e99d-4fc3-9c87-e4701798757f,01564834-bca0-4fc0-8119-f99d78c5b2ad
69d90b3c7457ecedb951ef2e,691ec63d24cf6022a24d9775,Withdrawal,SUCCESS,2026-04-10T14:37:48.949Z,2026-04-10T14:37:51.010Z,5500000,BANK-TRF,2026-04-10T14:37:48.000Z,TRF_tin82oq21ubvvgpb,bd1eba5b-c3f2-46dc-ae45-0fd16c1a1b9a,AYAF MAINTENANCE ,🔌,,,,8107272481,OPay Digital Services Limited (OPay),OYEDOTUN YUSUF OYEROGBA,110006260410143746097751283601,,87471ed7-32e9-4871-8ca4-b5d02a2bc637,bd1eba5b-c3f2-46dc-ae45-0fd16c1a1b9a
69d91cad7457ecedb951efeb,691ec63d24cf6022a24d9775,Withdrawal,SUCCESS,2026-04-10T15:52:13.224Z,2026-04-10T15:52:15.652Z,210000,BANK-TRF,2026-04-10T15:52:13.000Z,TRF_2bb0ji0gw3rq9wv6,8a84b053-ec71-4828-a438-9dffb7618b2f,food,🥑,,,,6108627567,OPay Digital Services Limited (OPay),REGDAM COMMUNICATIONS,110006260410155211097753076901,,509bf250-ad31-4eb3-9263-aabc7be497af,8a84b053-ec71-4828-a438-9dffb7618b2f
69d91cf37457ecedb951f039,691ec63d24cf6022a24d9775,Withdrawal,SUCCESS,2026-04-10T15:53:23.231Z,2026-04-10T15:53:26.100Z,1800000,BANK-TRF,2026-04-10T15:53:23.000Z,TRF_665aaa52k8vniia5,d49226c1-7028-4069-b9ee-b18daf544feb,Transcript,📝,,,,3190187017,First City Monument Bank,ALFRED DEBORAH OLABISI,110006260410155320097753102001,Personal statement writing ,fd564ac6-19ba-472f-bc16-d8f9b18edb68,d49226c1-7028-4069-b9ee-b18daf544feb
69d933487457ecedb951f0c7,691ec63d24cf6022a24d9775,Withdrawal,SUCCESS,2026-04-10T17:28:40.315Z,2026-04-10T17:28:42.126Z,1500000,BANK-TRF,2026-04-10T17:28:40.000Z,TRF_ghh6ry6704jt4ttl,971514d0-649f-4e16-813f-f89ecdba5d3b,GYM,💎,,,,0094757618,Sterling Bank,PAT FITNESS SERVICES,110006260410172838097754965701,April sub,0d82a744-844c-4384-b894-2e97ca2855f0,971514d0-649f-4e16-813f-f89ecdba5d3b
69da416ba1b45669ffc928b6,691d96aa142342a5c3cf0c8e,Withdrawal,SUCCESS,2026-04-11T12:41:15.436Z,2026-04-11T12:41:19.993Z,40000,BANK-TRF,2026-04-11T12:41:15.000Z,TRF_c706xrlcwo7kod6g,393732d2-eba7-42e4-b51c-e2860d2c5b80,food,🥑,,,,8052435427,OPay Digital Services Limited (OPay),TEMITOPE EVELYN ORONLA,9999910097776832301,Banana,de344b5d-986f-4c3c-af4b-66b1d7216cbf,393732d2-eba7-42e4-b51c-e2860d2c5b80
69da4311a1b45669ffc9292d,691d96aa142342a5c3cf0c8e,Withdrawal,SUCCESS,2026-04-11T12:48:17.871Z,2026-04-11T12:48:19.801Z,315000,BANK-TRF,2026-04-11T12:48:17.000Z,TRF_lvgkz3qngx8k8eyr,e316f007-b7c8-44c5-87b0-45b92401fd07,food,🥑,,,,5508439924,Moniepoint MFB,QuickPasta,505150097776998501,Food,09332dce-526b-4d66-a3a0-cb657fcdef74,e316f007-b7c8-44c5-87b0-45b92401fd07
69da71f2a1b45669ffc929d8,691ec63d24cf6022a24d9775,Withdrawal,SUCCESS,2026-04-11T16:08:18.852Z,2026-04-11T16:08:20.675Z,1030000,BANK-TRF,2026-04-11T16:08:18.000Z,TRF_6nqjhf59itef77s2,b54d161b-ec7e-4d32-a43b-434683718975,transportation,🚌,,,,8279476187,Moniepoint MFB,POS Transfer - RIDWAN ABASS,505150097783035301,,02dcbafd-c50e-4738-bca2-78c7aca75e05,b54d161b-ec7e-4d32-a43b-434683718975
69db723f0dc0e7d6d596096e,691cc13665dffc4250474b6a,Withdrawal,SUCCESS,2026-04-12T10:21:51.887Z,2026-04-12T10:21:52.853Z,150000,BANK-TRF,2026-04-12T10:21:51.000Z,TRF_ur8atba06go2tq82,6f1a76eb-4cd4-48f6-b657-3070c6c0d377,savings,💰,,,,9653727500,Providus Bank,VANT(Template Networks),110006260412102150097806486601,Tithe and offering ,d064aacd-f108-493b-ac20-e9fd8b92ea00,6f1a76eb-4cd4-48f6-b657-3070c6c0d377
69db73010dc0e7d6d59609ca,691cc13665dffc4250474b6a,Withdrawal,SUCCESS,2026-04-12T10:25:05.383Z,2026-04-12T10:25:11.140Z,50000,BANK-TRF,2026-04-12T10:25:05.000Z,TRF_tauv1im019okpvsg,94064881-c64f-4a15-a8c5-697ec1e4933b,savings,💰,,,,9653727500,Providus Bank,VANT(Template Networks),110006260412102501097806573601,Transport ,751fd5f5-89aa-4c03-a780-fda4f1487dae,94064881-c64f-4a15-a8c5-697ec1e4933b
69dca7850dc0e7d6d5960c15,691ec63d24cf6022a24d9775,Withdrawal,SUCCESS,2026-04-13T08:21:25.103Z,2026-04-13T08:21:27.268Z,1000000,BANK-TRF,2026-04-13T08:21:24.000Z,TRF_rpg0m3q8r8gh7s7l,5f64764e-b77e-4a15-973f-8e734c6480e3,loan,📉,,,,8158758134,OPay Digital Services Limited (OPay),OLUWAFUNMILAYO VICTORIA BAKARE,110006260413082122097839873501,,94ca794b-8302-44d3-af53-f88280d5ba95,5f64764e-b77e-4a15-973f-8e734c6480e3
69dcb7920dc0e7d6d5960c8d,693ae3bf3785c2e1571503ef,Withdrawal,SUCCESS,2026-04-13T09:29:54.814Z,2026-04-13T09:29:57.028Z,5000000,BANK-TRF,2026-04-13T09:29:54.000Z,TRF_sg2x1k9mq81duzqx,b4cfa988-9a81-4405-ba68-d82a25591b09,gardening,🌱,,,,8062748424,OPay Digital Services Limited (OPay),FOLASADE VICTORIA OJEBIYI,110006260413092953097842915801,,6dea7d9f-9e51-48cd-aafb-8a4d471034fa,b4cfa988-9a81-4405-ba68-d82a25591b09
69dcc3340dc0e7d6d5960d6e,69a5bbdf659708be74a8365c,Withdrawal,SUCCESS,2026-04-13T10:19:32.474Z,2026-04-13T10:21:17.238Z,450000,BANK-TRF,2026-04-13T10:19:32.000Z,TRF_nk3hbibr14djptnj,28e210ca-2a9a-4bd6-a2f5-3980c1be2b2d,maintenance,🔧,,,,7035360788,OPay Digital Services Limited (OPay),ONYINYE  CHUKWUMA,9999910097844807601,For screw driver,d375ef34-6acb-4b0a-bce8-1b045eb67afa,28e210ca-2a9a-4bd6-a2f5-3980c1be2b2d
69dcfcac3a9183f52d10f8e2,69cf825c251e128dc92d94b1,Deposit,SUCCESS,2026-04-13T14:24:44.193Z,2026-04-13T14:24:44.193Z,500000,BANK-TRF,2026-04-13T14:24:42.000Z,090405260413152355339197833971,AUTH_2ljaysv2sq,,,KEHINDE DANIEL AMOS-OJONGBEDE,Moniepoint MFB,5133628425,,,,,,,
69dcfd5f3a9183f52d10f976,69cf825c251e128dc92d94b1,Withdrawal,SUCCESS,2026-04-13T14:27:43.450Z,2026-04-13T14:27:45.541Z,500000,BANK-TRF,2026-04-13T14:27:43.000Z,TRF_9a60z6l8p7lt288b,ea232f5b-15f1-4cf1-bb75-b006673f11c2,savings,💰,,,,7055545535,OPay Digital Services Limited (OPay),KEHINDE DANIEL AMOS-OJONGBEDE,9999910097853023701,Money,f9528de0-27bd-488f-be6e-3998d90e2141,ea232f5b-15f1-4cf1-bb75-b006673f11c2
69dcfdae3a9183f52d10f9ab,69cf825c251e128dc92d94b1,Deposit,SUCCESS,2026-04-13T14:29:02.733Z,2026-04-13T14:29:02.733Z,500000,BANK-TRF,2026-04-13T14:29:01.000Z,100004260413142833157134261024,AUTH_4gc89uidof,,,KEHINDE DANIEL AMOS-OJONGBEDE,OPay Digital Services Limited (OPay),7055545535,,,,,,,
69dd25153a9183f52d10fa52,691ec63d24cf6022a24d9775,Withdrawal,SUCCESS,2026-04-13T17:17:09.468Z,2026-04-13T17:17:11.692Z,510000,BANK-TRF,2026-04-13T17:17:09.000Z,TRF_tlfbuysk6kg06r94,72176aa9-9e62-47ac-be59-096f0f6e52a1,transportation,🚌,,,,6107210931,OPay Digital Services Limited (OPay),ABASS ADEBARE OBADINA,110006260413171706097857563601,,ddfba418-de0d-43c5-b3ca-e3f7bc3681f2,72176aa9-9e62-47ac-be59-096f0f6e52a1
69dd2f273a9183f52d10fa9e,691ec63d24cf6022a24d9775,Withdrawal,SUCCESS,2026-04-13T18:00:07.678Z,2026-04-13T18:00:15.873Z,1000000,BANK-TRF,2026-04-13T18:00:07.000Z,TRF_0o36qdniqlqsac7u,e4df42d8-6693-40fe-b581-22ab07737838,AYAF MAINTENANCE ,🔌,,,,8107272481,OPay Digital Services Limited (OPay),OYEDOTUN YUSUF OYEROGBA,110006260413180002097858903801,,f746c284-1c99-4c46-bc24-14f6f089ce9b,e4df42d8-6693-40fe-b581-22ab07737838
69dde3243a9183f52d10fbbf,691ec63d24cf6022a24d9775,Withdrawal,SUCCESS,2026-04-14T06:48:04.157Z,2026-04-14T06:48:05.945Z,550000,BANK-TRF,2026-04-14T06:48:03.000Z,TRF_mqg0lxwftbcvu05a,be6be8c5-8371-4e9a-a940-0e4fe5c22d94,fuel,⛽,,,,5200863690,Moniepoint MFB, LOPAF GLOBAL CONCEPTS LIMITED - Arolat Filling Station Idi Aba,505150097871174701,,39ba2f71-c441-4c0b-9d2e-f989aa39fe56,be6be8c5-8371-4e9a-a940-0e4fe5c22d94
69de156e3a9183f52d10fce0,691ec63d24cf6022a24d9775,Withdrawal,SUCCESS,2026-04-14T10:22:38.600Z,2026-04-14T10:22:40.748Z,1000000,BANK-TRF,2026-04-14T10:22:38.000Z,TRF_dh29aqi7xurhsh2r,808a47cf-d956-46c9-a21b-c0f2a8654d4d,fuel,⛽,,,,8101799492,OPay Digital Services Limited (OPay),IYANUOLUWA JOHN ADEBAYO,110006260414102235097876525901,,eaca8998-a1f1-4455-873d-2fe316237df5,808a47cf-d956-46c9-a21b-c0f2a8654d4d
69de192a3a9183f52d10fd61,691ec63d24cf6022a24d9775,Withdrawal,SUCCESS,2026-04-14T10:38:34.910Z,2026-04-14T10:38:36.814Z,1340000,BANK-TRF,2026-04-14T10:38:34.000Z,TRF_xu2y16yi2yjyfr2s,a833971e-329c-4b5e-82fd-6cf809e97775,gift,🎁,,,,9725350259,Paystack-Titan,JUMIA,110006260414103832097876915301,,2c0d432c-bf89-4e0c-9d60-f4c90ec1db59,a833971e-329c-4b5e-82fd-6cf809e97775
69de3a8573cc4beb8cf7db53,691ec63d24cf6022a24d9775,Withdrawal,SUCCESS,2026-04-14T13:00:53.702Z,2026-04-14T13:00:55.682Z,310000,BANK-TRF,2026-04-14T13:00:53.000Z,TRF_qiiczke0a9240iv3,7b099c6e-4a4f-46e6-a16b-c71b8b889ea7,food,🥑,,,,6108627567,OPay Digital Services Limited (OPay),REGDAM COMMUNICATIONS,110006260414130051097881304901,,5410048c-3276-4e56-82cf-56e66f5652a8,7b099c6e-4a4f-46e6-a16b-c71b8b889ea7
69df522573cc4beb8cf7ddd3,69cf825c251e128dc92d94b1,Withdrawal,SUCCESS,2026-04-15T08:53:57.610Z,2026-04-15T08:53:58.621Z,100000,BANK-TRF,2026-04-15T08:53:57.000Z,TRF_y0ekutfvq5mmokjl,679b234a-3c9d-47b6-92dd-f0907879cb4a,savings,💰,,,,7055545535,OPay Digital Services Limited (OPay),KEHINDE DANIEL AMOS-OJONGBEDE,9999910097913721301,,17b38e5f-bd96-43ee-b794-57230db4f4c5,679b234a-3c9d-47b6-92dd-f0907879cb4a
69df522773cc4beb8cf7dde2,69cf825c251e128dc92d94b1,Deposit,SUCCESS,2026-04-15T08:53:59.309Z,2026-04-15T08:53:59.309Z,40000,In-App-TRF,,65a10375-9978-4aca-85b0-73f0855dc791,69df518073cc4beb8cf7dccf,Rainy Day savings,💸,,,,,,,,,,
69dfa461ce8a2aeeb6ef5d78,691ec63d24cf6022a24d9775,Withdrawal,SUCCESS,2026-04-15T14:44:49.903Z,2026-04-15T14:44:51.836Z,510000,BANK-TRF,2026-04-15T14:44:49.000Z,TRF_s8szhxupixth8m5b,97006599-1fae-4db5-8590-c6508a801e9b,food,🥑,,,,6108627567,OPay Digital Services Limited (OPay),REGDAM COMMUNICATIONS,110006260415144447097925690401,,5831a383-a1af-45bc-8996-8a7df111d793,97006599-1fae-4db5-8590-c6508a801e9b
69dfcde5a252f847e23273da,691ec63d24cf6022a24d9775,Withdrawal,SUCCESS,2026-04-15T17:41:57.774Z,2026-04-15T17:42:00.116Z,25000,BANK-TRF,2026-04-15T17:41:57.000Z,TRF_6uo0aqele6mmz3qm,afbbac17-e524-4266-ae18-54fb9d5f0ede,food,🥑,,,,6101059290,OPay Digital Services Limited (OPay),PATEOWEI DAKILEGA OGONRON,110006260415174154097929662601,,e5eb8d0b-8bd5-4160-8daf-0bfc1c283b56,afbbac17-e524-4266-ae18-54fb9d5f0ede
69dfcfa9a252f847e232748d,69cf825c251e128dc92d94b1,Withdrawal,SUCCESS,2026-04-15T17:49:29.854Z,2026-04-15T17:49:31.923Z,180000,BANK-TRF,2026-04-15T17:49:29.000Z,TRF_3ditlnok4u4x9kjn,10381897-c87b-4f83-9dc1-3737224a0ba0,electricity,💡,,,,7055545535,OPay Digital Services Limited (OPay),KEHINDE DANIEL AMOS-OJONGBEDE,9999910097929838401,,14a47bfd-c616-46b4-b662-63fc914daab4,10381897-c87b-4f83-9dc1-3737224a0ba0
69dfcfaca252f847e232749b,69cf825c251e128dc92d94b1,Deposit,SUCCESS,2026-04-15T17:49:32.611Z,2026-04-15T17:49:32.611Z,72000,In-App-TRF,,c1793551-6c41-4cd3-b66a-d8469c9a7903,69df518073cc4beb8cf7dccf,Rainy Day savings,💸,,,,,,,,,,
69dfd0eba252f847e2327514,69cf825c251e128dc92d94b1,Withdrawal,SUCCESS,2026-04-15T17:54:51.832Z,2026-04-15T17:54:53.869Z,40000,BANK-TRF,2026-04-15T17:54:51.000Z,TRF_taj2f86luomautyk,8117aa31-2aaf-4bf9-af4c-acce504587b0,savings,💰,,,,7055545535,OPay Digital Services Limited (OPay),KEHINDE DANIEL AMOS-OJONGBEDE,9999910097929964001,,8bf3bd09-b71b-4f94-a215-cca05920af2b,8117aa31-2aaf-4bf9-af4c-acce504587b0
69dfd0eea252f847e2327526,69cf825c251e128dc92d94b1,Deposit,SUCCESS,2026-04-15T17:54:54.550Z,2026-04-15T17:54:54.550Z,16000,In-App-TRF,,075f375b-bd54-4991-b43e-797ff72c6756,69df518073cc4beb8cf7dccf,Rainy Day savings,💸,,,,,,,,,,
69dfde54a252f847e2327655,691ec63d24cf6022a24d9775,Withdrawal,SUCCESS,2026-04-15T18:52:04.381Z,2026-04-15T18:52:07.155Z,1500000,BANK-TRF,2026-04-15T18:52:04.000Z,TRF_24soynpi7risvncz,12eee9f7-7287-4fa0-b201-1651a0d3dfc8,fuel,⛽,,,,5181015561,Moniepoint MFB,POS Transfer-EMMANUEL OLUSEGUN IDOWU,505150097931270601,,f2a27c23-fbb9-442e-abc2-2df479bf8f6c,12eee9f7-7287-4fa0-b201-1651a0d3dfc8
69dfe39ea252f847e232768b,691ec63d24cf6022a24d9775,Withdrawal,SUCCESS,2026-04-15T19:14:38.888Z,2026-04-15T19:14:38.888Z,1000000,In-App-TRF,,698c85ff6c18ad0c100e8e5c,464c5e3a-dd7b-4032-b3d1-de9237e56866,Buy car,💎,,,,,,,,,,
69dfe3b3a252f847e232769d,691ec63d24cf6022a24d9775,Withdrawal,SUCCESS,2026-04-15T19:14:59.329Z,2026-04-15T19:14:59.329Z,50000,In-App-TRF,,698c85ff6c18ad0c100e8e5c,1543919d-44cb-4225-94b7-f79fa9fc2731,Buy car,💎,,,,,,,,,,
69dfe40ba252f847e2327740,691ec63d24cf6022a24d9775,Withdrawal,SUCCESS,2026-04-15T19:16:27.750Z,2026-04-15T19:16:29.625Z,350000,BANK-TRF,2026-04-15T19:16:27.000Z,TRF_ejhuzxr5njohlmwm,ea608d28-c6bd-42de-b5fb-b01f980e59c1,food,🥑,,,,6114576418,OPay Digital Services Limited (OPay),Sweet Sensation Idi Aba,110006260415191624097931855901,,0c5ff9e1-b218-4f39-8c99-fc1ee3b765d5,ea608d28-c6bd-42de-b5fb-b01f980e59c1
69dfe4aaa252f847e23277db,691ec63d24cf6022a24d9775,Withdrawal,SUCCESS,2026-04-15T19:19:06.374Z,2026-04-15T19:19:08.345Z,130000,BANK-TRF,2026-04-15T19:19:06.000Z,TRF_xxho2yx0c0q9k0g2,86931fe5-3182-44cc-a81a-06b074f7e046,food,🥑,,,,6114576418,OPay Digital Services Limited (OPay),Sweet Sensation Idi Aba,110006260415191904097931911901,,0e9cae5c-5da8-49bb-86da-e8c4f6a62f0e,86931fe5-3182-44cc-a81a-06b074f7e046
69dfe773a252f847e2327826,691ec63d24cf6022a24d9775,Withdrawal,SUCCESS,2026-04-15T19:30:59.369Z,2026-04-15T19:31:01.868Z,150000,BANK-TRF,2026-04-15T19:30:59.000Z,TRF_bfyy6orluwbbwwvd,1d22cc10-a7bf-49b1-a558-c0f909d6e5b6,food,🥑,,,,5142363670,Moniepoint MFB,ANAS BUHARI,505150097932168901,,50f9f67d-ad49-417a-9a84-03c0981e5d81,1d22cc10-a7bf-49b1-a558-c0f909d6e5b6
69e0d912a252f847e23279cd,691ec63d24cf6022a24d9775,Withdrawal,SUCCESS,2026-04-16T12:41:54.036Z,2026-04-16T12:41:54.036Z,200000,In-App-TRF,,698c85ff6c18ad0c100e8e5c,fa57b12f-d47d-4d6a-96df-14178d43d0da,Buy car,💎,,,,,,,,,,
69e0d943a252f847e2327a1e,691ec63d24cf6022a24d9775,Withdrawal,SUCCESS,2026-04-16T12:42:43.697Z,2026-04-16T12:42:45.496Z,500000,BANK-TRF,2026-04-16T12:42:43.000Z,TRF_fch3ekda29mbslls,212275fb-ad85-4333-a531-e7687f8cdba1,food,🥑,,,,6114716465,OPay Digital Services Limited (OPay),Sweet Sensation Ibara,110006260416124241097950784401,,716aeba0-f892-4fcd-9dd6-319b054dadf2,212275fb-ad85-4333-a531-e7687f8cdba1
69e0e04ca252f847e2327a68,691ec63d24cf6022a24d9775,Withdrawal,SUCCESS,2026-04-16T13:12:44.321Z,2026-04-16T13:12:48.757Z,150000,BANK-TRF,2026-04-16T13:12:44.000Z,TRF_l1l0pyk6yssjmo92,31d60665-c46d-41db-8b25-b87cd77359c8,food,🥑,,,,9055485433,OPay Digital Services Limited (OPay),PATRICK NFONOBONG SAMUEL,9999910097951405201,,ba5760fd-0a3f-43dd-aded-00835f1cd9bb,31d60665-c46d-41db-8b25-b87cd77359c8
69e0fcfea252f847e2327c1b,693ae3bf3785c2e1571503ef,Withdrawal,SUCCESS,2026-04-16T15:15:10.360Z,2026-04-16T15:21:20.658Z,5000000,BANK-TRF,2026-04-16T15:21:18.000Z,TRF_swfwm7ivgy3ro07d,6d233c36-3f7c-496a-b7e7-70d4cebf2b20,education,🎓,,,,8062748424,OPay Digital Services Limited (OPay),FOLASADE VICTORIA OJEBIYI,110006260416151508097954339401,,791e93b1-d14e-438c-8358-6c6690500d44,6d233c36-3f7c-496a-b7e7-70d4cebf2b20
69e23a87d1c3e16b2e4e364f,693ae3bf3785c2e1571503ef,Withdrawal,SUCCESS,2026-04-17T13:49:59.524Z,2026-04-17T13:50:00.491Z,2000000,BANK-TRF,2026-04-17T13:49:59.000Z,TRF_wh9z208gv0r7bkna,a31b59c3-eb98-4f9e-bbb0-6e679bb11a74,electricity,💡,,,,8037186874,OPay Digital Services Limited (OPay),SUNDAY AYODELE OJEBIYI,110006260417134955097980630601,Transfer for IBEDC,658e1b66-71db-4a1d-a5b1-17c61cc9214c,a31b59c3-eb98-4f9e-bbb0-6e679bb11a74
69e343a3a345bad5c92ed1bb,693ae3bf3785c2e1571503ef,Withdrawal,SUCCESS,2026-04-18T08:41:07.987Z,2026-04-18T08:41:10.186Z,5000000,BANK-TRF,2026-04-18T08:41:07.000Z,TRF_0mlwynt2syo7x87h,9d31eda7-fe68-46a1-bff4-1c35ecc37d84,groceries,🛒,,,,8062748424,OPay Digital Services Limited (OPay),FOLASADE VICTORIA OJEBIYI,110006260418084106097998062201,,cd8ced70-8635-405a-b9ba-1081e0a8b4c9,9d31eda7-fe68-46a1-bff4-1c35ecc37d84
69e343e7a345bad5c92ed243,693ae3bf3785c2e1571503ef,Withdrawal,SUCCESS,2026-04-18T08:42:15.465Z,2026-04-18T08:42:17.527Z,3000000,BANK-TRF,2026-04-18T08:42:15.000Z,TRF_tquw7t7s0uj30sev,b2582162-9240-447d-8bc1-e29e353aecec,electricity,💡,,,,8062748424,OPay Digital Services Limited (OPay),FOLASADE VICTORIA OJEBIYI,110006260418084213097998079701,,9c2299a2-142a-4351-a64f-17a02da4b481,b2582162-9240-447d-8bc1-e29e353aecec
69e343f9a345bad5c92ed27d,692058f318606cf295766cfd,Withdrawal,SUCCESS,2026-04-18T08:42:33.595Z,2026-04-18T08:42:35.621Z,100000,BANK-TRF,2026-04-18T08:42:33.000Z,TRF_weam9u2vk9g0zubh,40bedafc-7687-4387-b28f-e920cfff5a47,beauty,💅,,,,8085077951,PalmPay,MOTOLANI OLUWAFEYISAYO JUNAID,110006260418084230097998084901,,366edaa8-02d0-40ac-8ab0-d0e1d7fdef9a,40bedafc-7687-4387-b28f-e920cfff5a47
69e501dce96a92e4f21cea63,69c2876ff27087fb65b326ea,Deposit,SUCCESS,2026-04-19T16:25:00.860Z,2026-04-19T16:25:00.860Z,1000000,BANK-TRF,2026-04-19T16:24:59.000Z,100004260419162449157649975584,AUTH_vch8ad9p22,,,IYANUOLUWA JOHN ADEBAYO,OPay Digital Services Limited (OPay),8101799492,,,,,,,
69e508a2e96a92e4f21cebc2,69c2876ff27087fb65b326ea,Withdrawal,SUCCESS,2026-04-19T16:53:54.092Z,2026-04-19T16:53:56.383Z,500000,BANK-TRF,2026-04-19T16:53:53.000Z,TRF_o8fgp6y841h0pmn8,fcf9d1c4-04a3-4900-a745-1ec8c6dc8131,food,🥑,,,,8108159299,OPay Digital Services Limited (OPay),TOMILADE MOTUNRAYO OLOKEDE,9999910098039516201,,0bf7ea05-50a7-4442-a4a1-f14f9637bdc6,fcf9d1c4-04a3-4900-a745-1ec8c6dc8131
69e5ebb3b713bb35077b8199,69c2876ff27087fb65b326ea,Withdrawal,SUCCESS,2026-04-20T09:02:43.506Z,2026-04-20T09:02:47.626Z,200000,BANK-TRF,2026-04-20T09:02:43.000Z,TRF_nc2q0fzysr66xzua,70666942-f589-4c28-86ce-8a9423bac94f,fuel,⛽,,,,8064347404,OPay Digital Services Limited (OPay),DANIEL TOLULOPE OLOKEDE,9999910098073240901,,442b09fb-8866-45af-9c23-6ec0ead5be4b,70666942-f589-4c28-86ce-8a9423bac94f
69e717142479a0d64229b745,691ec63d24cf6022a24d9775,Deposit,SUCCESS,2026-04-21T06:20:04.587Z,2026-04-21T06:20:04.587Z,1000000,BANK-TRF,2026-04-21T06:20:03.000Z,000013260421071929000124612249,AUTH_675w6efewa,,,TFFL/AEP DIGITAL,Guaranty Trust Bank,0467875064,,,,,,,
69e77a262479a0d64229b7d9,691ec63d24cf6022a24d9775,Withdrawal,SUCCESS,2026-04-21T13:22:46.085Z,2026-04-21T13:22:47.916Z,380000,BANK-TRF,2026-04-21T13:22:45.000Z,TRF_44uehsbdtd9epftm,6b087f07-d62c-4822-ba09-3fb9ee499a36,food,🥑,,,,6114716465,OPay Digital Services Limited (OPay),Sweet Sensation Ibara,110006260421132243098117694201,,21472270-d902-4d01-b3f3-0949fee35866,6b087f07-d62c-4822-ba09-3fb9ee499a36
69e782302479a0d64229b89b,69c2876ff27087fb65b326ea,Withdrawal,SUCCESS,2026-04-21T13:57:04.196Z,2026-04-21T13:57:06.210Z,100000,BANK-TRF,2026-04-21T13:57:04.000Z,TRF_r6hmps1vpp5p8zaw,f81d5245-dcf0-46b9-a8ac-3305e25e4a75,food,🥑,,,,8108159299,OPay Digital Services Limited (OPay),TOMILADE MOTUNRAYO OLOKEDE,9999910098118893001,,532cf283-9394-42ca-b071-2f071726703e,f81d5245-dcf0-46b9-a8ac-3305e25e4a75
69e782a22479a0d64229b8b2,69c2876ff27087fb65b326ea,Deposit,SUCCESS,2026-04-21T13:58:58.606Z,2026-04-21T13:58:58.606Z,23000,BANK-TRF,2026-04-21T13:58:57.000Z,100004260421135831157803746155,AUTH_kbfjjxq5wd,,,TOMILADE MOTUNRAYO OLOKEDE,OPay Digital Services Limited (OPay),8108159299,,,,,,,
69e79d5e2479a0d64229b94b,691ec63d24cf6022a24d9775,Withdrawal,SUCCESS,2026-04-21T15:53:02.652Z,2026-04-21T15:53:04.446Z,400000,BANK-TRF,2026-04-21T15:53:02.000Z,TRF_ijlagyyv6910y11a,ad203256-eaf6-4f9b-a9cc-c0918762c361,loan,📉,,,,8132677373,OPay Digital Services Limited (OPay),GOLD  EBAGUA,9999910098123133101,,b24f6582-1a15-4cb9-b762-732bb8ea0116,ad203256-eaf6-4f9b-a9cc-c0918762c361
69e7a74a2479a0d64229ba6a,69c2876ff27087fb65b326ea,Withdrawal,SUCCESS,2026-04-21T16:35:22.483Z,2026-04-21T16:35:24.495Z,100000,BANK-TRF,2026-04-21T16:35:22.000Z,TRF_ejfj1m478sy64xdi,30d89746-cacf-4409-8397-19167efcf60a,alcohol,🍻,,,,8126376535,PalmPay,FAITH TOLUWALOPE ADEBAYO,110006260421163519098124620401,,3cc60db3-3b20-482f-b1f8-7350f377239b,30d89746-cacf-4409-8397-19167efcf60a
69e7a7692479a0d64229baa0,691ec63d24cf6022a24d9775,Withdrawal,SUCCESS,2026-04-21T16:35:53.797Z,2026-04-21T16:35:55.803Z,210000,BANK-TRF,2026-04-21T16:35:53.000Z,TRF_x6abmwt23trof075,efcbfc1e-00df-4bc1-bd04-d5a319bb8af6,loan,📉,,,,6108627567,OPay Digital Services Limited (OPay),REGDAM COMMUNICATIONS,110006260421163552098124642901,,e50224f7-4c6b-4193-97f3-87cdea5c2787,efcbfc1e-00df-4bc1-bd04-d5a319bb8af6
69e8d74d0e3248acf149cf09,69c2876ff27087fb65b326ea,Deposit,SUCCESS,2026-04-22T14:12:29.605Z,2026-04-22T14:12:29.605Z,98000,BANK-TRF,2026-04-22T14:12:28.000Z,100004260422141205157891220816,AUTH_n0nuoy27dr,,,TOMILADE MOTUNRAYO OLOKEDE,OPay Digital Services Limited (OPay),8108159299,,,,,,,
69e8dcc20e3248acf149cffa,69c2876ff27087fb65b326ea,Withdrawal,SUCCESS,2026-04-22T14:35:46.970Z,2026-04-22T14:35:49.058Z,150000,BANK-TRF,2026-04-22T14:35:46.000Z,TRF_fos8m3lg1as0j3yu,6a23ff42-88f9-4973-ac4d-2d4395bce266,beauty,💅,,,,5003016532,Moniepoint MFB,TOMILADE MOTUNRAYO OLOKEDE,505150098163739001,,da09e7e1-3102-41b9-830b-ce69d42615c8,6a23ff42-88f9-4973-ac4d-2d4395bce266
69e8f6e50e3248acf149d097,69c2876ff27087fb65b326ea,Withdrawal,SUCCESS,2026-04-22T16:27:17.658Z,2026-04-22T16:27:19.852Z,71000,BANK-TRF,2026-04-22T16:27:17.000Z,TRF_nv494jfeokoe6p8u,3039d984-9cfd-4d65-b0ec-295a4708588b,books,📚,,,,8108159299,OPay Digital Services Limited (OPay),TOMILADE MOTUNRAYO OLOKEDE,9999910098167566501,,55232f18-10db-4189-91e5-3954459c5369,3039d984-9cfd-4d65-b0ec-295a4708588b
69e8f7e20e3248acf149d0b1,69c2876ff27087fb65b326ea,Deposit,SUCCESS,2026-04-22T16:31:30.986Z,2026-04-22T16:31:30.986Z,500000,BANK-TRF,2026-04-22T16:31:29.000Z,100004260422163122157904610946,AUTH_dud0fccw9k,,,TOMILADE MOTUNRAYO OLOKEDE,OPay Digital Services Limited (OPay),8108159299,,,,,,,
69e9071d0e3248acf149d16b,69c2876ff27087fb65b326ea,Withdrawal,SUCCESS,2026-04-22T17:36:29.846Z,2026-04-22T17:36:30.814Z,150000,BANK-TRF,2026-04-22T17:36:29.000Z,TRF_pkwem38680zm428i,ed0b1350-4db8-4306-88c6-5c606aafda07,clothing,👕,,,,8062759055,OPay Digital Services Limited (OPay),SIKIRAT AJOKE AKINDE,9999910098169603301,,71288853-3d72-4925-b487-b262b992e6c2,ed0b1350-4db8-4306-88c6-5c606aafda07
69e908320e3248acf149d1b2,69c2876ff27087fb65b326ea,Withdrawal,SUCCESS,2026-04-22T17:41:06.545Z,2026-04-22T17:41:08.435Z,100000,BANK-TRF,2026-04-22T17:41:06.000Z,TRF_6imo4z8cskrj5hod,a2ece2df-f074-4c62-b910-1218b67e11df,clothing,👕,,,,6140926593,OPay Digital Services Limited (OPay),BASIRA AJOKE AJAYI,110006260422174103098169735001,,374ce0b2-2d6f-4ec1-b145-9ce2bffb10c0,a2ece2df-f074-4c62-b910-1218b67e11df
69e90c470e3248acf149d1cb,69c2876ff27087fb65b326ea,Deposit,SUCCESS,2026-04-22T17:58:31.325Z,2026-04-22T17:58:31.325Z,84700,BANK-TRF,2026-04-22T17:58:29.000Z,090405260422185755214294163744,AUTH_9lmz2k8d66,,,TOMILADE MOTUNRAYO OLOKEDE,Moniepoint MFB,5003016532,,,,,,,
69e93895c418a4e4aa0c713c,691cc13665dffc4250474b6a,Deposit,SUCCESS,2026-04-22T21:07:33.334Z,2026-04-22T21:07:33.334Z,100000,BANK-TRF,2026-04-22T21:07:32.000Z,100004260422210716157931170908,AUTH_sosdoc7kju,,,GOODNESS AYOBAMI TAIWO,OPay Digital Services Limited (OPay),8131655804,,,,,,,
69ea2266c418a4e4aa0c7256,69c2876ff27087fb65b326ea,Withdrawal,SUCCESS,2026-04-23T13:45:10.634Z,2026-04-23T13:45:17.456Z,100000,BANK-TRF,2026-04-23T13:45:10.000Z,TRF_dsfs9crzud7dh156,fe784e5d-cfef-4514-89bf-124308dc8bb0,alcohol,🍻,,,,8108159299,OPay Digital Services Limited (OPay),TOMILADE MOTUNRAYO OLOKEDE,9999910098197427001,,45d8c2bd-18f6-4f85-a88b-20da86f84c50,fe784e5d-cfef-4514-89bf-124308dc8bb0
69ea493dc418a4e4aa0c72c7,69c2876ff27087fb65b326ea,Withdrawal,SUCCESS,2026-04-23T16:30:53.859Z,2026-04-23T16:30:55.993Z,100000,BANK-TRF,2026-04-23T16:30:53.000Z,TRF_9d42mqbde34np02y,9e0018e6-069c-4d52-8815-4dc68eaf81a2,alcohol,🍻,,,,8126376535,PalmPay,FAITH TOLUWALOPE ADEBAYO,110006260423163050098203628001,,1e6de1f3-22a6-4b7f-afca-5a611fbf9ee5,9e0018e6-069c-4d52-8815-4dc68eaf81a2
69ea6e956ad541d1631cb445,69c2876ff27087fb65b326ea,Withdrawal,SUCCESS,2026-04-23T19:10:13.530Z,2026-04-23T19:10:20.206Z,70000,BANK-TRF,2026-04-23T19:10:13.000Z,TRF_b1mct7z377rw7r29,54f811a5-bad3-43f9-aaad-6677afb6e603,books,📚,,,,8108159299,OPay Digital Services Limited (OPay),TOMILADE MOTUNRAYO OLOKEDE,9999910098208357401,,48d9a1db-ffdf-4bad-a3ed-314e95ce834c,54f811a5-bad3-43f9-aaad-6677afb6e603
69eb0d906ad541d1631cb60b,691cc13665dffc4250474b6a,Withdrawal,SUCCESS,2026-04-24T06:28:32.774Z,2026-04-24T06:28:33.755Z,50000,BANK-TRF,2026-04-24T06:28:32.000Z,TRF_bldf2kjprx15qtgb,30fed064-e765-4e74-bf3b-660d7579ec39,home,🏚️,,,,8131655804,OPay Digital Services Limited (OPay),GOODNESS AYOBAMI TAIWO,9999910098220757601,,790799fd-0794-4b49-8770-0ee07d647fb4,30fed064-e765-4e74-bf3b-660d7579ec39
69eb45bc6ad541d1631cb70b,69c2876ff27087fb65b326ea,Withdrawal,SUCCESS,2026-04-24T10:28:12.336Z,2026-04-24T10:28:14.360Z,115000,BANK-TRF,2026-04-24T10:28:12.000Z,TRF_sgkl2ysnjghyhex6,923b4b9b-79de-4c87-90b2-3985677461fe,education,🎓,,,,8108159299,OPay Digital Services Limited (OPay),TOMILADE MOTUNRAYO OLOKEDE,9999910098229512601,,d0599066-fbe6-4a89-a4d1-9005a61cd167,923b4b9b-79de-4c87-90b2-3985677461fe
69ebd0bb0cff8864e68cb7d3,69a5bbdf659708be74a8365c,Withdrawal,SUCCESS,2026-04-24T20:21:15.304Z,2026-04-24T20:21:50.751Z,100000,BANK-TRF,2026-04-24T20:21:15.000Z,TRF_ewx4rbeq7ncu6d38,94eba22d-64f0-41ab-9484-2fcfd6f1e8d3,internet,🌐,,,,7037212219,OPay Digital Services Limited (OPay),NOFIU AREMU KEHINDE,9999910098252900301,Repayment for data purchase ,51f89f84-b7e1-4270-b979-0359e65fd827,94eba22d-64f0-41ab-9484-2fcfd6f1e8d3
69ebd2e80cff8864e68cb893,691ec63d24cf6022a24d9775,Deposit,SUCCESS,2026-04-24T20:30:32.518Z,2026-04-24T20:30:32.518Z,21500000,BANK-TRF,2026-04-24T20:30:31.000Z,000013260424213003000133277071,AUTH_kac9vqc35z,,,KENT-ADEBAYO JOHN IYANUOLUWA,Guaranty Trust Bank,0137605007,,,,,,,
69ebdef90cff8864e68cb8d8,691ec63d24cf6022a24d9775,Deposit,SUCCESS,2026-04-24T21:22:01.437Z,2026-04-24T21:22:01.437Z,3500000,BANK-TRF,2026-04-24T21:22:00.000Z,100004260424212144158108414308,AUTH_k0l5cznlbi,,,MERCY JUSTINA BALOGUN,OPay Digital Services Limited (OPay),7035760850,,,,,,,
69ecbd910cff8864e68cb9b1,691ec63d24cf6022a24d9775,Withdrawal,SUCCESS,2026-04-25T13:11:45.587Z,2026-04-25T13:11:48.822Z,2000000,BANK-TRF,2026-04-25T13:11:45.000Z,TRF_jf0iy5tw72nsvkm6,2ce4e677-381e-4a9b-8354-145c25aedb77,gift,🎁,,,,0716071587,Access Bank,JESUNBO FOLASAYO OLUGBEMI,110006260425131142098278691501,Happy married life my baby,03112a84-0d11-48e1-8bad-8dd52008b471,2ce4e677-381e-4a9b-8354-145c25aedb77
69ecc2fd0cff8864e68cba98,693ae3bf3785c2e1571503ef,Withdrawal,SUCCESS,2026-04-25T13:34:53.202Z,2026-04-25T13:34:55.241Z,1500000,BANK-TRF,2026-04-25T13:34:53.000Z,TRF_fzjfrn2imhitpjo4,a150493b-95d4-45ff-8c0a-70f1492cf1a7,savings,💰,,,,8062748424,OPay Digital Services Limited (OPay),FOLASADE VICTORIA OJEBIYI,110006260425133450098279485101,,ce3d88e2-dd06-47d4-a9f1-5a583c4696bf,a150493b-95d4-45ff-8c0a-70f1492cf1a7
69ef0de42cf457b021c92e1b,691cc13665dffc4250474b6a,Withdrawal,SUCCESS,2026-04-27T07:19:00.488Z,2026-04-27T07:19:02.569Z,50000,BANK-TRF,2026-04-27T07:19:00.000Z,TRF_rzp0zbrbz53i9vd7,03826b02-7950-4c17-b043-4ef9fb2e276c,home,🏚️,,,,8131655804,OPay Digital Services Limited (OPay),GOODNESS AYOBAMI TAIWO,9999910098382074101,,30a9e62f-c623-4df4-8e30-ea145746fb6b,03826b02-7950-4c17-b043-4ef9fb2e276c
69efb2d82cf457b021c93114,691ec63d24cf6022a24d9775,Withdrawal,SUCCESS,2026-04-27T19:02:48.321Z,2026-04-27T19:02:51.728Z,1500000,BANK-TRF,2026-04-27T19:02:48.000Z,TRF_8pba102sf1yb2dsn,99f50dd1-731d-4605-adca-eea36fd86147,fuel,⛽,,,,5662269850,Moniepoint MFB,POS Transfer-ALADE RAMOTA IDOWU,505150098408677301,,419d237c-0937-45a1-b691-ad4b1c7ad0e9,99f50dd1-731d-4605-adca-eea36fd86147
69efb52a2cf457b021c931cb,691ec63d24cf6022a24d9775,Withdrawal,SUCCESS,2026-04-27T19:12:42.717Z,2026-04-27T19:14:08.202Z,520000,BANK-TRF,2026-04-27T19:14:04.000Z,TRF_e4f1b8tz4wxdf2i9,edc93f3a-7024-4c98-97ad-7f16199d9c35,fuel,⛽,,,,6547456575,OPay Digital Services Limited (OPay),FOLAKEMI ABIOLA BELLO,110006260427191241098408992902,,07133471-6e24-46da-9751-bfe94aebc5aa,edc93f3a-7024-4c98-97ad-7f16199d9c35
69efce2e573b3697c58c08b5,691ec63d24cf6022a24d9775,Withdrawal,SUCCESS,2026-04-27T20:59:26.070Z,2026-04-27T20:59:27.991Z,500000,BANK-TRF,2026-04-27T20:59:25.000Z,TRF_aj6o64meg35uii67,380e5d75-7f95-405a-8ce5-66fd1a282e1e,fuel,⛽,,,,8085077951,PalmPay,MOTOLANI OLUWAFEYISAYO JUNAID,110006260427205923098412296901,,c168ce7d-654c-40af-8974-149df55584a9,380e5d75-7f95-405a-8ce5-66fd1a282e1e
69efd2b4573b3697c58c0977,69a5bbdf659708be74a8365c,Withdrawal,SUCCESS,2026-04-27T21:18:44.240Z,2026-04-27T21:18:46.297Z,400000,BANK-TRF,2026-04-27T21:18:44.000Z,TRF_d9uua4o4g6m78g1q,506db83b-69df-4477-aaef-086de129bd8a,donation,🙏,,,,7036617718,OPay Digital Services Limited (OPay),ESTHER OMOREMI KEHINDE,9999910098413323001,For monthly payment ,e4897d12-bf57-4f3f-8461-e574c40d92e2,506db83b-69df-4477-aaef-086de129bd8a
69f0795a573b3697c58c0a9a,691ec63d24cf6022a24d9775,Withdrawal,SUCCESS,2026-04-28T09:09:46.978Z,2026-04-28T09:09:48.930Z,250000,BANK-TRF,2026-04-28T09:09:46.000Z,TRF_fnwx8cpbon4ddww3,14d77ea0-4d4c-4387-8296-978a8cd35ed1,fuel,⛽,,,,7052664930,OPay Digital Services Limited (OPay),REMILEKUN FUNMILAYO ANDREW,9999910098426179801,,6602b9db-759d-4a85-a5e0-41bb2a3ed830,14d77ea0-4d4c-4387-8296-978a8cd35ed1
69f0814b573b3697c58c0b44,691ec63d24cf6022a24d9775,Withdrawal,SUCCESS,2026-04-28T09:43:39.026Z,2026-04-28T09:43:39.987Z,1200000,BANK-TRF,2026-04-28T09:43:38.000Z,TRF_yb37aqo3m7ejn64s,ef751c90-7d90-4639-ad94-36aa288c53eb,AYAF MAINTENANCE ,🔌,,,,9044241858,PalmPay,OLUWATOSIN OLUWAFUNSO ADEOSUN,110006260428094335098427624701,Banner printing ,8912308c-59a7-474b-8759-57d153228d24,ef751c90-7d90-4639-ad94-36aa288c53eb
69f092d6573b3697c58c0beb,693ae3bf3785c2e1571503ef,Withdrawal,SUCCESS,2026-04-28T10:58:30.591Z,2026-04-28T10:58:32.584Z,2000000,BANK-TRF,2026-04-28T10:58:30.000Z,TRF_8kzq6nbkusiw4nbs,aaec4818-b1b4-49c2-8893-6cb49dac0689,gardening,🌱,,,,8062748424,OPay Digital Services Limited (OPay),FOLASADE VICTORIA OJEBIYI,110006260428105828098430027001,,07952569-9bb1-469b-9f6d-c81ee2edd535,aaec4818-b1b4-49c2-8893-6cb49dac0689
69f0f8251106c7bd4085f61b,691ec63d24cf6022a24d9775,Withdrawal,SUCCESS,2026-04-28T18:10:45.008Z,2026-04-28T18:10:46.942Z,220000,BANK-TRF,2026-04-28T18:10:44.000Z,TRF_wnsutxrnnjp806c1,86536c07-6398-4465-9e95-2a95dd343e70,food,🥑,,,,5547163080,Moniepoint MFB,Maabey Bakery - Maabey bakery 5,505150098443922301,,1f72e70d-726f-483e-b951-0ea4adc225c5,86536c07-6398-4465-9e95-2a95dd343e70
69f110521106c7bd4085f662,691ec63d24cf6022a24d9775,Withdrawal,SUCCESS,2026-04-28T19:53:54.380Z,2026-04-28T19:53:55.350Z,500000,BANK-TRF,2026-04-28T19:53:54.000Z,TRF_5rq1nr0z022datkk,fd83f20c-37e6-4ff4-becd-d46bb066645e,AYAF MAINTENANCE ,🔌,,,,8101799492,OPay Digital Services Limited (OPay),IYANUOLUWA JOHN ADEBAYO,9999910098446858201,,30640e7c-f174-478c-a253-155373caf33a,fd83f20c-37e6-4ff4-becd-d46bb066645e
69f1f7951106c7bd4085f719,693ae3bf3785c2e1571503ef,Withdrawal,SUCCESS,2026-04-29T12:20:37.886Z,2026-04-29T12:20:41.928Z,1500000,BANK-TRF,2026-04-29T12:20:37.000Z,TRF_72b68ss0ve04audf,38d2ccb9-936c-48f4-8aa0-36c393229a32,groceries,🛒,,,,8062748424,OPay Digital Services Limited (OPay),FOLASADE VICTORIA OJEBIYI,110006260429122035098471508401,,a87fa82f-26b6-4c8b-b893-68a77a38f5b8,38d2ccb9-936c-48f4-8aa0-36c393229a32
69f2457ec9cbe38156bb7869,691ec63d24cf6022a24d9775,Withdrawal,SUCCESS,2026-04-29T17:53:02.179Z,2026-04-29T17:53:03.163Z,600000,BANK-TRF,2026-04-29T17:53:01.000Z,TRF_15ugeyri724z7z9s,882f0576-9e72-409c-8787-f2b131b41705,AYAF MAINTENANCE ,🔌,,,,8132677373,OPay Digital Services Limited (OPay),GOLD  EBAGUA,9999910098482835701,,048d506c-d380-408c-ad26-aa921b9e5dd6,882f0576-9e72-409c-8787-f2b131b41705
69f255f5c9cbe38156bb78ad,691ec63d24cf6022a24d9775,Withdrawal,SUCCESS,2026-04-29T19:03:17.285Z,2026-04-29T19:03:21.999Z,210000,BANK-TRF,2026-04-29T19:03:17.000Z,TRF_5toirtoa7r67zs6h,145d0f72-4c7e-499b-833a-47df81443dcf,fuel,⛽,,,,6108627567,OPay Digital Services Limited (OPay),REGDAM COMMUNICATIONS,110006260429190312098484967301,,7986a7d5-4964-417e-9c0c-80552d2cc1e6,145d0f72-4c7e-499b-833a-47df81443dcf
69f2611fc9cbe38156bb7935,691ec63d24cf6022a24d9775,Withdrawal,SUCCESS,2026-04-29T19:50:55.819Z,2026-04-29T19:50:56.797Z,2600000,BANK-TRF,2026-04-29T19:50:55.000Z,TRF_8xvmgbu7kkjryodl,8d7a6046-3342-4643-8de3-51f6c3ebf855,AYAF MAINTENANCE ,🔌,,,,5260893497,Moniepoint MFB,ARDOVA PLC - IJAYE- ASHABI SIBLINGS,505150098486290801,,7cd32517-58ed-470e-8aaa-ef7c9ba1d258,8d7a6046-3342-4643-8de3-51f6c3ebf855
69f2636cc9cbe38156bb7995,691ec63d24cf6022a24d9775,Withdrawal,SUCCESS,2026-04-29T20:00:44.677Z,2026-04-29T20:00:45.578Z,150000,BANK-TRF,2026-04-29T20:00:44.000Z,TRF_7acclrgoznr0rclc,21b92c1b-dc31-40dc-9814-0c56444a5b91,AYAF MAINTENANCE ,🔌,,,,5142363670,Moniepoint MFB,ANAS BUHARI,505150098486641801,,be8f590f-665f-477a-9700-b84a3d10db49,21b92c1b-dc31-40dc-9814-0c56444a5b91
69f270f0c9cbe38156bb79e2,691ec63d24cf6022a24d9775,Withdrawal,SUCCESS,2026-04-29T20:58:24.083Z,2026-04-29T20:58:25.023Z,1240000,BANK-TRF,2026-04-29T20:58:23.000Z,TRF_fhqcaiq8z9x43elq,49ab62dd-c9b7-4edd-a8e8-f5794961a7a4,AYAF MAINTENANCE ,🔌,,,,9139221932,OPay Digital Services Limited (OPay),SEGUN  AGBOOLA,110006260429205821098488403301,Dry cleaning ,91e0e7fc-c8fa-4204-8980-fd665744344e,49ab62dd-c9b7-4edd-a8e8-f5794961a7a4
69f275f3c9cbe38156bb7a29,691ec63d24cf6022a24d9775,Withdrawal,SUCCESS,2026-04-29T21:19:47.801Z,2026-04-29T21:19:48.759Z,500000,BANK-TRF,2026-04-29T21:19:47.000Z,TRF_u2t5ytv49q4zajd7,a0ae1efc-993c-4e22-ae17-4aebd624e6e8,AYAF MAINTENANCE ,🔌,,,,9001921995,BuyPower MFB,BuyPower-45702665436,110006260429211944098489482001,,7c81966b-54e6-4e8d-b416-f428adebe968,a0ae1efc-993c-4e22-ae17-4aebd624e6e8
69f32d76c9cbe38156bb7ada,691ec63d24cf6022a24d9775,Withdrawal,SUCCESS,2026-04-30T10:22:46.317Z,2026-04-30T10:22:47.275Z,3550000,BANK-TRF,2026-04-30T10:22:46.000Z,TRF_56vcq9h67a961lbp,40de4cfc-19b4-4ecf-a978-629959878000,AYAF MAINTENANCE ,🔌,,,,8235933510,Moniepoint MFB,AYOMIDE ELEWERAN 1,505150098507291501,,92eac4ad-b554-4e4c-8fd5-0a4b667e7bb1,40de4cfc-19b4-4ecf-a978-629959878000
69f35101c9cbe38156bb7c0e,69a5bbdf659708be74a8365c,Withdrawal,SUCCESS,2026-04-30T12:54:25.117Z,2026-04-30T12:54:27.146Z,200000,BANK-TRF,2026-04-30T12:54:24.000Z,TRF_6pfqfx81rmmtlk2n,e9cc6f0e-16d2-4c9d-bcf9-73bbfdbc1e84,groceries,🛒,,,,8283312921,Moniepoint MFB,SKEARY,505150098511968601,,42a020c6-a4d2-44df-9526-26b0dd08a5e4,e9cc6f0e-16d2-4c9d-bcf9-73bbfdbc1e84
69f383f2be96be46890691a7,691ec63d24cf6022a24d9775,Withdrawal,SUCCESS,2026-04-30T16:31:46.460Z,2026-04-30T16:31:47.432Z,3950000,BANK-TRF,2026-04-30T16:31:46.000Z,TRF_1c7f357um4p1v7nf,e2b9b3cd-425c-4155-b809-1156f2d5260a,AYAF MAINTENANCE ,🔌,,,,9155254090,OPay Digital Services Limited (OPay),MISTURAT WURAOLA AKINDELE,110006260430163144098518736401,,4254a583-c13d-4670-9884-1123fbf87329,e2b9b3cd-425c-4155-b809-1156f2d5260a
69f38877be96be4689069230,691ec63d24cf6022a24d9775,Withdrawal,SUCCESS,2026-04-30T16:51:03.262Z,2026-04-30T16:51:04.182Z,200000,BANK-TRF,2026-04-30T16:51:03.000Z,TRF_xzbnnqyhwngstnfh,1656aed4-d5a0-49e0-a516-cac223dd287c,AYAF MAINTENANCE ,🔌,,,,0125547744,Guaranty Trust Bank,KENTADEBAYO TAIWO OLAWUMI,110006260430165059098519621101,,761482a5-0e76-48c4-bdac-c894f86c0802,1656aed4-d5a0-49e0-a516-cac223dd287c
69f5e1e98d951a2113e22942,691ec63d24cf6022a24d9775,Withdrawal,SUCCESS,2026-05-02T11:37:13.198Z,2026-05-02T11:37:15.233Z,1200000,BANK-TRF,2026-05-02T11:37:13.000Z,TRF_w45v5oa0m6ej3hku,7ec95ae3-5a3d-486d-8ecd-0aa0230c8c7d,AYAF MAINTENANCE ,🔌,,,,6415913461,OPay Digital Services Limited (OPay),BISTRAVA NIG LTD,110006260502113711098576719501,,b5ea6c71-a54d-4c6c-81e2-76df048e105d,7ec95ae3-5a3d-486d-8ecd-0aa0230c8c7d
69f60f3c1c41629353c87f96,691ec63d24cf6022a24d9775,Withdrawal,SUCCESS,2026-05-02T14:50:36.627Z,2026-05-02T14:50:38.635Z,1000000,BANK-TRF,2026-05-02T14:50:36.000Z,TRF_m0wdexg0ke9hel9e,d8ec756e-c47f-49fc-b8a8-a669e1f5e164,AYAF MAINTENANCE ,🔌,,,,8030669847,PalmPay,TOYYIB ABIODUN  ALIYU,110006260502145033098583986901,,af5ce298-dbd6-4a83-baf9-e97cc440dcb8,d8ec756e-c47f-49fc-b8a8-a669e1f5e164
69f6177c1c41629353c88026,691ec63d24cf6022a24d9775,Withdrawal,SUCCESS,2026-05-02T15:25:48.506Z,2026-05-02T15:25:50.410Z,350000,BANK-TRF,2026-05-02T15:25:48.000Z,TRF_6evqyfnxukrxgd2p,dc9fb2d7-93e6-4629-bac1-623a4272b605,AYAF MAINTENANCE ,🔌,,,,6114716465,OPay Digital Services Limited (OPay),Sweet Sensation Ibara,110006260502152546098585549401,,9ef356eb-e2e0-4be7-952c-405a3b459a61,dc9fb2d7-93e6-4629-bac1-623a4272b605
69f731031c41629353c88613,692c2e0bc0076069f22e7a0d,Withdrawal,SUCCESS,2026-05-03T11:26:59.926Z,2026-05-03T11:27:01.971Z,210000,BANK-TRF,2026-05-03T11:26:59.000Z,TRF_prfhtvb79nkqhype,b9591393-f7ef-496d-87b8-db298515bcc0,beauty,💅,,,,8025110373,OPay Digital Services Limited (OPay),ADEDOYIN ROSELINE ADESANYA,9999910098622242401,,110e21b3-24fe-4ceb-85f1-1a392ffaf74e,b9591393-f7ef-496d-87b8-db298515bcc0
69f73d761c41629353c88795,692c32927498d6967250a6c5,Withdrawal,SUCCESS,2026-05-03T12:20:06.231Z,2026-05-03T12:20:14.017Z,150000,BANK-TRF,2026-05-03T12:20:05.000Z,TRF_jcuge4xfri3cczdu,d7ec1a47-5521-4fd8-87b5-cc8434e5df5d,savings,💰,,,,7053480038,OPay Digital Services Limited (OPay),AISHAT BISOYE ADEBESIN,9999910098623521401,Goods,af9a3f55-077e-47ef-a552-de4647441311,d7ec1a47-5521-4fd8-87b5-cc8434e5df5d
69f756511c41629353c888bf,692f31322dfc48a061640ed7,Withdrawal,SUCCESS,2026-05-03T14:06:09.119Z,2026-05-03T14:06:11.150Z,200000,BANK-TRF,2026-05-03T14:06:09.000Z,TRF_pmztvchqojojntl6,de738d6f-593e-4f8f-88e4-100c760eec94,books,📚,,,,9055485433,OPay Digital Services Limited (OPay),PATRICK NFONOBONG SAMUEL,9999910098626808501,,62f5ce82-b702-4253-af56-b7d8dcda89f6,de738d6f-593e-4f8f-88e4-100c760eec94
69f78df1cc23bbbf0663dd6f,69f78c7bcc23bbbf0663dcf6,Deposit,SUCCESS,2026-05-03T18:03:29.270Z,2026-05-03T18:03:29.270Z,50000,BANK-TRF,2026-05-03T18:03:27.000Z,100004260503180310158883516349,AUTH_vae4fhddhx,,,VICTOR DOMINIC OGBODE,OPay Digital Services Limited (OPay),9137151006,,,,,,,
69f7b04dcc23bbbf0663ddc8,691ec63d24cf6022a24d9775,Deposit,SUCCESS,2026-05-03T20:30:05.479Z,2026-05-03T20:30:05.479Z,30000000,BANK-TRF,2026-05-03T20:30:03.000Z,000013260503212953000004146323,AUTH_l1zs89l3bt,,,KENT-ADEBAYO JOHN IYANUOLUWA,Guaranty Trust Bank,0137605007,,,,,,,
69f84e12cc23bbbf0663e027,69243743c07ce653d4d7de8a,Withdrawal,SUCCESS,2026-05-04T07:43:14.106Z,2026-05-04T07:43:16.147Z,1500000,BANK-TRF,2026-05-04T07:43:13.000Z,TRF_ueclve2wkzbz4e9x,909ff590-e072-43e2-b3a6-483dc466054f,internet,🌐,,,,8107855430,OPay Digital Services Limited (OPay),ABIOLA EMMANUEL OLOWU,110006260504074310098653339301,,505985b2-e648-4cda-80c6-722b70d9c927,909ff590-e072-43e2-b3a6-483dc466054f
69f87be3cc23bbbf0663e269,691ec63d24cf6022a24d9775,Withdrawal,SUCCESS,2026-05-04T10:58:43.935Z,2026-05-04T10:58:45.843Z,230000,BANK-TRF,2026-05-04T10:58:43.000Z,TRF_4lhiz8fybfrea3l6,006f704c-cd95-4668-8e25-17f9ce9d2b00,food,🥑,,,,7052664930,OPay Digital Services Limited (OPay),REMILEKUN FUNMILAYO ANDREW,9999910098661201001,,bf1d32d5-39e1-4218-be46-75e71b0fac0b,006f704c-cd95-4668-8e25-17f9ce9d2b00
69f88fadcc23bbbf0663e31f,691ec63d24cf6022a24d9775,Withdrawal,SUCCESS,2026-05-04T12:23:09.826Z,2026-05-04T12:39:33.165Z,3200000,BANK-TRF,2026-05-04T12:39:30.000Z,TRF_o465q7o9btt6je2w,69a678a9-958c-454d-a167-63a6c9b80004,beauty,💅,,,,9131965226,OPay Digital Services Limited (OPay),ABDULAZEEZ GBOLAHAN ABDULWASIU,110006260504122303098664278901,,3d384a61-ba73-4ec6-88c7-c407348d79fb,69a678a9-958c-454d-a167-63a6c9b80004
69f891c8cc23bbbf0663e332,691ec63d24cf6022a24d9775,Withdrawal,PENDING,2026-05-04T12:32:08.508Z,2026-05-04T12:32:08.508Z,3200000,BANK-TRF,,TRF_rs5ofabxx59aqyah,69f88edbcc23bbbf0663e2e3,,,,,,,,,,,7b201afa-2540-4cbf-a373-ea2e06fc2a41,244d7d9d-7550-4656-b611-4f6bba3afb46
69f8a294cc23bbbf0663e530,69590f99498a54ab68cf951a,Withdrawal,SUCCESS,2026-05-04T13:43:48.515Z,2026-05-04T13:43:51.941Z,900000,BANK-TRF,2026-05-04T13:43:48.000Z,TRF_warvpjzlxvdo96in,fe68f73b-0728-464e-88b7-e2d6831f3908,education,🎓,,,,9161068404,OPay Digital Services Limited (OPay),BUKUNMI EBENEZER KEHINDE,9999910098666627201,,4411bb26-793d-4ffc-bc2d-dcf9055d4964,fe68f73b-0728-464e-88b7-e2d6831f3908
69f8a298cc23bbbf0663e543,69590f99498a54ab68cf951a,Deposit,SUCCESS,2026-05-04T13:43:52.632Z,2026-05-04T13:43:52.632Z,90000,In-App-TRF,,305c8783-f24c-448d-bdf7-834dc73ad4a3,6959160a498a54ab68cf990a,Rainy Day savings,💸,,,,,,,,,,
69f8bef955dfa7b2c64dcb74,69c2876ff27087fb65b326ea,Deposit,SUCCESS,2026-05-04T15:44:57.526Z,2026-05-04T15:44:57.526Z,550000,BANK-TRF,2026-05-04T15:44:56.000Z,100004260504154446158959248624,AUTH_yj7xob5ae3,,,TOMILADE MOTUNRAYO OLOKEDE,OPay Digital Services Limited (OPay),8108159299,,,,,,,
69f8ce2f55dfa7b2c64dcbc9,691ec63d24cf6022a24d9775,Withdrawal,SUCCESS,2026-05-04T16:49:51.879Z,2026-05-04T16:49:53.938Z,510000,BANK-TRF,2026-05-04T16:49:51.000Z,TRF_nhzigneoubxkyqre,b90e93c2-c14f-40bb-88e3-c6e1599a5dd1,AYAF MAINTENANCE ,🔌,,,,6108627567,OPay Digital Services Limited (OPay),REGDAM COMMUNICATIONS,110006260504164949098672119901,,c5db2214-f465-4e98-be75-835da8cf38f5,b90e93c2-c14f-40bb-88e3-c6e1599a5dd1
69f9345a55dfa7b2c64dcc27,691ec63d24cf6022a24d9775,Withdrawal,SUCCESS,2026-05-05T00:05:46.326Z,2026-05-05T00:05:48.352Z,2020645,BANK-TRF,2026-05-05T00:05:46.000Z,TRF_ikdq5tevc02f2jvt,b0ece3bd-d481-4d0e-aae9-ed86c6656892,Caleb_Leadway,🥂,,,,9854991565,Paystack-Titan,LEADWAYASSURA/ETP25009696 IYANUOLUWA KENTADEBAYO,110006260505000542098689613401,ETP25009696,1471b1fe-baf0-477b-9b35-d979b6953514,b0ece3bd-d481-4d0e-aae9-ed86c6656892
69f934e355dfa7b2c64dccaf,691ec63d24cf6022a24d9775,Withdrawal,SUCCESS,2026-05-05T00:08:03.721Z,2026-05-05T00:08:05.516Z,1100000,BANK-TRF,2026-05-05T00:08:03.000Z,TRF_sw2c6cr3m58ishgc,504732f5-b2b5-4013-873d-a1a5c994f6ab,AYAF MAINTENANCE ,🔌,,,,7067744556,OPay Digital Services Limited (OPay),OLAYINKA SUSAN ODESOLA,110006260505000801098689644801,,afa61a5e-b96b-477b-b7e3-6393defcc9e0,504732f5-b2b5-4013-873d-a1a5c994f6ab
69f9ab8255dfa7b2c64dcd53,69c2876ff27087fb65b326ea,Withdrawal,SUCCESS,2026-05-05T08:34:10.545Z,2026-05-05T08:34:12.529Z,550000,BANK-TRF,2026-05-05T08:34:10.000Z,TRF_7ig8xtk9l80dgoi0,720bfdf8-8684-450d-8db2-61c290043278,alcohol,🍻,,,,8108159299,OPay Digital Services Limited (OPay),TOMILADE MOTUNRAYO OLOKEDE,9999910098696013301,,2125984c-064d-4dcb-9da1-e584636b5f9d,720bfdf8-8684-450d-8db2-61c290043278
69f9c78455dfa7b2c64dcddd,691ec63d24cf6022a24d9775,Withdrawal,SUCCESS,2026-05-05T10:33:40.726Z,2026-05-05T10:33:44.105Z,600000,BANK-TRF,2026-05-05T10:33:40.000Z,TRF_fvw6a7j0zmcmlott,eb20f2cb-f2b6-4295-a0e4-bd0d33b3768e,beauty,💅,,,,9131965226,OPay Digital Services Limited (OPay),ABDULAZEEZ GBOLAHAN ABDULWASIU,9999910098699323101,,d0e927c6-1c7b-4801-bf6f-5e0cdb035da6,eb20f2cb-f2b6-4295-a0e4-bd0d33b3768e
69f9d1ca55dfa7b2c64dcea4,69f78c7bcc23bbbf0663dcf6,Withdrawal,SUCCESS,2026-05-05T11:17:30.112Z,2026-05-05T11:17:31.088Z,20000,BANK-TRF,2026-05-05T11:17:29.000Z,TRF_y9eevi9dtmf5d3se,8d22648e-c473-49d8-81e3-5afc0f692c7a,food,🥑,,,,6419123976,OPay Digital Services Limited (OPay),DASOLA ROMOKE ADEDOKUN,110006260505111727098700412701,Food ,e3895699-da22-4f1a-8c78-978dfb34e4f8,8d22648e-c473-49d8-81e3-5afc0f692c7a
69f9eb5355dfa7b2c64dcec4,69f78c7bcc23bbbf0663dcf6,Deposit,SUCCESS,2026-05-05T13:06:27.495Z,2026-05-05T13:06:27.495Z,300000,BANK-TRF,2026-05-05T13:06:26.000Z,100004260505130553159041292547,AUTH_bhlwh7e236,,,VICTOR DOMINIC OGBODE,OPay Digital Services Limited (OPay),9137151006,,,,,,,
69fa402ef346da9971ee3b7c,69f78c7bcc23bbbf0663dcf6,Withdrawal,SUCCESS,2026-05-05T19:08:30.456Z,2026-05-05T19:08:31.414Z,130000,BANK-TRF,2026-05-05T19:08:30.000Z,TRF_s78utuy1wj5xw359,2022317d-38f0-4fbd-8250-b0d743f64129,maintenance,🔧,,,,6419123976,OPay Digital Services Limited (OPay),DASOLA ROMOKE ADEDOKUN,110006260505190827098712148201,,4b77ecab-39b0-4181-8c0b-d727cf6963a6,2022317d-38f0-4fbd-8250-b0d743f64129
69fa452ef346da9971ee3bfd,693dbac6b7bb1eb7bf94ed2c,Withdrawal,SUCCESS,2026-05-05T19:29:50.248Z,2026-05-05T19:29:51.229Z,10000,BANK-TRF,2026-05-05T19:29:50.000Z,TRF_zezg8pgoacpywiqw,3adf2c92-c375-4d19-864d-98372905ab69,bankfees,🏦,,,,9124324818,PalmPay,FEMI GABRIEL FASHOLA,110006260505192946098712808101,,f76a69fc-188c-478c-b8cd-5e9775f10e71,3adf2c92-c375-4d19-864d-98372905ab69
69fa4adff346da9971ee3c24,693dbac6b7bb1eb7bf94ed2c,Withdrawal,SUCCESS,2026-05-05T19:54:07.815Z,2026-05-05T19:54:08.774Z,10000,BANK-TRF,2026-05-05T19:54:07.000Z,TRF_dcdk1eyv5yvkdbzb,8fb0fb87-d95b-451b-8982-db121191e73f,bankfees,🏦,,,,9124324818,PalmPay,FEMI GABRIEL FASHOLA,110006260505195404098713565801,,f76a69fc-188c-478c-b8cd-5e9775f10e71,8fb0fb87-d95b-451b-8982-db121191e73f
69fa4f37f346da9971ee3ccf,693dbac6b7bb1eb7bf94ed2c,Withdrawal,SUCCESS,2026-05-05T20:12:39.115Z,2026-05-05T20:12:40.095Z,10000,BANK-TRF,2026-05-05T20:12:39.000Z,TRF_0xmze6z5xl54shbz,f0fbf723-b1ca-4889-9787-9b8a1fc63a41,bankfees,🏦,,,,9124324818,PalmPay,FEMI GABRIEL FASHOLA,110006260505201236098714188001,,6e9779b8-304f-47da-8573-8a24c873804a,f0fbf723-b1ca-4889-9787-9b8a1fc63a41
69fa529ef346da9971ee3d1d,693dbac6b7bb1eb7bf94ed2c,Withdrawal,SUCCESS,2026-05-05T20:27:10.228Z,2026-05-05T20:27:12.286Z,10000,BANK-TRF,2026-05-05T20:27:10.000Z,TRF_8mu37ld87gcw5xz9,5a7556c9-d45b-4fd1-9ff1-ae2150ab4686,bankfees,🏦,,,,9124324818,PalmPay,FEMI GABRIEL FASHOLA,110006260505202708098714593601,,10c60156-f582-4646-b873-af7d12b1f222,5a7556c9-d45b-4fd1-9ff1-ae2150ab4686
69faf53ef346da9971ee3db9,69590f99498a54ab68cf951a,Withdrawal,SUCCESS,2026-05-06T08:01:02.281Z,2026-05-06T08:01:02.281Z,100000,In-App-TRF,,a8320c19-9e18-498c-a996-b269cdeb7e0a,6959160a498a54ab68cf990a,Rainy Day savings,💸,,,,,,,,,,
69faf5f2f346da9971ee3eec,69590f99498a54ab68cf951a,Withdrawal,SUCCESS,2026-05-06T08:04:02.964Z,2026-05-06T08:04:05.261Z,120000,BANK-TRF,2026-05-06T08:04:02.000Z,TRF_yiw7wqy3gj9cpuf2,a3233c0a-d724-47bd-b661-22e232841c7b,books,📚,,,,9161068404,OPay Digital Services Limited (OPay),BUKUNMI EBENEZER KEHINDE,9999910098725898401,,a98b7f87-48aa-4264-879c-6366d48835ae,a3233c0a-d724-47bd-b661-22e232841c7b
69fb0231f346da9971ee3f70,69f78c7bcc23bbbf0663dcf6,Withdrawal,SUCCESS,2026-05-06T08:56:17.656Z,2026-05-06T08:56:19.632Z,30000,BANK-TRF,2026-05-06T08:56:17.000Z,TRF_w84ssgyrr6fhbd2r,3a3b3ea1-acc8-4ebf-8a79-9ea4e2b8fc94,food,🥑,,,,6419123976,OPay Digital Services Limited (OPay),DASOLA ROMOKE ADEDOKUN,110006260506085615098727389801,,8834dfb4-9989-41f3-bcd1-11ec9a9a4e71,3a3b3ea1-acc8-4ebf-8a79-9ea4e2b8fc94
69fb8a5218da25ca987be496,69f78c7bcc23bbbf0663dcf6,Withdrawal,SUCCESS,2026-05-06T18:37:06.029Z,2026-05-06T18:37:07.038Z,10000,BANK-TRF,2026-05-06T18:37:05.000Z,TRF_n8tggvx35kjrjn1a,7532e841-621b-415b-bcce-9a1604082613,maintenance,🔧,,,,7047824453,OPay Digital Services Limited (OPay),RASAK ADEDOTUN SODE,9999910098745422501,,6cee566b-837a-474c-bbe4-cd27a61f93f5,7532e841-621b-415b-bcce-9a1604082613
69fb8ae718da25ca987be4da,69f78c7bcc23bbbf0663dcf6,Withdrawal,SUCCESS,2026-05-06T18:39:35.001Z,2026-05-06T18:39:35.968Z,45000,BANK-TRF,2026-05-06T18:39:34.000Z,TRF_be7sl1ep4tjwfcay,1ecd0152-2f23-4778-97ca-9540798cb243,maintenance,🔧,,,,7056641208,OPay Digital Services Limited (OPay),ISAAC AYODEJI AKANDE,9999910098745487001,,0974087a-4f55-49bc-8164-3762a32a9826,1ecd0152-2f23-4778-97ca-9540798cb243
69fc2c7a18da25ca987be58d,69347069c1fd4d52da87b63d,Deposit,SUCCESS,2026-05-07T06:08:58.118Z,2026-05-07T06:08:58.118Z,2000000,BANK-TRF,2026-05-07T06:08:56.000Z,100004260507060831159193279706,AUTH_ygz846hi26,,,GABRIEL OLAOLUWA EGBEDINA,OPay Digital Services Limited (OPay),8148218646,,,,,,,
69fc413518da25ca987be64d,691ee43124cf6022a24d9d0e,Deposit,SUCCESS,2026-05-07T07:37:25.501Z,2026-05-07T07:37:25.501Z,300000,BANK-TRF,2026-05-07T07:37:24.000Z,090405260507083717352085709273,AUTH_arr1p3d3cp,,,MOYINOLUWA ELIZABETH OYENIYI,Moniepoint MFB,5249693081,,,,,,,
69fc460618da25ca987be734,692c2f24c0076069f22e7a48,Withdrawal,SUCCESS,2026-05-07T07:57:58.502Z,2026-05-07T07:58:00.609Z,50000,BANK-TRF,2026-05-07T07:57:58.000Z,TRF_z0ahdqa5qnzogq5t,92dd857d-b798-453f-a98f-d2ce8a503848,alcohol,🍻,,,,8136346155,OPay Digital Services Limited (OPay),PRECIOUS AJOKE ADEKUNLE,110006260507075754098759671801,,91738335-fdbd-4f0b-a716-633769549959,92dd857d-b798-453f-a98f-d2ce8a503848
69fc5ec318da25ca987be7fe,692c2f24c0076069f22e7a48,Withdrawal,SUCCESS,2026-05-07T09:43:31.901Z,2026-05-07T09:43:34.002Z,150000,BANK-TRF,2026-05-07T09:43:31.000Z,TRF_trqvzr1a80r85esr,d28d259e-29c2-4d8b-a6cc-18958fb27084,bankFees,🏦,,,,8136346155,OPay Digital Services Limited (OPay),PRECIOUS AJOKE ADEKUNLE,110006260507094329098762888201,,dc506d11-eef5-4c42-8a43-2e05ad0122ae,d28d259e-29c2-4d8b-a6cc-18958fb27084
69fc748f18da25ca987be924,69f78c7bcc23bbbf0663dcf6,Withdrawal,SUCCESS,2026-05-07T11:16:31.604Z,2026-05-07T11:16:32.608Z,25000,BANK-TRF,2026-05-07T11:16:31.000Z,TRF_ugpb61tf90uhc8w8,6f34c1c7-b1c8-4d0c-a81c-da5b0ef2bf5c,maintenance,🔧,,,,9137151006,OPay Digital Services Limited (OPay),VICTOR DOMINIC OGBODE,110006260507111629098765745801,,b571163e-0e71-4047-bfdd-5e064ab935fc,6f34c1c7-b1c8-4d0c-a81c-da5b0ef2bf5c
69fcc5f918da25ca987be98c,69f78c7bcc23bbbf0663dcf6,Withdrawal,SUCCESS,2026-05-07T17:03:53.510Z,2026-05-07T17:03:54.466Z,20000,BANK-TRF,2026-05-07T17:03:53.000Z,TRF_3x8hqwf0xc2lpbmf,b54c845b-699f-41b4-b613-ffd9355a9e1c,maintenance,🔧,,,,6419123976,OPay Digital Services Limited (OPay),DASOLA ROMOKE ADEDOKUN,110006260507170351098774667401,,83db087c-5eaf-42d3-8748-4465edbb617b,b54c845b-699f-41b4-b613-ffd9355a9e1c
69fcf6722cfe0c062db43c04,69f78c7bcc23bbbf0663dcf6,Withdrawal,SUCCESS,2026-05-07T20:30:42.809Z,2026-05-07T20:30:44.818Z,60000,BANK-TRF,2026-05-07T20:30:42.000Z,TRF_ezvyjpn7lcdgk8oh,04918bab-5d37-427f-bba9-3c012b0edf75,maintenance,🔧,,,,7065334039,OPay Digital Services Limited (OPay),ANOTA GRACE ALIMI,110006260507203037098779733301,,9a25d6a2-b2f8-4a6b-a274-c4ac81d2b8cb,04918bab-5d37-427f-bba9-3c012b0edf75
69fcf7522cfe0c062db43c3a,69f78c7bcc23bbbf0663dcf6,Deposit,SUCCESS,2026-05-07T20:34:26.896Z,2026-05-07T20:34:26.896Z,140000,BANK-TRF,2026-05-07T20:34:25.000Z,100004260507203353159276885640,AUTH_5l37qmiq7u,,,VICTOR DOMINIC OGBODE,OPay Digital Services Limited (OPay),9137151006,,,,,,,
69feeab70ce7bce882bcbf29,69f78c7bcc23bbbf0663dcf6,Withdrawal,SUCCESS,2026-05-09T08:05:11.273Z,2026-05-09T08:05:12.257Z,20000,BANK-TRF,2026-05-09T08:05:11.000Z,TRF_wv7n7umdezdeg987,a32d14cb-3459-4354-a0d1-d6fe3f42bc0b,shopping,🛍️,,,,9137151006,MTN Momo PSB,GODWIN OGBODE,110006260509080509098826393401,,fbb4187d-afb6-4d88-8808-aad53fe9c43c,a32d14cb-3459-4354-a0d1-d6fe3f42bc0b
69fef8850ce7bce882bcbfb7,69f78c7bcc23bbbf0663dcf6,Withdrawal,SUCCESS,2026-05-09T09:04:05.867Z,2026-05-09T09:04:06.827Z,75000,BANK-TRF,2026-05-09T09:04:05.000Z,TRF_lldgjn2xc1h0da6k,e6d534cd-5228-46b3-bbb6-4cb7413f3527,shopping,🛍️,,,,7065334039,OPay Digital Services Limited (OPay),ANOTA GRACE ALIMI,9999910098827951501,,98fe5358-31d8-4f4a-8eff-9c33c6a08d6b,e6d534cd-5228-46b3-bbb6-4cb7413f3527
69ff01970ce7bce882bcc08b,69f78c7bcc23bbbf0663dcf6,Withdrawal,SUCCESS,2026-05-09T09:42:47.799Z,2026-05-09T09:42:48.772Z,5000,BANK-TRF,2026-05-09T09:42:47.000Z,TRF_fcqxxctuim9rcy8s,381945e0-82dd-41cc-8b55-620feefa4345,shopping,🛍️,,,,9137151006,OPay Digital Services Limited (OPay),VICTOR DOMINIC OGBODE,9999910098829093201,,a5218767-6cf7-4884-a7fa-d53c2f7a108a,381945e0-82dd-41cc-8b55-620feefa4345
69ff96b60ce7bce882bcc4a0,69f78c7bcc23bbbf0663dcf6,Withdrawal,SUCCESS,2026-05-09T20:19:02.311Z,2026-05-09T20:19:04.510Z,10000,BANK-TRF,2026-05-09T20:19:01.000Z,TRF_v6chuarj42e2kz4u,4102e6f5-ef83-43ba-87b2-2230ac979fac,maintenance,🔧,,,,9137151006,OPay Digital Services Limited (OPay),VICTOR DOMINIC OGBODE,9999910098853727401,,593a3e65-987f-40a8-a1d1-795dd5721ab9,4102e6f5-ef83-43ba-87b2-2230ac979fac
69ff96fa0ce7bce882bcc501,69f78c7bcc23bbbf0663dcf6,Withdrawal,SUCCESS,2026-05-09T20:20:10.801Z,2026-05-09T20:20:18.914Z,40000,BANK-TRF,2026-05-09T20:20:10.000Z,TRF_yi64unvocc6hzke5,203b3e45-fed8-4e8a-a5ef-22f602f330ac,shopping,🛍️,,,,9137151006,OPay Digital Services Limited (OPay),VICTOR DOMINIC OGBODE,9999910098853766601,,d9719306-97fe-498e-8fb7-7d921c910af8,203b3e45-fed8-4e8a-a5ef-22f602f330ac
6a01c53267bf694566dbe4a6,691ec63d24cf6022a24d9775,Deposit,SUCCESS,2026-05-11T12:01:54.585Z,2026-05-11T12:01:54.585Z,4800000,BANK-TRF,2026-05-11T12:01:53.000Z,090110260511130054118966256779,AUTH_re6mpzuyoo,,,Vant,VFD Microfinance Bank Limited,1026459314,,,,,,,
6a01ff38fea702a85fa63b43,69235443db9c0f9697a47d20,Withdrawal,SUCCESS,2026-05-11T16:09:28.910Z,2026-05-11T16:09:30.946Z,6700000,BANK-TRF,2026-05-11T16:09:28.000Z,TRF_ddk9d736faa4rjdy,dec2ae42-baab-421b-9aea-cbd0552c2172,maintenance,🔧,,,,8135550655,OPay Digital Services Limited (OPay),TAIWO OREOLUWA AKINPELU,110006260511160925098906800901,Transportation,6f85d20b-e080-43b3-9c2e-487f0b737a2c,dec2ae42-baab-421b-9aea-cbd0552c2172
6a0317f8fea702a85fa63c40,69a5bbdf659708be74a8365c,Withdrawal,SUCCESS,2026-05-12T12:07:20.545Z,2026-05-12T12:07:22.561Z,4000000,BANK-TRF,2026-05-12T12:07:20.000Z,TRF_bgtz06j8517yjba7,cc9607f1-ba39-4802-b788-551fcb7399b2,inverter repair,🔌,,,,1834046268,Access Bank,RAIMOT ADENIKE  OLANIYI,110006260512120718098930611901,payment for inverter repair and compensation,607c3622-c950-4e21-aa6a-a903c6258945,cc9607f1-ba39-4802-b788-551fcb7399b2
6a03585601c65c7dbe16f5e2,691ec63d24cf6022a24d9775,Withdrawal,SUCCESS,2026-05-12T16:41:58.237Z,2026-05-12T16:42:00.360Z,1000000,BANK-TRF,2026-05-12T16:41:58.000Z,TRF_uy8eh1uprs4dmapm,ccf370e7-206b-4d10-8841-eb363dca9bc0,AYAF MAINTENANCE ,🔌,,,,7039456335,OPay Digital Services Limited (OPay),LATIFAT ANIKE ADEYANJU,110006260512164155098938214101,,c4568d2f-0792-4304-9883-c1f6395b2c65,ccf370e7-206b-4d10-8841-eb363dca9bc0
6a04b5890f41f7c68aef0047,691ec63d24cf6022a24d9775,Withdrawal,SUCCESS,2026-05-13T17:31:53.430Z,2026-05-13T17:32:06.546Z,515000,BANK-TRF,2026-05-13T17:32:03.000Z,TRF_dbt6z1wb7zu2b3pq,6767a5d1-5c41-4307-8549-b90b49d09395,food,🥑,,,,6547456575,OPay Digital Services Limited (OPay),FOLAKEMI ABIOLA BELLO,110006260513173152098970465102,,73dc2aca-ca2d-479b-8e21-47fdcae07f2c,6767a5d1-5c41-4307-8549-b90b49d09395
6a04c9770f41f7c68aef0092,691ec63d24cf6022a24d9775,Withdrawal,SUCCESS,2026-05-13T18:56:55.584Z,2026-05-13T18:56:58.073Z,195000,BANK-TRF,2026-05-13T18:56:55.000Z,TRF_3quzv4yt8p2s49ip,72e37a84-646b-4a96-a97e-0b63a33f4bbc,food,🥑,,,,6101059290,OPay Digital Services Limited (OPay),PATEOWEI DAKILEGA OGONRON,110006260513185653098973045901,,e3703d85-5375-4406-b076-dc3c331b8807,72e37a84-646b-4a96-a97e-0b63a33f4bbc
6a04c9e40f41f7c68aef0110,691ec63d24cf6022a24d9775,Withdrawal,SUCCESS,2026-05-13T18:58:44.372Z,2026-05-13T18:58:46.299Z,1500000,BANK-TRF,2026-05-13T18:58:44.000Z,TRF_ehfvrmjtf5emw1qq,038c26a4-8305-4a50-aeb1-335d9ca2a156,GYM,💎,,,,0094757618,Sterling Bank,PAT FITNESS SERVICES,110006260513185842098973101401,Gym Sub - Kent,682c6f63-919e-4dd6-bb00-48536aad5eae,038c26a4-8305-4a50-aeb1-335d9ca2a156
6a0501b80f41f7c68aef016c,691ec63d24cf6022a24d9775,Withdrawal,SUCCESS,2026-05-13T22:56:56.728Z,2026-05-13T22:56:58.662Z,110000,BANK-TRF,2026-05-13T22:56:56.000Z,TRF_1b9oa259wo6mk4gp,c49b02b6-6984-4353-b52d-f87607df3382,food,🥑,,,,6108627567,OPay Digital Services Limited (OPay),REGDAM COMMUNICATIONS,110006260513225655098980462101,,86b928c5-5d29-4dce-a3ee-b7ab4a0df243,c49b02b6-6984-4353-b52d-f87607df3382
6a05cb750f41f7c68aef023f,691ec63d24cf6022a24d9775,Deposit,SUCCESS,2026-05-14T13:17:41.383Z,2026-05-14T13:17:41.383Z,5200000,BANK-TRF,2026-05-14T13:17:40.000Z,090110260513235846142445254351,AUTH_euh0zqvw9y,,,Vant,VFD Microfinance Bank Limited,1026459314,,,,,,,
6a0743ce7829d20b96e4b626,693dbac6b7bb1eb7bf94ed2c,Withdrawal,SUCCESS,2026-05-15T16:03:26.608Z,2026-05-15T16:03:32.301Z,4000000,BANK-TRF,2026-05-15T16:03:26.000Z,TRF_dmqgm1lziw09q4gi,be49db8d-db31-4a8a-81f8-d02470a6efe3,education,🎓,,,,9124324818,PalmPay,FEMI GABRIEL FASHOLA,110006260515160323099032419401,,0da4c1f7-bfc0-4a84-85cf-98079b076e90,be49db8d-db31-4a8a-81f8-d02470a6efe3
6a0746c97829d20b96e4b705,691ec63d24cf6022a24d9775,Withdrawal,SUCCESS,2026-05-15T16:16:09.610Z,2026-05-15T16:16:10.592Z,510000,BANK-TRF,2026-05-15T16:16:09.000Z,TRF_h55g4iivtfb0odou,7303f166-c8e2-426d-a6a9-e1ab03be2e7e,Template_Transportation,🚕,,,,9138922033,OPay Digital Services Limited (OPay),OREOLUWA FELICIAL SOYOYE,9999910099032736601,,d3f58c91-177b-4c40-9337-1d2127bf6635,7303f166-c8e2-426d-a6a9-e1ab03be2e7e
6a076c355ed905e3c653ac32,691ec63d24cf6022a24d9775,Withdrawal,SUCCESS,2026-05-15T18:55:49.772Z,2026-05-15T18:55:51.736Z,300000,BANK-TRF,2026-05-15T18:55:49.000Z,TRF_anij4kotq821mj26,83e2a701-b01b-461c-b2f3-e6413c20fb72,food,🥑,,,,8236939351,Moniepoint MFB,POS Transfer - OLUWAKEMI ADEOYE,505150099036361701,,f30fb78c-2706-44ed-8e83-e4021fb6afb6,83e2a701-b01b-461c-b2f3-e6413c20fb72
6a088b5a5ed905e3c653ad76,691ec63d24cf6022a24d9775,Withdrawal,SUCCESS,2026-05-16T15:20:58.342Z,2026-05-16T15:21:01.693Z,3000000,BANK-TRF,2026-05-16T15:20:58.000Z,TRF_mde41nyoc0gscsx7,4420f907-dbd3-43a4-a96c-275ef81fbb95,GYM,💎,,,,8133233223,PalmPay,UTHMAN AKINOLA AJISAFE,110006260516152052099057438501,,86a7bd27-f0ce-4706-a88c-f0fb50b454e5,4420f907-dbd3-43a4-a96c-275ef81fbb95
6a088b9e5ed905e3c653adbe,691ec63d24cf6022a24d9775,Withdrawal,SUCCESS,2026-05-16T15:22:06.664Z,2026-05-16T15:22:08.463Z,515000,BANK-TRF,2026-05-16T15:22:06.000Z,TRF_r052e3z1i42eva5s,6010cae4-125c-49c0-83ef-5b14f79feda2,food,🥑,,,,6114716465,OPay Digital Services Limited (OPay),Sweet Sensation Ibara,110006260516152204099057469001,,425d86e5-bbf4-4493-a296-88c58667dbff,6010cae4-125c-49c0-83ef-5b14f79feda2
6a08aa5927acabf20837cb6a,69235443db9c0f9697a47d20,Withdrawal,SUCCESS,2026-05-16T17:33:13.785Z,2026-05-16T17:33:17.391Z,1200000,BANK-TRF,2026-05-16T17:33:13.000Z,TRF_1bhq5cqetdtpxozw,1047e977-1b34-409a-bdf5-3be0545ffbd5,fuel,⛽,,,,8135550655,OPay Digital Services Limited (OPay),TAIWO OREOLUWA AKINPELU,110006260516173311099061443901,,7f6afc67-d6ec-40fd-a5ff-4afd8df49a0e,1047e977-1b34-409a-bdf5-3be0545ffbd5
6a09deae27acabf20837cd23,691ec63d24cf6022a24d9775,Withdrawal,SUCCESS,2026-05-17T15:28:46.227Z,2026-05-17T15:28:48.232Z,300000,BANK-TRF,2026-05-17T15:28:46.000Z,TRF_fw46zg441td7ur4q,0d5ff8f6-db3e-4d86-be05-febfc9a39079,food,🥑,,,,8101799492,OPay Digital Services Limited (OPay),IYANUOLUWA JOHN ADEBAYO,9999910099084921101,,2d053d8e-cf63-4861-a760-5eb42954e789,0d5ff8f6-db3e-4d86-be05-febfc9a39079
6a09e13127acabf20837cd6e,691ec63d24cf6022a24d9775,Withdrawal,SUCCESS,2026-05-17T15:39:29.632Z,2026-05-17T15:39:31.592Z,280000,BANK-TRF,2026-05-17T15:39:29.000Z,TRF_1v1virw6eqzh9z50,958a0fa7-e983-4ac3-afc4-d40ff68654cd,food,🥑,,,,7052664930,OPay Digital Services Limited (OPay),REMILEKUN FUNMILAYO ANDREW,9999910099085194201,,7d0b6475-a1ff-4d61-b7e0-42cb2a64a861,958a0fa7-e983-4ac3-afc4-d40ff68654cd
6a0ae70b84685a0322b50038,691ec63d24cf6022a24d9775,Withdrawal,SUCCESS,2026-05-18T10:16:43.892Z,2026-05-18T10:16:45.902Z,500000,BANK-TRF,2026-05-18T10:16:43.000Z,TRF_qfsu8kubzktx55ui,2beeca4a-0bb4-4353-aa88-71e31d35aad5,loan,📉,,,,8065822462,OPay Digital Services Limited (OPay),ESTHER TIOLUWANI SOSANYA,9999910099110271801,,89d22332-08a2-42d9-84c8-2fdcdf97cbd3,2beeca4a-0bb4-4353-aa88-71e31d35aad5
6a0c339ee8e56030b191848e,691ec63d24cf6022a24d9775,Withdrawal,SUCCESS,2026-05-19T09:55:42.744Z,2026-05-19T09:55:44.653Z,100000,BANK-TRF,2026-05-19T09:55:42.000Z,TRF_kxewic7rlwb9g8es,5561ce8b-ede4-45c5-acaf-f4d49b0cb593,food,🥑,,,,6117548545,OPay Digital Services Limited (OPay),OMOTAYO AMOS ABEJIDE,110006260519095540099143115701,,d3d94c81-2775-4ca6-b3d8-f3b1c50f9f10,5561ce8b-ede4-45c5-acaf-f4d49b0cb593
6a0c4573e8e56030b19184ca,691ec63d24cf6022a24d9775,Withdrawal,SUCCESS,2026-05-19T11:11:47.349Z,2026-05-19T11:11:49.386Z,100000,BANK-TRF,2026-05-19T11:11:47.000Z,TRF_huhgb3puah34m8mq,1a6176d4-678c-4b91-8c37-43150ce77f97,food,🥑,,,,0137605007,Guaranty Trust Bank,KENTADEBAYO IYANUOLUWA JOHN,110006260519111146099145294201,,eeea3be3-df89-4eb3-800f-1a6f2e1a125d,1a6176d4-678c-4b91-8c37-43150ce77f97
6a0f1e35a2514dc2e5f3fab0,691ec63d24cf6022a24d9775,Withdrawal,SUCCESS,2026-05-21T15:01:09.661Z,2026-05-21T15:01:11.612Z,100000,BANK-TRF,2026-05-21T15:01:09.000Z,TRF_ql6dg6ud7ujklcfq,de95c9f0-1e8f-4ba0-9e2b-206ad96b4ff3,food,🥑,,,,8163490099,OPay Digital Services Limited (OPay),TOLULOPE RACHEAL ADESOLA,9999910099218722701,,ebbe0f24-fc86-4db7-a01f-ba15b6eb598d,de95c9f0-1e8f-4ba0-9e2b-206ad96b4ff3
6a11e3016bb1f3d6587ce196,691ec63d24cf6022a24d9775,Withdrawal,SUCCESS,2026-05-23T17:25:21.759Z,2026-05-23T17:25:23.632Z,210000,BANK-TRF,2026-05-23T17:25:21.000Z,TRF_dy4k3r31ylpiqxcy,7b644c3d-62e9-4b54-ab52-b6620b72f686,transportation,🚌,,,,6108627567,OPay Digital Services Limited (OPay),REGDAM COMMUNICATIONS,110006260523172519099295546301,,9805a6b6-b65c-40ca-9cc4-ca3bf1d983ff,7b644c3d-62e9-4b54-ab52-b6620b72f686
6a12e7ecb03e0745adb1b69c,691ec63d24cf6022a24d9775,Withdrawal,SUCCESS,2026-05-24T11:58:36.404Z,2026-05-24T11:58:37.372Z,20000,BANK-TRF,2026-05-24T11:58:36.000Z,TRF_i05uikrxlqnalmr7,ec776b09-884a-4e53-9ada-e293ab71bb95,furniture,🪑,,,,9168591160,PalmPay,ADEJOKE OLUBUNMI OGUNDEJI,110006260524115833099324396201,,d7e8e92b-893c-49af-95cb-3207a5c39d51,ec776b09-884a-4e53-9ada-e293ab71bb95
6a12f01eb03e0745adb1ba01,691ec63d24cf6022a24d9775,Withdrawal,SUCCESS,2026-05-24T12:33:34.469Z,2026-05-24T12:33:35.443Z,20000,BANK-TRF,2026-05-24T12:33:34.000Z,TRF_ymfmhtjshle2x4pw,91ee8b3b-3a46-4f16-aab6-cb813b43612d,furniture,🪑,,,,9813304563,Wema Bank,CRE8NGDIGITAL/OGUNDEJI OYINKANSOLA,110006260524123332099325383501,,115a611a-5fb5-449e-86c0-4e4f544eb281,91ee8b3b-3a46-4f16-aab6-cb813b43612d
6a12f02fb03e0745adb1ba63,6a12e950b03e0745adb1b72e,Deposit,SUCCESS,2026-05-24T12:33:51.462Z,2026-05-24T12:33:51.462Z,20000,BANK-TRF,2026-05-24T12:33:49.000Z,110006260524123332099325383501,AUTH_y58dk2vtet,,,Paystack,,1017692813,,,,,,,
6a146604a5da2e9880dbf25b,691ec63d24cf6022a24d9775,Deposit,SUCCESS,2026-05-25T15:08:52.335Z,2026-05-25T15:08:52.335Z,100000000,BANK-TRF,2026-05-25T15:08:51.000Z,000013260525160836000052096704,AUTH_tuhwh1u5xm,,,ADEBAYO JONATHAN ADEREMI,Guaranty Trust Bank,0050909989,,,,,,,
6a14867aa5da2e9880dbf2fd,691ec63d24cf6022a24d9775,Withdrawal,SUCCESS,2026-05-25T17:27:22.598Z,2026-05-25T17:27:23.576Z,110000,BANK-TRF,2026-05-25T17:27:22.000Z,TRF_fvrwaerd61elfyvp,8f0c426b-486f-47a0-8898-3854df6d00ec,Template_Transportation,🚕,,,,6108627567,OPay Digital Services Limited (OPay),REGDAM COMMUNICATIONS,110006260525172716099372193401,,979d55f8-29de-42ee-b266-f8ae11b5d2aa,8f0c426b-486f-47a0-8898-3854df6d00ec
6a15bb08f06220e3755e98c2,6a12e950b03e0745adb1b72e,Deposit,SUCCESS,2026-05-26T15:23:52.335Z,2026-05-26T15:23:52.335Z,700000,BANK-TRF,2026-05-26T15:23:50.000Z,100033260526152332617372879496,AUTH_t0pswzu7b8,,,ADEJOKE OLUBUNMI OGUNDEJI,PalmPay,9168591160,,,,,,,
6a15bb65f06220e3755e9915,6a12e950b03e0745adb1b72e,Withdrawal,SUCCESS,2026-05-26T15:25:25.977Z,2026-05-26T15:25:26.959Z,200000,BANK-TRF,2026-05-26T15:25:25.000Z,TRF_yy8emm708pndtncw,5afcdb38-74e6-4c91-a262-6bbaeab90c69,Phone and Internet,📱,,,,2074694019,Kuda Bank,"JEGEDE, MICHAEL TOLUWALOPE",110006260526152523099393833101,,52333408-957a-494d-aa37-791cefad4818,5afcdb38-74e6-4c91-a262-6bbaeab90c69
6a15c104f06220e3755e9a75,6a142818a5da2e9880dbf101,Withdrawal,SUCCESS,2026-05-26T15:49:24.899Z,2026-05-26T15:49:26.812Z,510000,BANK-TRF,2026-05-26T15:49:24.000Z,TRF_9yh26lcrtt4f94cp,98aa3a02-9dc8-4b5b-a326-47c315848875,food,🥑,,,,5034885581,Moniepoint MFB, NWUZAM AND SON ENTERPRISES - NWUZAN AND SON ENTERPRISES 002,505150099394299101,,6f534dde-3e99-4d82-9746-d97d4e447157,98aa3a02-9dc8-4b5b-a326-47c315848875
6a15f052f06220e3755e9b30,6a142818a5da2e9880dbf101,Withdrawal,SUCCESS,2026-05-26T19:11:14.169Z,2026-05-26T19:11:16.320Z,100000,BANK-TRF,2026-05-26T19:11:14.000Z,TRF_5vebqwajd6qxy5t4,67aee26a-0805-41e5-ae71-bb958eda7178,alcohol,🍻,,,,8108159299,OPay Digital Services Limited (OPay),TOMILADE MOTUNRAYO OLOKEDE,9999910099397418101,,c271e458-7ef6-467e-b2fb-d94034c0768c,67aee26a-0805-41e5-ae71-bb958eda7178
6a15f501f06220e3755e9d35,6a12e950b03e0745adb1b72e,Withdrawal,SUCCESS,2026-05-26T19:31:13.549Z,2026-05-26T19:31:15.684Z,300000,BANK-TRF,2026-05-26T19:31:13.000Z,TRF_m3hphvnl41jwhbrb,53463319-54b7-49a4-a2a2-b3ace224994c,Phone and Internet,📱,,,,9168591160,PalmPay,ADEJOKE OLUBUNMI OGUNDEJI,110006260526193111099397737301,,615af797-656f-4b46-882a-53cc0ffcf305,53463319-54b7-49a4-a2a2-b3ace224994c
6a15f537f06220e3755e9d78,6a12e950b03e0745adb1b72e,Withdrawal,SUCCESS,2026-05-26T19:32:07.859Z,2026-05-26T19:32:09.962Z,200000,BANK-TRF,2026-05-26T19:32:07.000Z,TRF_hf7ten89crv2g80j,344114f1-3b6d-4ab4-809f-687b103c7b80,transportation,🚌,,,,9168591160,PalmPay,ADEJOKE OLUBUNMI OGUNDEJI,110006260526193203099397750301,,59feca81-fae6-4355-8f51-9b5b9c856de4,344114f1-3b6d-4ab4-809f-687b103c7b80
6a160198f06220e3755e9e1e,6a142818a5da2e9880dbf101,Withdrawal,SUCCESS,2026-05-26T20:24:56.176Z,2026-05-26T20:24:58.215Z,50000,BANK-TRF,2026-05-26T20:24:56.000Z,TRF_t46gi33ca9wqaf3n,12f8e812-6bd5-4caf-9de3-6741963c2e75,food,🥑,,,,5034885581,Moniepoint MFB, NWUZAM AND SON ENTERPRISES - NWUZAN AND SON ENTERPRISES 002,505150099398606601,,854474b1-fe6c-4a18-9d1b-e2e7d6e4bce8,12f8e812-6bd5-4caf-9de3-6741963c2e75
6a1601e4f06220e3755e9e6a,6a142818a5da2e9880dbf101,Withdrawal,SUCCESS,2026-05-26T20:26:12.937Z,2026-05-26T20:26:15.516Z,70000,BANK-TRF,2026-05-26T20:26:12.000Z,TRF_8ksy1ep5tvkekjsf,a0b1fb41-1ba2-40ff-8499-4df31dccb403,alcohol,🍻,,,,8105719688,OPay Digital Services Limited (OPay),motunrayo aramide adesoga,9999910099398626701,,65dc2b3e-36f6-4a05-a4a4-11dc84d4af98,a0b1fb41-1ba2-40ff-8499-4df31dccb403
6a16dc8fe7265915f6b5966c,6a142818a5da2e9880dbf101,Withdrawal,SUCCESS,2026-05-27T11:59:11.376Z,2026-05-27T11:59:13.496Z,30000,BANK-TRF,2026-05-27T11:59:11.000Z,TRF_3upomtcxep60pfo5,de6ede3c-d6ed-418e-8ab4-f337cce59c8c,alcohol,🍻,,,,8108159299,OPay Digital Services Limited (OPay),TOMILADE MOTUNRAYO OLOKEDE,110006260527115908099414245901,,a5c4726d-22b1-4a26-bc13-e50dfc4230cc,de6ede3c-d6ed-418e-8ab4-f337cce59c8c
6a16ea28e7265915f6b59737,6a142818a5da2e9880dbf101,Withdrawal,SUCCESS,2026-05-27T12:57:12.837Z,2026-05-27T12:57:14.975Z,240000,BANK-TRF,2026-05-27T12:57:12.000Z,TRF_nk1cr0fiwcl2m95k,0329ac43-59ec-4446-9547-c4e92df6f2cd,fuel,⛽,,,,8108159299,OPay Digital Services Limited (OPay),TOMILADE MOTUNRAYO OLOKEDE,110006260527125711099415785201,,e9a4ab8f-4cd3-43f7-9922-d531cfeb6104,0329ac43-59ec-4446-9547-c4e92df6f2cd
6a176975e3dfffa4d9665588,691ec63d24cf6022a24d9775,Deposit,SUCCESS,2026-05-27T22:00:21.434Z,2026-05-27T22:00:21.434Z,11200000,BANK-TRF,2026-05-27T22:00:20.000Z,090110260527230001861486501661,AUTH_8sycpnwai1,,,Vant,VFD Microfinance Bank Limited,1026459314,,,,,,,
6a18814ce3dfffa4d96656cf,6a12e950b03e0745adb1b72e,Deposit,SUCCESS,2026-05-28T17:54:20.322Z,2026-05-28T17:54:20.322Z,80000,BANK-TRF,2026-05-28T17:54:18.000Z,090405260528185402602075505727,AUTH_2igrtz5zgy,,,JAZMINE IFUNANYA OKONKWO,Moniepoint MFB,5005589933,,,,,,,
6a18823ee3dfffa4d96656d7,6a12e950b03e0745adb1b72e,Deposit,SUCCESS,2026-05-28T17:58:22.401Z,2026-05-28T17:58:22.401Z,800000,BANK-TRF,2026-05-28T17:58:21.000Z,090405260528185806840502655965,AUTH_oovb1svwyz,,,GABRIEL OLUWASEUN OLA,Moniepoint MFB,5249487354,,,,,,,
6a188778e3dfffa4d966576d,6a12e950b03e0745adb1b72e,Withdrawal,SUCCESS,2026-05-28T18:20:40.725Z,2026-05-28T18:20:42.646Z,840000,BANK-TRF,2026-05-28T18:20:40.000Z,TRF_tfuls0w296xky7us,88ff5be0-8ec9-4951-88f7-d0f1c14cc691,groceries,🛒,,,,9158224067,OPay Digital Services Limited (OPay),FAVOUR WURAOLA AJUWON,9999910099457002301,,5d0376b4-942c-4b6b-9a31-d50110efb7c7,88ff5be0-8ec9-4951-88f7-d0f1c14cc691
6a19b93226c7559a9ea8ea1e,691ec63d24cf6022a24d9775,Withdrawal,SUCCESS,2026-05-29T16:05:06.252Z,2026-05-29T16:05:08.240Z,88000000,BANK-TRF,2026-05-29T16:05:06.000Z,TRF_lsexrq2fts1lrhax,0a8e1d0a-e698-4dc0-9467-d384bfbbf3d1,software,💻,,,,8039168944,OPay Digital Services Limited (OPay),Rasaq Akanni Ogunkoya,9999910099490413801,,f8dc5e39-3e92-4fd2-8e12-625eda69dbb3,0a8e1d0a-e698-4dc0-9467-d384bfbbf3d1
6a19c4d826c7559a9ea8eace,691ec63d24cf6022a24d9775,Withdrawal,SUCCESS,2026-05-29T16:54:48.733Z,2026-05-29T16:54:50.835Z,510000,BANK-TRF,2026-05-29T16:54:48.000Z,TRF_32h0v4kemf0uaa4w,cc94ee6b-b8d6-4122-9bff-ec847d341245,software,💻,,,,6108627567,OPay Digital Services Limited (OPay),REGDAM COMMUNICATIONS,110006260529165447099491780701,,4e22b4be-d0d6-44e6-832f-fe2e0545d06e,cc94ee6b-b8d6-4122-9bff-ec847d341245
6a19d48b26c7559a9ea8eb16,691ec63d24cf6022a24d9775,Withdrawal,SUCCESS,2026-05-29T18:01:47.243Z,2026-05-29T18:01:49.597Z,500000,BANK-TRF,2026-05-29T18:01:47.000Z,TRF_a73yvqlnhebs6p2n,bddab183-a4be-43ed-9f24-1808883fc110,software,💻,,,,9055485433,OPay Digital Services Limited (OPay),PATRICK NFONOBONG SAMUEL,9999910099493635901,,a68ca007-0781-45fd-b42a-0caad7ba1b75,bddab183-a4be-43ed-9f24-1808883fc110
6a1a24b7a4f0a9af7236b912,691ec63d24cf6022a24d9775,Deposit,SUCCESS,2026-05-29T23:43:51.639Z,2026-05-29T23:43:51.639Z,58700000,BANK-TRF,2026-05-29T23:43:50.000Z,000013260530004325000063587245,AUTH_f8yr6m4z4k,,,KENT-ADEBAYO JOHN IYANUOLUWA,Guaranty Trust Bank,0137605007,,,,,,,
6a1a25c7a4f0a9af7236b9a2,691ec63d24cf6022a24d9775,Deposit,SUCCESS,2026-05-29T23:48:23.001Z,2026-05-29T23:48:23.001Z,50000000,BANK-TRF,2026-05-29T23:48:21.000Z,090267260529234755100100018272,AUTH_wr0al60vp3,,,IYANUOLUWA JOHN ADEBAYO,Kuda Bank,1100018272,,,,,,,
6a1ad5e2a4f0a9af7236baae,691ec63d24cf6022a24d9775,Withdrawal,SUCCESS,2026-05-30T12:19:46.956Z,2026-05-30T12:19:48.987Z,6000000,BANK-TRF,2026-05-30T12:19:46.000Z,TRF_up2r8ks18gk09duk,8611f43c-c67c-4fca-a41a-ae2f0109f2e1,loan,📉,,,,0050909989,Guaranty Trust Bank,ADEBAYO JONATHAN ADEREMI,110006260530121944099517375401,,f5902a08-426d-4ff5-a8f4-2c99284c90d3,8611f43c-c67c-4fca-a41a-ae2f0109f2e1
6a1af2b1a4f0a9af7236bc27,69235443db9c0f9697a47d20,Withdrawal,SUCCESS,2026-05-30T14:22:41.736Z,2026-05-30T14:22:44.211Z,2400000,BANK-TRF,2026-05-30T14:22:41.000Z,TRF_53ngrf5y43aegrgh,702403f3-92ae-4140-80bc-494c14d1182f,subscription,📺,,,,8135550655,OPay Digital Services Limited (OPay),TAIWO OREOLUWA AKINPELU,9999910099520984501,,4d7391de-62a5-43ee-8eed-2c91a293724c,702403f3-92ae-4140-80bc-494c14d1182f
6a1b1da6a4f0a9af7236bcdd,691ec63d24cf6022a24d9775,Withdrawal,SUCCESS,2026-05-30T17:25:58.572Z,2026-05-30T17:26:00.358Z,10960500,BANK-TRF,2026-05-30T17:25:58.000Z,TRF_lb9tlywze86fcrl4,d9a8dd4f-66f0-434e-a77f-02aa863b3e60,food,🥑,,,,5427040542,Moniepoint MFB,Justrite Kemta Abeokuta,505150099526565501,,b73b0d31-c3e3-4092-a024-36b43529a398,d9a8dd4f-66f0-434e-a77f-02aa863b3e60
6a1b415ea4f0a9af7236bd59,691ec63d24cf6022a24d9775,Deposit,SUCCESS,2026-05-30T19:58:22.117Z,2026-05-30T19:58:22.117Z,6900000,BANK-TRF,2026-05-30T19:58:20.000Z,100004260530195813161299503160,AUTH_40c6f346pn,,,MOYINOLUWA ELIZABETH OYENIYI,OPay Digital Services Limited (OPay),7064473698,,,,,,,
6a1c88aac69b471496699594,69a3015d59d874437991ddef,Deposit,SUCCESS,2026-05-31T19:14:50.337Z,2026-05-31T19:14:50.337Z,1000000,BANK-TRF,2026-05-31T19:14:49.000Z,000016260531201412002102500396,AUTH_os1w8hp02d,,,OMOLAOLU VICTOR ABIOLA,First Bank of Nigeria,3063205672,,,,,,,
6a1d51c08e8afd7723e1030b,691ec63d24cf6022a24d9775,Deposit,SUCCESS,2026-06-01T09:32:48.749Z,2026-06-01T09:32:48.749Z,5400000,BANK-TRF,2026-06-01T09:32:47.000Z,090110260601103232251759606133,AUTH_sku9iszkw0,,,Vant,VFD Microfinance Bank Limited,1026459314,,,,,,,
6a1d66798e8afd7723e103e3,691ec63d24cf6022a24d9775,Withdrawal,SUCCESS,2026-06-01T11:01:13.445Z,2026-06-01T11:01:15.342Z,50000000,BANK-TRF,2026-06-01T11:01:13.000Z,TRF_2ctkpmz94bmd7xx4,0b83b826-3392-4d87-aea8-c0715476b2f8,Land,🌴,,,,5182357318,Moniepoint MFB,INSIGHT HOMES AND PROPERTIES,505150099586506101,,e039a87e-0862-47be-bb21-7da9ee2ccc50,0b83b826-3392-4d87-aea8-c0715476b2f8
6a1d67ae8e8afd7723e104cd,69235443db9c0f9697a47d20,Withdrawal,SUCCESS,2026-06-01T11:06:22.865Z,2026-06-01T11:06:25.093Z,5400000,BANK-TRF,2026-06-01T11:06:22.000Z,TRF_rmumh7je0dqi7c3w,5264cd7c-f6d0-4601-85da-efbfb5118ad6,transportation,🚌,,,,8135550655,OPay Digital Services Limited (OPay),TAIWO OREOLUWA AKINPELU,9999910099586643401,,e7019d2d-cf93-4d20-a895-a6fe0ded1502,5264cd7c-f6d0-4601-85da-efbfb5118ad6
6a1d6cd48e8afd7723e104e7,6a12e950b03e0745adb1b72e,Deposit,SUCCESS,2026-06-01T11:28:20.390Z,2026-06-01T11:28:20.390Z,46300,BANK-TRF,2026-06-01T11:28:18.000Z,100033260601112806534998168236,AUTH_7oelhw2ire,,,ADEJOKE OLUBUNMI OGUNDEJI,PalmPay,9168591160,,,,,,,
6a1d939d8e8afd7723e10642,6a12e950b03e0745adb1b72e,Deposit,SUCCESS,2026-06-01T14:13:49.928Z,2026-06-01T14:13:49.928Z,45000,BANK-TRF,2026-06-01T14:13:48.000Z,100004260601141326161432699951,AUTH_01e9v2nwrf,,,FAVOUR WURAOLA AJUWON,OPay Digital Services Limited (OPay),9158224067,,,,,,,
6a1da2278e8afd7723e1077f,6a12e950b03e0745adb1b72e,Withdrawal,SUCCESS,2026-06-01T15:15:51.046Z,2026-06-01T15:15:53.157Z,120000,BANK-TRF,2026-06-01T15:15:50.000Z,TRF_dpjdo6r9pb218w7a,cb26ac21-e32a-4605-a4ea-ede3cc572b95,food,🥑,,,,9168591160,PalmPay,ADEJOKE OLUBUNMI OGUNDEJI,110006260601151548099593764601,,f1935f93-6b70-4bea-8990-c0bf44369df9,cb26ac21-e32a-4605-a4ea-ede3cc572b95
6a1da2cd517084478d5125a7,6a12e950b03e0745adb1b72e,Withdrawal,SUCCESS,2026-06-01T15:18:37.616Z,2026-06-01T15:18:39.748Z,50000,BANK-TRF,2026-06-01T15:18:37.000Z,TRF_mzea2ikx0alrgmz6,13b74096-5bb6-40c7-9f92-817cc23b0961,water,🚿,,,,9168591160,PalmPay,ADEJOKE OLUBUNMI OGUNDEJI,110006260601151835099593827801,,6b06ecc5-e2a2-46ff-a8d4-cc51776206d3,13b74096-5bb6-40c7-9f92-817cc23b0961
6a1db967517084478d51268f,691ec63d24cf6022a24d9775,Withdrawal,SUCCESS,2026-06-01T16:55:03.040Z,2026-06-01T16:55:05.190Z,500000,BANK-TRF,2026-06-01T16:55:02.000Z,TRF_9ezovhamov00szbn,408f4aee-08c8-480b-8fe1-ea5be82f28d1,food,🥑,,,,5988298811,Moniepoint MFB,PIZZA & PASTRIES NIGERIA LIMITED - PIZZA & PASTRIES NIGERIA LIMITED 4,505150099596399301,,64e13d6e-8d5c-4397-9f31-82c73fac4fe3,408f4aee-08c8-480b-8fe1-ea5be82f28d1
6a1dbb47517084478d512709,691ec63d24cf6022a24d9775,Withdrawal,SUCCESS,2026-06-01T17:03:03.769Z,2026-06-01T17:03:05.846Z,10005000,BANK-TRF,2026-06-01T17:03:03.000Z,TRF_shoukbnikdxjg8c9,d6a780f6-5c37-4978-91de-3f749721aad2,Thrift,🎲,,,,7064473698,OPay Digital Services Limited (OPay),MOYINOLUWA ELIZABETH OYENIYI,9999910099596625101,,311ee695-2343-4728-968e-def8fd62da1f,d6a780f6-5c37-4978-91de-3f749721aad2
6a1dbd44517084478d51275b,691ec63d24cf6022a24d9775,Withdrawal,SUCCESS,2026-06-01T17:11:32.275Z,2026-06-01T17:11:34.332Z,500000,BANK-TRF,2026-06-01T17:11:32.000Z,TRF_hdgg2nn1uyfae9d3,3137a17f-503b-4afc-8e9b-d1b449c33008,software,💻,,,,9151753052,OPay Digital Services Limited (OPay),MARYAM ABIOLA OGUNSORO,9999910099596849001,,8c46815e-7ff9-475e-80e5-bae8d4e7f9c2,3137a17f-503b-4afc-8e9b-d1b449c33008
6a1de17d517084478d5127d8,691ec63d24cf6022a24d9775,Withdrawal,SUCCESS,2026-06-01T19:46:05.815Z,2026-06-01T19:46:07.903Z,300000,BANK-TRF,2026-06-01T19:46:05.000Z,TRF_yx80adzl9nc9dzmy,6383b647-cad3-45a4-bfcf-fc68a44666ba,software,💻,,,,9055485433,OPay Digital Services Limited (OPay),PATRICK NFONOBONG SAMUEL,9999910099602020601,,56dde396-e6e5-4525-89af-e8b7829cd3a6,6383b647-cad3-45a4-bfcf-fc68a44666ba
6a1e7f31517084478d512893,691ec63d24cf6022a24d9775,Withdrawal,SUCCESS,2026-06-02T06:58:57.910Z,2026-06-02T06:58:59.970Z,2500000,BANK-TRF,2026-06-02T06:58:57.000Z,TRF_0m049vowhgnz67kb,a0008078-8474-4761-8e1f-f99cd87f906b,internet,🌐,,,,9905450450,Paystack-Titan,PAYSTACK CHECKOUT,110006260602065855099616937101,,cd36a75f-2c1e-4d77-9233-c55de45bf82e,a0008078-8474-4761-8e1f-f99cd87f906b
6a1e816d517084478d51290e,691ec63d24cf6022a24d9775,Withdrawal,SUCCESS,2026-06-02T07:08:29.055Z,2026-06-02T07:08:30.821Z,510000,BANK-TRF,2026-06-02T07:08:28.000Z,TRF_wxrdkfbosivrtsii,cde93eed-4d75-4269-9ce4-c7dcae7f119a,electricity,💡,,,,9003316865,BuyPower MFB,BuyPower-62417419603,110006260602070825099617328101,,14657f27-40c8-4d99-8d01-9d7e5f7cbb83,cde93eed-4d75-4269-9ce4-c7dcae7f119a
6a1e9dc1517084478d5129af,69a5bbdf659708be74a8365c,Withdrawal,SUCCESS,2026-06-02T09:09:21.062Z,2026-06-02T09:09:23.209Z,3000000,BANK-TRF,2026-06-02T09:09:20.000Z,TRF_a59u1gtxhka8wnkw,df72cc71-f9b0-4160-be5b-98627904f43a,Phone and Internet,📱,,,,8147323999,OPay Digital Services Limited (OPay),JAMES JESUGBEMILEKE KEHINDE,9999910099621839401,For smart watch ,01d56955-30ce-4066-9fe7-153c94c10ced,df72cc71-f9b0-4160-be5b-98627904f43a
6a1ea757517084478d512a46,691ec63d24cf6022a24d9775,Withdrawal,SUCCESS,2026-06-02T09:50:15.033Z,2026-06-02T09:50:16.841Z,2000000,BANK-TRF,2026-06-02T09:50:14.000Z,TRF_l03okl1s378hm512,9dd2c689-1ae2-47cc-b96d-2d15156a157e,fuel,⛽,,,,5042301839,Moniepoint MFB,"LADO OIL AND CHEMICALS NIGERIA LIMITED - OBANTOKO, ABEOKUTA.",505150099623557001,,b7d713bf-bb2b-4276-93dd-34b59f5cb492,9dd2c689-1ae2-47cc-b96d-2d15156a157e
6a1eef9d517084478d512b39,691ec63d24cf6022a24d9775,Withdrawal,SUCCESS,2026-06-02T14:58:37.964Z,2026-06-02T14:58:40.048Z,7000000,BANK-TRF,2026-06-02T14:58:37.000Z,TRF_d66zr6boay295hfj,28ef820a-c79e-45fe-8ea2-c6542ac7987c,food,🥑,,,,6893991019,First City Monument Bank,QUOTIDIAN-V FOODS,110006260602145835099633925101,,328aeb5d-7c53-483e-96b3-e73df7540654,28ef820a-c79e-45fe-8ea2-c6542ac7987c
6a1ef5f5517084478d512db5,69e90ff90e3248acf149d236,Withdrawal,SUCCESS,2026-06-02T15:25:41.643Z,2026-06-02T15:25:43.854Z,250000,BANK-TRF,2026-06-02T15:25:41.000Z,TRF_he5zu3k3klcxiko6,6f45f2c8-ae96-4287-88b3-676532afac47,food,🥑,,,,8168609763,OPay Digital Services Limited (OPay),COVENANT PIPELOLUWA OLUWAYINKA,9999910099634776301,Money,0587cc48-65c7-4e64-88b9-d7c3bde4c505,6f45f2c8-ae96-4287-88b3-676532afac47
6a1f14f5f5f0c253e26c300e,691ec63d24cf6022a24d9775,Withdrawal,SUCCESS,2026-06-02T17:37:57.683Z,2026-06-02T17:37:59.813Z,1500000,BANK-TRF,2026-06-02T17:37:57.000Z,TRF_i00viqq94yf8vlk7,e0012393-740c-413a-b477-e535fd562501,Healthcare,🏥,,,,8105666932,OPay Digital Services Limited (OPay),IFEANYI EMMANUEL NWOBODO,9999910099638683101,,b76b4d48-e153-4b91-b832-14f4263daae0,e0012393-740c-413a-b477-e535fd562501
6a1f26f8f5f0c253e26c309c,691ec63d24cf6022a24d9775,Deposit,SUCCESS,2026-06-02T18:54:48.808Z,2026-06-02T18:54:48.808Z,2200000,BANK-TRF,2026-06-02T18:54:47.000Z,090110260602195421711744348797,AUTH_e1kom8p96r,,,Vant,VFD Microfinance Bank Limited,1026459314,,,,,,,
6a2028bcf5f0c253e26c32fd,6a12e950b03e0745adb1b72e,Withdrawal,SUCCESS,2026-06-03T13:14:36.534Z,2026-06-03T13:14:42.174Z,200000,BANK-TRF,2026-06-03T13:14:36.000Z,TRF_ylb9hh7abtx5uy71,132050ce-2b75-49a1-bc7b-e2d337ed69d7,books,📚,,,,9168591160,PalmPay,ADEJOKE OLUBUNMI OGUNDEJI,110006260603131434099669145201,,8e11cf99-4b4f-461c-bb16-a2f403767609,132050ce-2b75-49a1-bc7b-e2d337ed69d7
6a202d99f5f0c253e26c337d,691ec63d24cf6022a24d9775,Withdrawal,SUCCESS,2026-06-03T13:35:21.363Z,2026-06-03T13:35:24.640Z,2000000,BANK-TRF,2026-06-03T13:35:21.000Z,TRF_lfzasalr2khm1e10,8470aa74-c06f-4aeb-b4cc-4d5c108ccd6c,loan,📉,,,,0050909989,Guaranty Trust Bank,ADEBAYO JONATHAN ADEREMI,110006260603133519099669876701,,a9f8de80-a909-4d91-9289-d48799c1d45e,8470aa74-c06f-4aeb-b4cc-4d5c108ccd6c
6a207c5d20f079d68b073752,691ec63d24cf6022a24d9775,Withdrawal,SUCCESS,2026-06-03T19:11:25.853Z,2026-06-03T19:11:28.212Z,5000000,BANK-TRF,2026-06-03T19:11:25.000Z,TRF_eh5mspf7iv0x10rk,8b1b57bf-a1ae-46bd-b69f-db196e73033a,fuel,⛽,,,,5662269850,Moniepoint MFB,POS Transfer-ALADE RAMOTA IDOWU,505150099680216701,,9d1bb703-717a-48e4-aa46-8f50fbc2479b,8b1b57bf-a1ae-46bd-b69f-db196e73033a
6a20815320f079d68b0737a2,691ec63d24cf6022a24d9775,Withdrawal,SUCCESS,2026-06-03T19:32:35.925Z,2026-06-03T19:32:37.824Z,150000,BANK-TRF,2026-06-03T19:32:35.000Z,TRF_ek0gcxhymissgy90,ee14ddb4-3c76-4190-b976-b8034a0ce5a0,food,🥑,,,,8154656380,PalmPay,ADENIKE BOSE ADENUGA,110006260603193233099680830101,,b5fa314d-7bbb-45f0-b179-6dcc025cebba,ee14ddb4-3c76-4190-b976-b8034a0ce5a0
6a214dd920f079d68b073897,691ec63d24cf6022a24d9775,Withdrawal,SUCCESS,2026-06-04T10:05:13.335Z,2026-06-04T10:05:15.162Z,3500000,BANK-TRF,2026-06-04T10:05:13.000Z,TRF_qidxgkgieahv1jnt,6cf5ee31-f577-4cbe-aa0a-6e7135cdaf7c,software,💻,,,,8103426186,OPay Digital Services Limited (OPay),ABDULKABIR ADEBAYO OKEOWO,9999910099698616901,Phone Screen,0af94e31-0df6-4a0c-8871-0bdb70a3b59c,6cf5ee31-f577-4cbe-aa0a-6e7135cdaf7c
6a219de620f079d68b073981,691ec63d24cf6022a24d9775,Withdrawal,SUCCESS,2026-06-04T15:46:46.330Z,2026-06-04T15:46:48.369Z,650000,BANK-TRF,2026-06-04T15:46:46.000Z,TRF_rpwbzfsayu675ew5,e57428a9-6194-4711-b059-3b975523ffda,food,🥑,,,,5643308895,Moniepoint MFB,FUNKDAP GLOBAL VENTURES - FUNKDAP GLOBAL VENTURES,505150099708655401,,7e3d7456-9655-49d3-a9ce-7064028698d3,e57428a9-6194-4711-b059-3b975523ffda
6a219fea20f079d68b073999,6a12e950b03e0745adb1b72e,Deposit,SUCCESS,2026-06-04T15:55:22.031Z,2026-06-04T15:55:22.031Z,1000000,BANK-TRF,2026-06-04T15:55:20.000Z,090405260604165459620395473971,AUTH_m8cc1pzrv4,,,GABRIEL OLUWASEUN OLA,Moniepoint MFB,5249487354,,,,,,,
6a21c1f6e4f1fd71697c601c,691ec63d24cf6022a24d9775,Withdrawal,SUCCESS,2026-06-04T18:20:38.773Z,2026-06-04T18:20:40.931Z,500000,BANK-TRF,2026-06-04T18:20:38.000Z,TRF_av5ettu1enxw1b6f,f724e897-bb14-4efa-ab6c-3399d9d9cfaa,Car Maintenance ,🚲,,,,9127431887,OPay Digital Services Limited (OPay),BOLORUNDURO JIMOH AJASA,9999910099713151401,,f0bd5bf6-cd31-4857-8063-4382640944c1,f724e897-bb14-4efa-ab6c-3399d9d9cfaa
6a21c964e4f1fd71697c60d2,691ec63d24cf6022a24d9775,Withdrawal,SUCCESS,2026-06-04T18:52:20.590Z,2026-06-04T18:52:21.609Z,200000,BANK-TRF,2026-06-04T18:52:20.000Z,TRF_nam1su7y3388d0pi,a48cc14a-b7be-424c-b47a-b81396f05d65,Template_Transportation,🚕,,,,0905193433,Guaranty Trust Bank,HAMZAT  SUSAN ADERINSOLA,110006260604185218099714117401,,603d4292-ed88-4e2f-ab5a-f1f900fc589c,a48cc14a-b7be-424c-b47a-b81396f05d65
6a22c0d4e4f1fd71697c61eb,691ec63d24cf6022a24d9775,Withdrawal,SUCCESS,2026-06-05T12:28:04.566Z,2026-06-05T12:28:06.376Z,550000,BANK-TRF,2026-06-05T12:28:04.000Z,TRF_vyfelbsn84ghcm3z,ae62d228-033b-4889-b649-1e0428f8df92,food,🥑,,,,5980442216,Moniepoint MFB,POS Transfer- ADEMOSU OLUWAYEMISI ABIODUN,505150099738009001,,bbe52715-75b9-425b-a795-8eb0475f66e8,ae62d228-033b-4889-b649-1e0428f8df92
6a22fb03e4f1fd71697c6387,6a22e229e4f1fd71697c620c,Deposit,SUCCESS,2026-06-05T16:36:19.024Z,2026-06-05T16:36:19.024Z,50000,BANK-TRF,2026-06-05T16:36:17.000Z,100033260605163546546652414978,AUTH_spi54lufm5,,,ADENIKE BOSE ADENUGA,PalmPay,8154656380,,,,,,,
6a230e1ab35f674c7bb9370e,6a142818a5da2e9880dbf101,Deposit,SUCCESS,2026-06-05T17:57:46.980Z,2026-06-05T17:57:46.980Z,350000,BANK-TRF,2026-06-05T17:57:45.000Z,100004260605175718161830173995,AUTH_qeuqh2bczv,,,IBRAHIM AYOBAMI ABDUL GAFAR,OPay Digital Services Limited (OPay),9165563423,,,,,,,
6a23133eb35f674c7bb937cf,6a142818a5da2e9880dbf101,Withdrawal,SUCCESS,2026-06-05T18:19:42.131Z,2026-06-05T18:19:44.143Z,100000,BANK-TRF,2026-06-05T18:19:42.000Z,TRF_l0170291j8eymhtt,fa1332cc-068e-4d77-8875-319768adfa27,alcohol,🍻,,,,1882479067,Access Bank,TOMILADE MOTUNRAYO OLOKEDE,110006260605181939099750025401,,200157ad-2b1c-442e-bdb6-c3490b1db8fe,fa1332cc-068e-4d77-8875-319768adfa27
6a2315dcb35f674c7bb93878,691ec63d24cf6022a24d9775,Withdrawal,SUCCESS,2026-06-05T18:30:52.774Z,2026-06-05T18:30:54.638Z,600000,BANK-TRF,2026-06-05T18:30:52.000Z,TRF_7oyaqs3uzvy2t88j,c02e3d5d-a7b9-43e7-bd30-182a27828563,Land,🌴,,,,8108319484,OPay Digital Services Limited (OPay),FEMI AJIBOLA FAFUNMI,9999910099750432701,,6c0e3761-595c-4238-8818-351fd1bebf03,c02e3d5d-a7b9-43e7-bd30-182a27828563
6a23fd01b35f674c7bb93cf9,6a142818a5da2e9880dbf101,Withdrawal,SUCCESS,2026-06-06T10:57:05.666Z,2026-06-06T10:57:06.650Z,100000,BANK-TRF,2026-06-06T10:57:05.000Z,TRF_4llovutv7m6bsbd8,cd15ca02-837f-48e7-827d-d6befc3e05d4,bankFees,🏦,,,,1882479067,Access Bank,TOMILADE MOTUNRAYO OLOKEDE,110006260606105704099772958601,,666473cc-9ffe-42e2-9f2f-df2353ce5a12,cd15ca02-837f-48e7-827d-d6befc3e05d4
6a23fd1fb35f674c7bb93d3b,6a142818a5da2e9880dbf101,Withdrawal,SUCCESS,2026-06-06T10:57:35.609Z,2026-06-06T10:57:37.629Z,150000,BANK-TRF,2026-06-06T10:57:35.000Z,TRF_dahb3del1wha9d0r,f991fc56-b32f-4bcf-9775-257130e05ebc,bankFees,🏦,,,,8108159299,OPay Digital Services Limited (OPay),TOMILADE MOTUNRAYO OLOKEDE,9999910099772972501,,feb9ada2-e278-4b4d-8602-89a7a7cb6220,f991fc56-b32f-4bcf-9775-257130e05ebc
6a23ff2cb35f674c7bb93ec4,6a142818a5da2e9880dbf101,Deposit,SUCCESS,2026-06-06T11:06:20.878Z,2026-06-06T11:06:20.878Z,160000,BANK-TRF,2026-06-06T11:06:19.000Z,100004260606110551161879299691,AUTH_bfw23xmq2c,,,TOMILADE MOTUNRAYO OLOKEDE,OPay Digital Services Limited (OPay),8108159299,,,,,,,
6a2441a7b35f674c7bb94334,691ec63d24cf6022a24d9775,Withdrawal,SUCCESS,2026-06-06T15:49:59.325Z,2026-06-06T15:50:02.485Z,150000,BANK-TRF,2026-06-06T15:49:59.000Z,TRF_pae72566w0wc7ppk,c89a8947-dcac-4972-a8e4-6f993b14ecbf,food,🥑,,,,9131978081,PalmPay,ADEWALE ISAIAH MICHEAL,110006260606154956099781464101,,c432e751-747a-40fd-94bb-ae7142882ce3,c89a8947-dcac-4972-a8e4-6f993b14ecbf
6a2449d3b35f674c7bb943c4,691ec63d24cf6022a24d9775,Deposit,SUCCESS,2026-06-06T16:24:51.007Z,2026-06-06T16:24:51.007Z,100000,BANK-TRF,2026-06-06T16:24:49.000Z,090267260606162416841100018272,AUTH_5jjxvfc7w1,,,IYANUOLUWA JOHN ADEBAYO,Kuda Bank,1100018272,,,,,,,
6a2453c3b35f674c7bb944a5,691ec63d24cf6022a24d9775,Withdrawal,SUCCESS,2026-06-06T17:07:15.460Z,2026-06-06T17:07:17.667Z,4000000,BANK-TRF,2026-06-06T17:07:15.000Z,TRF_9bfcmkaheytqz4q1,7223ea56-153c-4d9c-b3ac-ec1393dff4c8,easybuy,✍️,,,,9992663463,Paystack-Titan,PAYSTACK CHECKOUT,110006260606170713099783764701,,b996db88-78c5-4aa7-9d3b-1a17812a0354,7223ea56-153c-4d9c-b3ac-ec1393dff4c8
6a245e6f910b7b19de74d209,691ec63d24cf6022a24d9775,Withdrawal,SUCCESS,2026-06-06T17:52:47.098Z,2026-06-06T17:52:51.535Z,1080000,BANK-TRF,2026-06-06T17:52:46.000Z,TRF_hjflpweqjd6mx49j,2d2594c4-b001-40f8-8604-57fc134e4f6e,food,🥑,,,,8236939351,Moniepoint MFB,POS Transfer - OLUWAKEMI ADEOYE,505150099785021401,,19c97562-5d27-471b-87fd-831011924858,2d2594c4-b001-40f8-8604-57fc134e4f6e
6a245ff2910b7b19de74d26c,691ec63d24cf6022a24d9775,Withdrawal,SUCCESS,2026-06-06T17:59:14.107Z,2026-06-06T17:59:16.185Z,550000,BANK-TRF,2026-06-06T17:59:14.000Z,TRF_585nelfuh4u4ci0y,42f28b43-cf81-41b7-bed2-bc2994d5de08,fuel,⛽,,,,5743195605,Moniepoint MFB,FIRST OILRUSH LTD - FIRST OIL RUSH 2,505150099785193301,,5513a9ad-226a-4e5d-9ae3-fb9d08eca17c,42f28b43-cf81-41b7-bed2-bc2994d5de08
6a247b05910b7b19de74d337,6a142818a5da2e9880dbf101,Withdrawal,SUCCESS,2026-06-06T19:54:45.779Z,2026-06-06T19:54:46.771Z,90000,BANK-TRF,2026-06-06T19:54:45.000Z,TRF_z9yqjmpde4afp8th,09b26434-5c16-4fef-803e-bbd3f18c030a,alcohol,🍻,,,,5034885581,Moniepoint MFB, NWUZAM AND SON ENTERPRISES - NWUZAN AND SON ENTERPRISES 002,505150099788441001,,8eb81c42-aaf5-44d0-b146-f0bb0dc09072,09b26434-5c16-4fef-803e-bbd3f18c030a
6a25281a910b7b19de74d4ac,69d5256f57b58a3838561f7c,Withdrawal,SUCCESS,2026-06-07T08:13:14.892Z,2026-06-07T08:13:17.239Z,200000,BANK-TRF,2026-06-07T08:13:14.000Z,TRF_ga510m0w32x1e6kq,06f3d226-a523-40a4-a613-11d53c8f4e4f,gift,🎁,,,,9156323517,OPay Digital Services Limited (OPay),AISHAT ADEJOKE SANUSI,9999910099801738501,,d56437cf-fe49-47ee-ad1c-dcc518db9267,06f3d226-a523-40a4-a613-11d53c8f4e4f
6a253574910b7b19de74d5ba,69a5bbdf659708be74a8365c,Withdrawal,SUCCESS,2026-06-07T09:10:12.548Z,2026-06-07T09:10:14.803Z,1500000,BANK-TRF,2026-06-07T09:10:12.000Z,TRF_xsucfu733gok3uib,6c47dfda-d2a1-4634-9e12-40fe6556a2a6,Tithe,💧,,,,1013402490,Zenith Bank,DEEPER CHRISTIAN LIFE MIN-TIT.&OFF.,110006260607091009099803224201,"Member from Anobe District, Aregbe group",652799e4-0f4c-4128-a655-1c543133c9b9,6c47dfda-d2a1-4634-9e12-40fe6556a2a6
6a259856910b7b19de74d75e,6a12e950b03e0745adb1b72e,Withdrawal,SUCCESS,2026-06-07T16:12:06.868Z,2026-06-07T16:12:08.975Z,600000,BANK-TRF,2026-06-07T16:12:06.000Z,TRF_p7p61dksg9mfisuh,68748d96-ee1f-434f-8ddb-c8b9ec1c5ed9,transportation,🚌,,,,9158224067,OPay Digital Services Limited (OPay),FAVOUR WURAOLA AJUWON,9999910099815742601,,9adafcc6-5b80-4b4c-be35-7b6c6e1d8f5e,68748d96-ee1f-434f-8ddb-c8b9ec1c5ed9
6a259a98910b7b19de74d80c,691ec63d24cf6022a24d9775,Withdrawal,SUCCESS,2026-06-07T16:21:44.771Z,2026-06-07T16:21:46.809Z,500000,BANK-TRF,2026-06-07T16:21:44.000Z,TRF_qx120vz0z7o1shbj,8ec74898-06bb-4575-ba1f-d26998fce7e0,fuel,⛽,,,,6118787814,OPay Digital Services Limited (OPay),AJOKE FILLING STATION KEMTA 1,110006260607162142099816077101,,11e3b348-6a6f-47a1-bebc-c8a873afbdcc,8ec74898-06bb-4575-ba1f-d26998fce7e0
6a259ae9910b7b19de74d849,691ec63d24cf6022a24d9775,Withdrawal,SUCCESS,2026-06-07T16:23:05.557Z,2026-06-07T16:23:07.381Z,130000,BANK-TRF,2026-06-07T16:23:05.000Z,TRF_85wcol1tnixsxiv9,568237d1-abda-4ee7-b694-e31fe0c0bed6,food,🥑,,,,7052664930,OPay Digital Services Limited (OPay),REMILEKUN FUNMILAYO ANDREW,9999910099816123501,,7c7dbf1a-ae04-47a3-b2d9-2a9349504635,568237d1-abda-4ee7-b694-e31fe0c0bed6
6a259c0f910b7b19de74d883,691ec63d24cf6022a24d9775,Withdrawal,SUCCESS,2026-06-07T16:27:59.651Z,2026-06-07T16:28:01.511Z,70000,BANK-TRF,2026-06-07T16:27:59.000Z,TRF_rja1rysbm8diov0g,24ec16c0-45aa-4e85-8adc-ec6468ee42b1,food,🥑,,,,6116735775,OPay Digital Services Limited (OPay),MEDBASE PHARMACY AND VARIETY LIMITED,110006260607162756099816292701,,29b00f16-6752-4257-a6ba-862e810faee0,24ec16c0-45aa-4e85-8adc-ec6468ee42b1
6a259e86910b7b19de74d8f2,691ec63d24cf6022a24d9775,Withdrawal,SUCCESS,2026-06-07T16:38:30.451Z,2026-06-07T16:38:51.633Z,630000,BANK-TRF,2026-06-07T16:38:30.000Z,TRF_wllvcb2ulb067wb8,3b756510-afcc-45ef-aeb3-4d8a74baa70f,food,🥑,,,,5180430651,Moniepoint MFB, REJOICE SUPERMART - KEMTA 3,505150099816648601,,1b4e3e13-0a13-4826-a13c-1884d0e16367,3b756510-afcc-45ef-aeb3-4d8a74baa70f
6a25d01d648daaea32bfa331,6a12e950b03e0745adb1b72e,Withdrawal,SUCCESS,2026-06-07T20:10:05.310Z,2026-06-07T20:10:07.542Z,400000,BANK-TRF,2026-06-07T20:10:05.000Z,TRF_klm4pyd853a0jqhl,02550ad5-d967-47c5-81d3-9b7476f1c607,groceries,🛒,,,,9168591160,PalmPay,ADEJOKE OLUBUNMI OGUNDEJI,110006260607201002099822699901,,948966fd-e89c-4615-8fb5-fccd9c93eae2,02550ad5-d967-47c5-81d3-9b7476f1c607
6a25e094648daaea32bfa34b,691ec63d24cf6022a24d9775,Deposit,SUCCESS,2026-06-07T21:20:20.231Z,2026-06-07T21:20:20.231Z,5600000,BANK-TRF,2026-06-07T21:20:18.000Z,090110260607222005524145671968,AUTH_sca5ikrl5p,,,Vant,VFD Microfinance Bank Limited,1026459314,,,,,,,
6a267863648daaea32bfa3e0,6a142818a5da2e9880dbf101,Deposit,SUCCESS,2026-06-08T08:08:03.716Z,2026-06-08T08:08:03.716Z,100000,BANK-TRF,2026-06-08T08:08:02.000Z,09FG260606113538193GRIFGF,AUTH_g0odlp3pr8,,,,,,,,,,,,
6a267864648daaea32bfa3e8,6a142818a5da2e9880dbf101,Deposit,SUCCESS,2026-06-08T08:08:04.903Z,2026-06-08T08:08:04.903Z,1000000,BANK-TRF,2026-06-08T08:08:03.000Z,09FG26060611255412662FOQG,AUTH_bioi846pna,,,,,,,,,,,,
6a269f7c648daaea32bfa584,69235443db9c0f9697a47d20,Withdrawal,SUCCESS,2026-06-08T10:54:52.700Z,2026-06-08T10:54:54.705Z,3750000,BANK-TRF,2026-06-08T10:54:52.000Z,TRF_n0kuzcd0h81dzlop,ed135a32-bd6d-4d34-9d75-4e16f510c503,home,🏚️,,,,8135550655,OPay Digital Services Limited (OPay),TAIWO OREOLUWA AKINPELU,9999910099842138301,,b31f0cff-1b92-4fa8-8e8c-0cd3fe9520dc,ed135a32-bd6d-4d34-9d75-4e16f510c503
6a26bb28648daaea32bfa623,6a142818a5da2e9880dbf101,Withdrawal,SUCCESS,2026-06-08T12:52:56.744Z,2026-06-08T12:52:58.845Z,1170000,BANK-TRF,2026-06-08T12:52:56.000Z,TRF_ivg2ptapze91icbl,2f825f66-3deb-42d0-99e7-10db87cd47ab,alcohol,🍻,,,,8108159299,OPay Digital Services Limited (OPay),TOMILADE MOTUNRAYO OLOKEDE,9999910099845671701,,0a701a3b-8d60-4719-93fd-0e4e6454e687,2f825f66-3deb-42d0-99e7-10db87cd47ab
6a26ec1d648daaea32bfa7f1,691ec63d24cf6022a24d9775,Deposit,SUCCESS,2026-06-08T16:21:49.702Z,2026-06-08T16:21:49.702Z,14200000,BANK-TRF,2026-06-08T16:21:48.000Z,100004260608162129162081234313,AUTH_xzexoxiet7,,,IYANUOLUWA JOHN ADEBAYO,OPay Digital Services Limited (OPay),8101799492,,,,,,,
6a27c6082ec072df1a44196e,691ec63d24cf6022a24d9775,Withdrawal,SUCCESS,2026-06-09T07:51:36.182Z,2026-06-09T07:51:37.171Z,319500,BANK-TRF,2026-06-09T07:51:36.000Z,TRF_olw330xd57zo5ekw,e50094ba-39bb-4586-8ad3-b8e9fa8cdf7d,Template_Transportation,🚕,,,,9901678283,Paystack-Titan,PAYSTACK CHECKOUT,110006260609075133099870267101,,0bd1b141-8dc0-44ed-a34f-530ccf690e81,e50094ba-39bb-4586-8ad3-b8e9fa8cdf7d
6a27c78e2ec072df1a4419e5,691ec63d24cf6022a24d9775,Withdrawal,SUCCESS,2026-06-09T07:58:06.219Z,2026-06-09T07:58:08.401Z,10000000,BANK-TRF,2026-06-09T07:58:06.000Z,TRF_wb5v4o6p6bagry62,8458909a-8bc1-4f45-8497-e33ebee8838c,loan,📉,,,,1100018272,Kuda Bank,IYANUOLUWA JOHN ADEBAYO,110006260609075803099870421801,,10f8c623-429f-445c-b9ed-adb5e40aff39,8458909a-8bc1-4f45-8497-e33ebee8838c
6a2804a92ec072df1a441a82,691ec63d24cf6022a24d9775,Withdrawal,SUCCESS,2026-06-09T12:18:49.451Z,2026-06-09T12:18:50.484Z,510000,BANK-TRF,2026-06-09T12:18:49.000Z,TRF_t3o3ikgvr2f0quwu,c64ce75c-cf9e-46e3-9a0d-bf5db332b302,Template_Transportation,🚕,,,,9060830886,OPay Digital Services Limited (OPay),AYODELE MONDAY ODETOLA,9999910099878809401,,32b63865-0b95-4166-a06c-29b9fd881e73,c64ce75c-cf9e-46e3-9a0d-bf5db332b302
6a285a5c2ec072df1a441be4,691ec63d24cf6022a24d9775,Withdrawal,SUCCESS,2026-06-09T18:24:28.526Z,2026-06-09T18:24:30.686Z,200000,BANK-TRF,2026-06-09T18:24:28.000Z,TRF_3iwk3yssdggcoai8,88f750c9-bd63-464e-a5f2-b9c883aae9c2,gardening,🌱,,,,6108627567,OPay Digital Services Limited (OPay),REGDAM COMMUNICATIONS,110006260609182425099890782401,,ebfe20c3-65a4-4a77-9b20-273d2b81a558,88f750c9-bd63-464e-a5f2-b9c883aae9c2
6a2861742ec072df1a441c30,691ec63d24cf6022a24d9775,Withdrawal,SUCCESS,2026-06-09T18:54:44.443Z,2026-06-09T18:54:45.406Z,240000,BANK-TRF,2026-06-09T18:54:44.000Z,TRF_xxvtdald7yrowv1j,db0ff320-1ea1-412c-bf63-6dc7eb2bad68,Template_Transportation,🚕,,,,8145628474,OPay Digital Services Limited (OPay),OMOWUNMI DEBORAH OYERO,9999910099891911001,,0a393afa-62c7-4f51-990b-7e24ffee7db9,db0ff320-1ea1-412c-bf63-6dc7eb2bad68
6a2872e9ac80a7754585da32,691ec63d24cf6022a24d9775,Withdrawal,SUCCESS,2026-06-09T20:09:13.859Z,2026-06-09T20:09:14.861Z,500000,BANK-TRF,2026-06-09T20:09:13.000Z,TRF_jij97t8hk48tm9xl,1a6df5e2-3624-4841-8757-781979c08300,Template_Transportation,🚕,,,,8068486464,OPay Digital Services Limited (OPay),olanrewaju tobiloba fashina,9999910099894608401,,830bf0b3-508d-42aa-8025-d0587ea0558f,1a6df5e2-3624-4841-8757-781979c08300
6a29227dac80a7754585db64,6a22e229e4f1fd71697c620c,Withdrawal,SUCCESS,2026-06-10T08:38:21.196Z,2026-06-10T08:38:23.335Z,100000,BANK-TRF,2026-06-10T08:38:21.000Z,TRF_262z69pxbjdlmmvh,aabfa4a1-c407-4193-be0d-921c30267331,shopping,🛍️,,,,8154656380,PalmPay,ADENIKE BOSE ADENUGA,110006260610083817099908424401,,2eddad9f-1f43-4b43-b8d1-a32a40b5d22c,aabfa4a1-c407-4193-be0d-921c30267331
6a2969bcac80a7754585dc0a,691ec63d24cf6022a24d9775,Withdrawal,SUCCESS,2026-06-10T13:42:20.543Z,2026-06-10T13:42:21.496Z,1000000,BANK-TRF,2026-06-10T13:42:20.000Z,TRF_x942a23smo115ivf,1318953b-6ba0-47c5-bf9e-ce428022fd0f,AYAF MAINTENANCE ,🔌,,,,7039456335,OPay Digital Services Limited (OPay),LATIFAT ANIKE ADEYANJU,9999910099918117301,,8561de20-287f-43bc-a23a-9ecc92ba32c8,1318953b-6ba0-47c5-bf9e-ce428022fd0f
6a29aa88ac80a7754585dd2f,6947e8c95dad1006b656f640,Deposit,SUCCESS,2026-06-10T18:18:48.212Z,2026-06-10T18:18:48.212Z,20000000,BANK-TRF,2026-06-10T18:18:46.000Z,090405260610191831676243223208,AUTH_d44nh2ji2n,,,GEORGE OMOGBOLAHAN IBITOYE,Moniepoint MFB,5232917055,,,,,,,
6a29ac0dac80a7754585dd6e,6947e8c95dad1006b656f640,Deposit,SUCCESS,2026-06-10T18:25:17.456Z,2026-06-10T18:25:17.456Z,3000000,BANK-TRF,2026-06-10T18:25:15.000Z,090405260610192448242425268371,AUTH_csqmugus5b,,,GEORGE OMOGBOLAHAN IBITOYE,Moniepoint MFB,5232917055,,,,,,,
6a2a8baf3fd2d76832a3134b,691ec63d24cf6022a24d9775,Withdrawal,SUCCESS,2026-06-11T10:19:27.307Z,2026-06-11T10:19:29.371Z,7800000,BANK-TRF,2026-06-11T10:19:27.000Z,TRF_0x4z13xnb0776jdw,681faf05-6815-4e58-86a4-1b56f0e455d5,loan,📉,,,,0137605007,Guaranty Trust Bank,KENTADEBAYO IYANUOLUWA JOHN,110006260611101925099949077001,,8ee3a893-96b6-4b5b-bcba-0780bafa95f0,681faf05-6815-4e58-86a4-1b56f0e455d5
6a2bf71ed69ef0094ed70f0b,69a5bbdf659708be74a8365c,Withdrawal,SUCCESS,2026-06-12T12:10:06.121Z,2026-06-12T12:10:08.242Z,2500000,BANK-TRF,2026-06-12T12:10:05.000Z,TRF_ndxwtwvsdszuklc9,eac4c3e6-e341-43be-b71c-33183d98361f,savings,💰,,,,8147323999,OPay Digital Services Limited (OPay),JAMES JESUGBEMILEKE KEHINDE,9999910099990691901,Payment for monthly savings ,cc5d7f36-c63b-46ca-87a0-8e7e9f67f241,eac4c3e6-e341-43be-b71c-33183d98361f
6a2c4664d69ef0094ed7101e,6a2c449ed69ef0094ed70fb0,Deposit,SUCCESS,2026-06-12T17:48:20.531Z,2026-06-12T17:48:20.531Z,10000,BANK-TRF,2026-06-12T17:48:18.000Z,000012260612184753797323550152,AUTH_i7777qm92k,,,FAITH DOLAPO OGUNKUNLE,Stanbic IBTC Bank,0034724322,,,,,,,
6a2c5144d69ef0094ed710ac,691ec63d24cf6022a24d9775,Withdrawal,SUCCESS,2026-06-12T18:34:44.849Z,2026-06-12T18:34:46.750Z,1125000,BANK-TRF,2026-06-12T18:34:44.000Z,TRF_7p1c57wkh9lb2sjd,a073cc29-6eb3-4bd1-8639-bac7eb6f3ede,food,🥑,,,,9615484664,Fairmoney Microfinance Bank,DOMINOS PIZZA ABIOLA WAY ABK 2 NG,110006260612183441100002784001,,00a1ed1d-104d-4601-8c0c-3ee32c93437c,a073cc29-6eb3-4bd1-8639-bac7eb6f3ede
6a2c5546d69ef0094ed71118,691ec63d24cf6022a24d9775,Withdrawal,SUCCESS,2026-06-12T18:51:50.672Z,2026-06-12T18:51:52.563Z,1080000,BANK-TRF,2026-06-12T18:51:50.000Z,TRF_bnm61d8mmyn8nx2m,fcebcc12-9b61-4b7f-9133-c568253d644d,food,🥑,,,,8138016647,Moniepoint MFB,OLATUNJI MICHAEL KINOSHI,505150100003289001,,325689b6-0d70-4730-869f-37ee8a62edbd,fcebcc12-9b61-4b7f-9133-c568253d644d
6a2d7175028f6a4eee6ffcbb,691ec63d24cf6022a24d9775,Withdrawal,SUCCESS,2026-06-13T15:04:21.736Z,2026-06-13T15:04:23.777Z,8000000,BANK-TRF,2026-06-13T15:04:21.000Z,TRF_1qpq9yw48oyb8iik,125d0340-66d6-4b22-bf3f-cabf5c74c8e7,loan,📉,,,,0125547744,Guaranty Trust Bank,KENTADEBAYO TAIWO OLAWUMI,110006260613150419100031830701,,0f087e7c-e195-49ea-962d-b7af430cfbbd,125d0340-66d6-4b22-bf3f-cabf5c74c8e7
6a2d9efb028f6a4eee6ffd67,6a22e229e4f1fd71697c620c,Withdrawal,SUCCESS,2026-06-13T18:18:35.364Z,2026-06-13T18:18:37.418Z,50000,BANK-TRF,2026-06-13T18:18:35.000Z,TRF_q6337uz804blhfle,8bdfd0c0-e985-4769-a567-7ec73cda0d69,internet,🌐,,,,0817490329,Guaranty Trust Bank,SQUAD CHECKOUT,110006260613181833100037719301,,655c1ec7-56d6-46d0-95dc-0a5abbf155fc,8bdfd0c0-e985-4769-a567-7ec73cda0d69
6a2e7a32ebe7cd1e027cf580,69235443db9c0f9697a47d20,Withdrawal,SUCCESS,2026-06-14T09:53:54.783Z,2026-06-14T09:53:56.875Z,2400000,BANK-TRF,2026-06-14T09:53:54.000Z,TRF_tda69ymp6yqdibx7,f473f9b3-e932-4635-97b2-b946375276f9,entertainment,🎮,,,,8135550655,OPay Digital Services Limited (OPay),TAIWO OREOLUWA AKINPELU,9999910100055432401,,af9340ac-5225-45a7-b0a4-201e61729166,f473f9b3-e932-4635-97b2-b946375276f9
6a2e86d2ebe7cd1e027cf5ba,691ec63d24cf6022a24d9775,Deposit,SUCCESS,2026-06-14T10:47:46.306Z,2026-06-14T10:47:46.306Z,4600000,BANK-TRF,2026-06-14T10:47:45.000Z,090110260614114714812918360020,AUTH_er5v23zmbe,,,Vant,VFD Microfinance Bank Limited,1026459314,,,,,,,
6a2e8981ebe7cd1e027cf732,692f31322dfc48a061640ed7,Withdrawal,SUCCESS,2026-06-14T10:59:13.688Z,2026-06-14T10:59:15.799Z,50000,BANK-TRF,2026-06-14T10:59:13.000Z,TRF_c98ueow7727818e1,0d831806-1a67-4f2a-aa87-2d5d1928cf79,bankFees,🏦,,,,9055485433,OPay Digital Services Limited (OPay),PATRICK NFONOBONG SAMUEL,9999910100057013701,,ac7a0cba-745d-4d2c-9316-12e49f784049,0d831806-1a67-4f2a-aa87-2d5d1928cf79
6a2e946debe7cd1e027cf7a0,691ec63d24cf6022a24d9775,Withdrawal,SUCCESS,2026-06-14T11:45:49.176Z,2026-06-14T11:45:50.146Z,120000,BANK-TRF,2026-06-14T11:45:49.000Z,TRF_g9b26ausso6v54ic,13308770-daed-4524-b954-90c1954ea508,Template_Transportation,🚕,,,,8024357295,Moniepoint MFB,GRACE OLAKUNLE TAIWO,505150100058187901,,9f03de8e-c735-4a64-a6d6-a74c1b842401,13308770-daed-4524-b954-90c1954ea508
6a2fa32167c7815b21fea7c0,691ec63d24cf6022a24d9775,Deposit,SUCCESS,2026-06-15T07:00:49.151Z,2026-06-15T07:00:49.151Z,80000000,BANK-TRF,2026-06-15T07:00:47.000Z,000013260615080037000100927158,AUTH_3st1hrm5nw,,,KENT-ADEBAYO JOHN IYANUOLUWA,Guaranty Trust Bank,0137605007,,,,,,,
6a3110fd0b31e9b2ef78b7c4,693dbac6b7bb1eb7bf94ed2c,Withdrawal,SUCCESS,2026-06-16T09:01:49.378Z,2026-06-16T09:01:51.552Z,4000000,BANK-TRF,2026-06-16T09:01:49.000Z,TRF_mgas3ik7nvzvlmrq,79940b86-c6a8-470e-9eaf-f7386e1c8ec9,books,📚,,,,9124324818,PalmPay,FEMI GABRIEL FASHOLA,110006260616090146100123712601,,fa750439-da7e-42c9-bb9c-bcb692c57ce0,79940b86-c6a8-470e-9eaf-f7386e1c8ec9
6a31666a0b31e9b2ef78b960,69235443db9c0f9697a47d20,Withdrawal,SUCCESS,2026-06-16T15:06:18.087Z,2026-06-16T15:06:20.199Z,3000000,BANK-TRF,2026-06-16T15:06:17.000Z,TRF_tj7fmlmk4jvqies0,82396cdd-4964-47b7-a99b-5b9ac2814d4f,maintenance,🔧,,,,8135550655,OPay Digital Services Limited (OPay),TAIWO OREOLUWA AKINPELU,9999910100134611801,,6c9374cd-1f4c-4bbd-a688-763f2fd83c5d,82396cdd-4964-47b7-a99b-5b9ac2814d4f
6a316a3a0b31e9b2ef78b9be,691ec63d24cf6022a24d9775,Withdrawal,FAILED,2026-06-16T15:22:34.984Z,2026-06-16T15:31:16.445Z,25000000,BANK-TRF,2026-06-16T15:24:36.000Z,TRF_xcq713yerb1g4qmr,5cb109fe-42db-4994-a9d6-39d7f132a4b8,figma,🌈,,,,8145761033,OPay Digital Services Limited (OPay),Fatimoh Motunrayo Omirinde,100039260616152233100135178103,,bd3c1689-e733-41e9-aa13-caa1dfafa75e,5cb109fe-42db-4994-a9d6-39d7f132a4b8
6a31873a0b31e9b2ef78bb5b,691ec63d24cf6022a24d9775,Withdrawal,SUCCESS,2026-06-16T17:26:18.694Z,2026-06-16T17:26:19.638Z,13000000,BANK-TRF,2026-06-16T17:26:18.000Z,TRF_x3y312o03t5cf8ss,7175f463-85bb-4bd2-9dbc-0e353f459e01,figma,🌈,,,,1769357752,Access Bank,FELICIA OREOFE JOHNSON,110006260616172617100139031301,,053639d5-cdc4-4771-a5db-630d96e2d598,7175f463-85bb-4bd2-9dbc-0e353f459e01
6a31a32d0b31e9b2ef78bc6e,691ec63d24cf6022a24d9775,Withdrawal,SUCCESS,2026-06-16T19:25:33.388Z,2026-06-16T19:25:35.558Z,1000000,BANK-TRF,2026-06-16T19:25:33.000Z,TRF_8pmku9vls10x4fcn,9fa32818-b700-4227-a1d6-0a8f36a4354c,fuel,⛽,,,,8101799492,OPay Digital Services Limited (OPay),IYANUOLUWA JOHN ADEBAYO,9999910100142107401,,924cd3da-438e-4871-b6e0-3b05f9f760f7,9fa32818-b700-4227-a1d6-0a8f36a4354c
6a32a37e5a545bb4812610c1,69a5bbdf659708be74a8365c,Withdrawal,SUCCESS,2026-06-17T13:39:10.377Z,2026-06-17T13:39:12.400Z,1000000,BANK-TRF,2026-06-17T13:39:10.000Z,TRF_du0islr5ll68ff51,24bc75fb-9df3-4bb4-83da-a54ca9cd7d50,Laptop screen repair,🚄,,,,8147323999,OPay Digital Services Limited (OPay),JAMES JESUGBEMILEKE KEHINDE,9999910100164820901,For laptop screen repair,b2587f89-5e1d-4e34-a5e6-7da3655cab8d,24bc75fb-9df3-4bb4-83da-a54ca9cd7d50
6a32c4aa5a545bb4812612ed,691ec63d24cf6022a24d9775,Withdrawal,SUCCESS,2026-06-17T16:00:42.347Z,2026-06-17T16:00:44.383Z,500000,BANK-TRF,2026-06-17T16:00:42.000Z,TRF_tfzg0aj5apr89dn4,9acbd832-e3d1-4498-8158-f5e6a4e94721,loan,📉,,,,0125547744,Guaranty Trust Bank,KENTADEBAYO TAIWO OLAWUMI,110006260617160040100168461901,,bedcf473-1647-4467-b04f-84112d3c3d3f,9acbd832-e3d1-4498-8158-f5e6a4e94721
6a32e2175a545bb481261367,691ec63d24cf6022a24d9775,Withdrawal,SUCCESS,2026-06-17T18:06:15.734Z,2026-06-17T18:06:16.700Z,515000,BANK-TRF,2026-06-17T18:06:15.000Z,TRF_zoi5fbbys29zvvvu,17bcda42-58f5-4135-8040-e84798621ae2,figma,🌈,,,,5539749021,Moniepoint MFB,LASTBORN GLOBAL,505150100171967901,,7c7d18a4-82b5-497e-b019-e3536a1e8e6d,17bcda42-58f5-4135-8040-e84798621ae2
6a32e5095a545bb4812613b0,691ec63d24cf6022a24d9775,Withdrawal,SUCCESS,2026-06-17T18:18:49.360Z,2026-06-17T18:18:50.326Z,1500000,BANK-TRF,2026-06-17T18:18:49.000Z,TRF_j8myxpu5x1cicl1z,2059462f-7e3f-4a65-9f25-cd8589c3e865,figma,🌈,,,,8101799492,OPay Digital Services Limited (OPay),IYANUOLUWA JOHN ADEBAYO,9999910100172299101,,b5c1d30c-0ef0-4635-b55c-17ccb795f92a,2059462f-7e3f-4a65-9f25-cd8589c3e865
6a33b4c22c9788969bdb8641,691ec63d24cf6022a24d9775,Withdrawal,SUCCESS,2026-06-18T09:05:06.484Z,2026-06-18T09:05:08.357Z,500000,BANK-TRF,2026-06-18T09:05:06.000Z,TRF_joe9jhw1xeiguq7r,81b849dc-05b5-4659-81cf-bb9bfce6fbcd,loan,📉,,,,8132063446,PalmPay,YETUNDE ESTHER TAIWO,110006260618090503100190564801,,bff09ea2-1acb-420b-802e-a050f69278dc,81b849dc-05b5-4659-81cf-bb9bfce6fbcd
6a33d1092c9788969bdb86ce,6a32a4205a545bb4812610ef,Deposit,SUCCESS,2026-06-18T11:05:45.447Z,2026-06-18T11:05:45.447Z,54030800,BANK-TRF,2026-06-18T11:05:44.000Z,110006260618110526100194413601,AUTH_d6vve0zi7y,,,Paystack,,1017692813,,,,,,,
6a33d60d2c9788969bdb874e,6a32a4205a545bb4812610ef,Withdrawal,SUCCESS,2026-06-18T11:27:09.471Z,2026-06-18T11:27:11.322Z,31337864,BANK-TRF,2026-06-18T11:27:09.000Z,TRF_p1bqo58x8xqg9vc2,c81f6b77-e259-4209-92fc-341b547b37c1,investment,📈,,,,7065546804,OPay Digital Services Limited (OPay),EMMANUEL OLUWAFEMI AYANBODE,9999910100195083701,,b061d5c7-80f0-4ee2-a756-4914a9c4fbf8,c81f6b77-e259-4209-92fc-341b547b37c1
6a3406612c9788969bdb8838,691ec63d24cf6022a24d9775,Withdrawal,SUCCESS,2026-06-18T14:53:21.746Z,2026-06-18T14:53:23.809Z,5000000,BANK-TRF,2026-06-18T14:53:21.000Z,TRF_72dyxwicgj1hvhmw,f08a6774-b449-4860-b185-76ef180d88bd,gift,🎁,,,,8100192727,PalmPay,BLESSING ESTHER IBIDAPO,110006260618145318100201312301,,8f4562f4-3917-499e-8d71-444719ed2891,f08a6774-b449-4860-b185-76ef180d88bd
6a343bb02c9788969bdb8981,692c2e0bc0076069f22e7a0d,Deposit,SUCCESS,2026-06-18T18:40:48.198Z,2026-06-18T18:40:48.198Z,300000,BANK-TRF,2026-06-18T18:40:46.000Z,100004260618184031162983415534,AUTH_vgn0hr77f9,,,ADEDOYIN ROSELINE ADESANYA,OPay Digital Services Limited (OPay),8025110373,,,,,,,
6a34acb1ef8d352f61000c5b,691ec63d24cf6022a24d9775,Withdrawal,SUCCESS,2026-06-19T02:42:57.249Z,2026-06-19T02:42:59.115Z,2020645,BANK-TRF,2026-06-19T02:42:57.000Z,TRF_04apvjcvhysv58k1,ce6635e1-9e83-40f6-ab96-7861787e3b87,Caleb_Leadway,🥂,,,,9854991565,Paystack-Titan,LEADWAYASSURA/ETP25009696 IYANUOLUWA KENTADEBAYO,110006260619024253100216361001,,45c42b46-d9f3-4dd9-bcc8-5213e279915e,ce6635e1-9e83-40f6-ab96-7861787e3b87
6a351df6ef8d352f61000d25,6a32a4205a545bb4812610ef,Withdrawal,SUCCESS,2026-06-19T10:46:14.297Z,2026-06-19T10:46:17.083Z,3500000,BANK-TRF,2026-06-19T10:46:14.000Z,TRF_1depnyh94l05wujc,4d5fc310-64d7-41f1-8e6f-362faf4ac78d,investment,📈,,,,7065546804,OPay Digital Services Limited (OPay),EMMANUEL OLUWAFEMI AYANBODE,9999910100226086801,,7e01440f-19b8-431f-805c-11d885462a6c,4d5fc310-64d7-41f1-8e6f-362faf4ac78d
6a356df7ef8d352f61000dc0,691ec63d24cf6022a24d9775,Withdrawal,SUCCESS,2026-06-19T16:27:35.706Z,2026-06-19T16:27:36.699Z,1940000,BANK-TRF,2026-06-19T16:27:35.000Z,TRF_ar0rr2t6hrg95a8p,768c1b3a-6ea3-40cf-aa04-afd37de0e3e0,figma,🌈,,,,7059548537,OPay Digital Services Limited (OPay),JOSHUA OLAMIDE IBIROGBA,9999910100235594601,,8ac44ea6-0dc1-4f08-8c12-772c0c240202,768c1b3a-6ea3-40cf-aa04-afd37de0e3e0
6a357c6aef8d352f61000e04,691ec63d24cf6022a24d9775,Withdrawal,SUCCESS,2026-06-19T17:29:14.140Z,2026-06-19T17:29:15.115Z,1020000,BANK-TRF,2026-06-19T17:29:14.000Z,TRF_fhmub4yn9fiea84s,a28f78fa-f7e2-46fe-bd22-c05b8ee3288e,figma,🌈,,,,6108627567,OPay Digital Services Limited (OPay),REGDAM COMMUNICATIONS,110006260619172912100237006501,,fb6cf080-6e63-4305-96cb-608a6b1fa36f,a28f78fa-f7e2-46fe-bd22-c05b8ee3288e
6a357cf1ef8d352f61000e4c,691ec63d24cf6022a24d9775,Withdrawal,SUCCESS,2026-06-19T17:31:29.987Z,2026-06-19T17:31:31.909Z,20700000,BANK-TRF,2026-06-19T17:31:29.000Z,TRF_lkyxb3xcfnm7fhqu,a6807877-9c50-432c-9839-b98c0e951341,figma,🌈,,,,8063397513,OPay Digital Services Limited (OPay),WASIU  AKINREMI,9999910100237053701,,87e796df-81a5-4123-87be-d4cf65e2874c,a6807877-9c50-432c-9839-b98c0e951341
6a358eb7ef8d352f61000ea4,691ec63d24cf6022a24d9775,Withdrawal,SUCCESS,2026-06-19T18:47:19.513Z,2026-06-19T18:47:21.567Z,630000,BANK-TRF,2026-06-19T18:47:18.000Z,TRF_i2eaclc8zvztclr9,f8cae40d-6014-4654-8c4f-5ba2f615a9fd,figma,🌈,,,,5820653541,Moniepoint MFB,JUST RITE LIMITED - Justrite Kemta Abeokuta,505150100238902801,,9eaee13a-e78e-4333-8fa4-af5c780a64e3,f8cae40d-6014-4654-8c4f-5ba2f615a9fd
6a359a41ef8d352f61000eef,691ec63d24cf6022a24d9775,Withdrawal,SUCCESS,2026-06-19T19:36:33.227Z,2026-06-19T19:36:35.104Z,410000,BANK-TRF,2026-06-19T19:36:33.000Z,TRF_xdli3pbdcxskwjdp,4e6c2a6c-f9c2-4466-962d-a15697b7c178,figma,🌈,,,,8236632827,Moniepoint MFB,Bestdeal Supermarket,505150100240026701,,4a37bf77-a8cb-4123-99f2-8f4ef20d3877,4e6c2a6c-f9c2-4466-962d-a15697b7c178
6a35ad87ef8d352f61000fc7,6a22e229e4f1fd71697c620c,Deposit,SUCCESS,2026-06-19T20:58:47.547Z,2026-06-19T20:58:47.547Z,155000,BANK-TRF,2026-06-19T20:58:46.000Z,100033260619205815526960702563,AUTH_nto6g465hx,,,ADENIKE BOSE ADENUGA,PalmPay,8154656380,,,,,,,
6a35b506ef8d352f61000fff,691ec63d24cf6022a24d9775,Deposit,SUCCESS,2026-06-19T21:30:46.376Z,2026-06-19T21:30:46.376Z,10000000,BANK-TRF,2026-06-19T21:30:45.000Z,100033260619213022105728838297,AUTH_py57fzb3ae,,,BLESSING ESTHER IBIDAPO,PalmPay,8100192727,,,,,,,
6a3645de521b171c1c7bb143,691ec63d24cf6022a24d9775,Deposit,SUCCESS,2026-06-20T07:48:46.424Z,2026-06-20T07:48:46.424Z,7000000,BANK-TRF,2026-06-20T07:48:44.000Z,100033260620074817660788195311,AUTH_0z30cabnk1,,,BLESSING ESTHER IBIDAPO,PalmPay,8100192727,,,,,,,
6a3662ec521b171c1c7bb14b,692c2e0bc0076069f22e7a0d,Deposit,SUCCESS,2026-06-20T09:52:44.435Z,2026-06-20T09:52:44.435Z,150000,BANK-TRF,2026-06-20T09:52:43.000Z,100004260620095213163112384211,AUTH_2frrfxkh7r,,,ADEDOYIN ROSELINE ADESANYA,OPay Digital Services Limited (OPay),8025110373,,,,,,,
6a36902b521b171c1c7bb21a,692c2e0bc0076069f22e7a0d,Withdrawal,SUCCESS,2026-06-20T13:05:47.377Z,2026-06-20T13:05:49.480Z,200000,BANK-TRF,2026-06-20T13:05:47.000Z,TRF_kwz4g7l6o9ay3d9o,6bb03f4b-b0fe-4364-ab83-d7cc1d1769a2,books,📚,,,,8025110373,OPay Digital Services Limited (OPay),ADEDOYIN ROSELINE ADESANYA,110006260620130544100262591501,,2ce306c5-d0e8-4b14-97ea-53ee7be5a1fe,6bb03f4b-b0fe-4364-ab83-d7cc1d1769a2
6a36b8bc521b171c1c7bb68d,69590f99498a54ab68cf951a,Withdrawal,SUCCESS,2026-06-20T15:58:52.667Z,2026-06-20T15:58:54.707Z,400000,BANK-TRF,2026-06-20T15:58:52.000Z,TRF_h0ym2niqbdvemdom,7378ca55-6c86-4952-a7da-1e387c206e5a,cleaning,🧼,,,,9161068404,OPay Digital Services Limited (OPay),BUKUNMI EBENEZER KEHINDE,110006260620155849100267176101,,be742c34-f5b7-4947-a5e3-784617ca73f7,7378ca55-6c86-4952-a7da-1e387c206e5a
6a36bfa3521b171c1c7bb732,691ec63d24cf6022a24d9775,Withdrawal,SUCCESS,2026-06-20T16:28:19.353Z,2026-06-20T16:28:21.390Z,17600000,BANK-TRF,2026-06-20T16:28:19.000Z,TRF_8dhokr58k1fjcjmt,173475f9-ae8d-4880-b0eb-6ad550497991,gift,🎁,,,,8137250580,OPay Digital Services Limited (OPay),ROHEEMOT TEMITOPE AYANSOLA,110006260620162817100267895701,Phone for daddy ,f187df3a-0606-4ba1-a106-9e2b4ce5a51a,173475f9-ae8d-4880-b0eb-6ad550497991
6a36c379521b171c1c7bb7b3,691ec63d24cf6022a24d9775,Withdrawal,SUCCESS,2026-06-20T16:44:41.230Z,2026-06-20T16:44:43.098Z,1000000,BANK-TRF,2026-06-20T16:44:41.000Z,TRF_tjqvkonyz9ocepxx,0e8b57a0-1737-4dda-8563-1a78114900c8,figma,🌈,,,,5662269850,Moniepoint MFB,POS Transfer-ALADE RAMOTA IDOWU,505150100268269201,,94a935f0-cddb-4296-9a01-ff910a74494e,0e8b57a0-1737-4dda-8563-1a78114900c8
6a36e4d5521b171c1c7bb7fd,691ec63d24cf6022a24d9775,Withdrawal,SUCCESS,2026-06-20T19:07:01.376Z,2026-06-20T19:07:03.336Z,150000,BANK-TRF,2026-06-20T19:07:01.000Z,TRF_6h75ejzqruaalwel,956d741c-bb18-4d37-b1c5-75e9a7a833b6,transportation,🚌,,,,7079444748,OPay Digital Services Limited (OPay),ANAS  BUHARI,110006260620190659100271682301,,b819bd19-e3b6-48af-992d-cbda719f2dcf,956d741c-bb18-4d37-b1c5-75e9a7a833b6
6a36fa15521b171c1c7bb8f3,692c2e0bc0076069f22e7a0d,Withdrawal,SUCCESS,2026-06-20T20:37:41.700Z,2026-06-20T20:37:43.712Z,50000,BANK-TRF,2026-06-20T20:37:41.000Z,TRF_nypci49k0cdc687k,c320bd35-cf69-4906-b6bb-8c77a9cc5697,donation,🙏,,,,8025110373,OPay Digital Services Limited (OPay),ADEDOYIN ROSELINE ADESANYA,110006260620203740100273793101,,40c91754-8aa4-4553-9330-2bc8c96ca564,c320bd35-cf69-4906-b6bb-8c77a9cc5697
6a372686521b171c1c7bba38,692f31322dfc48a061640ed7,Withdrawal,SUCCESS,2026-06-20T23:47:18.820Z,2026-06-20T23:47:21.154Z,200000,BANK-TRF,2026-06-20T23:47:18.000Z,TRF_mpe5x0r8yl142d7s,43723241-bc40-42c9-a40b-123e17b4c123,clothing,👕,,,,9055485433,OPay Digital Services Limited (OPay),PATRICK NFONOBONG SAMUEL,110006260620234715100278009001,,60bdf0a4-44d3-47c4-8265-4abe06a99d6c,43723241-bc40-42c9-a40b-123e17b4c123
6a37c9a516f1d3a942808f1c,6a32a4205a545bb4812610ef,Deposit,SUCCESS,2026-06-21T11:23:17.162Z,2026-06-21T11:23:17.162Z,100000000,BANK-TRF,2026-06-21T11:23:15.000Z,100004260621112256163204558436,AUTH_6zhvifh535,,,RAMON KOLAWOLE SALAU,OPay Digital Services Limited (OPay),8180531038,,,,,,,
6a37e57916f1d3a942808f6d,691ec63d24cf6022a24d9775,Withdrawal,SUCCESS,2026-06-21T13:22:01.198Z,2026-06-21T13:22:01.198Z,2000000,In-App-TRF,,698c85ff6c18ad0c100e8e5c,2eb8017b-d16d-4ed0-b12a-e89e8a928c78,Buy car,💎,,,,,,,,,,
6a37e58716f1d3a942808fa3,6932d190429d8b20969ecd47,Deposit,SUCCESS,2026-06-21T13:22:15.389Z,2026-06-21T13:23:48.977Z,50000000,CARD,Sun Jun 21 2026 13:23:48 GMT+0000 (Coordinated Universal Time),1782048135620,,,,,,,,,,,Monthly bill,,
6a37e59a16f1d3a942808fb6,691ec63d24cf6022a24d9775,Withdrawal,SUCCESS,2026-06-21T13:22:34.770Z,2026-06-21T13:22:36.847Z,2000000,BANK-TRF,2026-06-21T13:22:34.000Z,TRF_q92j5u2ws4r4u9z7,82b261ff-478a-4031-a8fc-2c74a0c7f2eb,fuel,⛽,,,,8101799492,OPay Digital Services Limited (OPay),IYANUOLUWA JOHN ADEBAYO,110006260621132232100290869501,,fb3ddc66-913c-4987-8ae8-011163bc3a7f,82b261ff-478a-4031-a8fc-2c74a0c7f2eb
6a37ef6016f1d3a942809259,691cc13665dffc4250474b6a,Deposit,SUCCESS,2026-06-21T14:04:16.235Z,2026-06-21T14:04:16.235Z,3000000,BANK-TRF,2026-06-21T14:04:15.000Z,100004260621140406163216953957,AUTH_0vvv5p7xvo,,,GOODNESS AYOBAMI TAIWO,OPay Digital Services Limited (OPay),8131655804,,,,,,,
6a38273816f1d3a9428092c1,691ec63d24cf6022a24d9775,Withdrawal,SUCCESS,2026-06-21T18:02:32.199Z,2026-06-21T18:02:34.608Z,200000,BANK-TRF,2026-06-21T18:02:32.000Z,TRF_0os2enmy5infl8qw,2eaf1f60-9c6e-4c68-86af-3cacc1fe5828,loan,📉,,,,7052664930,OPay Digital Services Limited (OPay),REMILEKUN FUNMILAYO ANDREW,110006260621180229100297593901,,d11cae2e-a15a-44ea-96d3-7a4bc45a35c5,2eaf1f60-9c6e-4c68-86af-3cacc1fe5828
6a3849bb16f1d3a942809409,692c2e0bc0076069f22e7a0d,Deposit,SUCCESS,2026-06-21T20:29:47.439Z,2026-06-21T20:29:47.439Z,200000,BANK-TRF,2026-06-21T20:29:46.000Z,100004260621202938163252413869,AUTH_oxusv8pgsj,,,ADEDOYIN ROSELINE ADESANYA,OPay Digital Services Limited (OPay),8025110373,,,,,,,
6a38557316f1d3a942809577,691ec63d24cf6022a24d9775,Deposit,SUCCESS,2026-06-21T21:19:47.644Z,2026-06-21T21:19:47.644Z,2900000,BANK-TRF,2026-06-21T21:19:46.000Z,090110260621221926633993172657,AUTH_jo8te8u594,,,Vant,VFD Microfinance Bank Limited,1026459314,,,,,,,
6a38572a16f1d3a94280971f,6932d190429d8b20969ecd47,Withdrawal,SUCCESS,2026-06-21T21:27:06.240Z,2026-06-21T21:27:07.214Z,3500000,BANK-TRF,2026-06-21T21:27:06.000Z,TRF_oxlbwnsm6nj2beru,27fedc7b-fe50-4752-80b8-aebf1e5ee76b,home,🏚️,,,,0459808836,Guaranty Trust Bank,UMOH ESTHER ENOBONG,110006260621212705100302482601,,6f784b12-4114-4147-9af5-e95e215dbb76,27fedc7b-fe50-4752-80b8-aebf1e5ee76b
6a38a33156744cae3101a31b,69235443db9c0f9697a47d20,Withdrawal,SUCCESS,2026-06-22T02:51:29.284Z,2026-06-22T02:51:32.281Z,4950000,BANK-TRF,2026-06-22T02:51:29.000Z,TRF_3vpwhk5b2sn6zmeg,8e0854c0-b6aa-4df3-9df7-e65fb41db8dc,bankFees,🏦,,,,8135550655,OPay Digital Services Limited (OPay),TAIWO OREOLUWA AKINPELU,110006260622025126100306192801,,3b246901-0033-4be2-a3e5-e9f20d7079f4,8e0854c0-b6aa-4df3-9df7-e65fb41db8dc
6a392a9b56744cae3101a877,691ec63d24cf6022a24d9775,Withdrawal,SUCCESS,2026-06-22T12:29:15.471Z,2026-06-22T12:29:17.392Z,1500000,BANK-TRF,2026-06-22T12:29:15.000Z,TRF_csng0ntb7dfmvk93,2faf2bc7-0420-4d38-9579-f4b89f6048af,loan,📉,,,,0125547744,Guaranty Trust Bank,KENTADEBAYO TAIWO OLAWUMI,110006260622122914100318787401,,a6e40137-c0eb-41f0-ba2c-8b813dcc665b,2faf2bc7-0420-4d38-9579-f4b89f6048af
6a39336156744cae3101a903,6a26d519648daaea32bfa659,Withdrawal,SUCCESS,2026-06-22T13:06:41.202Z,2026-06-22T13:06:42.214Z,500000,BANK-TRF,2026-06-22T13:06:41.000Z,TRF_w3ropy1phqyq7jdy,52f488b7-2ca2-4910-a5c3-e55cd73c695d,Market Food runs,📌,,,,8156431310,OPay Digital Services Limited (OPay),ELIJAH OPEYEMI BABALOLA,9999910100319746801,Stickers,f68a4bc3-70b1-4273-a9f2-14c040c04f4d,52f488b7-2ca2-4910-a5c3-e55cd73c695d
6a394bbbd1c13baa4ce4469e,6a26d519648daaea32bfa659,Withdrawal,SUCCESS,2026-06-22T14:50:35.772Z,2026-06-22T14:50:36.799Z,870000,BANK-TRF,2026-06-22T14:50:35.000Z,TRF_5xv3hj7drdyfuiul,4bc76abb-8ccd-4185-a208-4c4ddeb3563d,Market Food runs,📌,,,,9004260897,Guaranty Trust Bank,SQUAD VANGUARD  PHARMACY LTD,110006260622145028100322391001,For Mamait Drug,89097ced-ab8d-44fe-9062-ac69c8d4b1f9,4bc76abb-8ccd-4185-a208-4c4ddeb3563d
6a395ca4d1c13baa4ce44736,691ec63d24cf6022a24d9775,Withdrawal,SUCCESS,2026-06-22T16:02:44.983Z,2026-06-23T10:18:39.024Z,290000,BANK-TRF,2026-06-22T16:02:44.000Z,TRF_ucq5emp53pflygi5,2f293c26-823b-49c7-8d0a-5b98194121b2,loan,📉,,,,6116735775,OPay Digital Services Limited (OPay),MEDBASE PHARMACY AND VARIETY LIMITED,110006260622160243100324154201,,622bcdfc-290d-4436-b563-41b1c8dcaac5,2f293c26-823b-49c7-8d0a-5b98194121b2
6a395dfad1c13baa4ce4474d,6a26d519648daaea32bfa659,Deposit,SUCCESS,2026-06-22T16:08:26.801Z,2026-06-22T16:08:26.801Z,800000,BANK-TRF,2026-06-22T16:08:25.000Z,100004260622160814163312288564,AUTH_wu5k99485s,,,TESTIMONY MORENIKE BANKOLE,OPay Digital Services Limited (OPay),8068726532,,,,,,,
6a395ef7d1c13baa4ce447a9,691ec63d24cf6022a24d9775,Withdrawal,SUCCESS,2026-06-22T16:12:39.663Z,2026-06-23T10:20:21.918Z,100000,BANK-TRF,2026-06-22T16:12:39.000Z,TRF_o5d8c9dpo0wtfpso,3e2c5e75-f6ac-4db4-8e9a-9900b2bfb4fa,loan,📉,,,,7015810889,OPay Digital Services Limited (OPay),FATIMO AJIKE TAIWO,9999910100324377001,,5e4f8856-79aa-465b-b824-9362f5bff3f3,3e2c5e75-f6ac-4db4-8e9a-9900b2bfb4fa
6a39605e501a94d0e4145ea8,691ec63d24cf6022a24d9775,Withdrawal,SUCCESS,2026-06-22T16:18:38.462Z,2026-06-23T10:22:12.425Z,350000,BANK-TRF,2026-06-22T16:18:38.000Z,TRF_z7v2auac6itcqnqa,f978ce0e-1125-45ae-b554-8b098573d64d,loan,📉,,,,5873771557,Moniepoint MFB,HONEYSTUFF GLOBAL LIMITED - Honeystuff global limited,505150100324519501,,c275da76-ecfa-41f4-8f73-55f58b672688,f978ce0e-1125-45ae-b554-8b098573d64d
6a396918501a94d0e4145f85,6a32a4205a545bb4812610ef,Withdrawal,SUCCESS,2026-06-22T16:55:52.283Z,2026-06-23T10:27:24.177Z,100000,BANK-TRF,2026-06-22T16:55:52.000Z,TRF_eepuzx4m3n4pffzq,73cc7344-835b-47f6-a06f-ac697600051b,internet,🌐,,,,8101799492,OPay Digital Services Limited (OPay),IYANUOLUWA JOHN ADEBAYO,9999910100325350501,,e1b851d8-7d44-483c-ab0e-7e60d7556296,73cc7344-835b-47f6-a06f-ac697600051b
6a3978a4501a94d0e414603e,692c2e0bc0076069f22e7a0d,Withdrawal,PENDING,2026-06-22T18:02:12.541Z,2026-06-22T18:02:12.541Z,200000,BANK-TRF,,TRF_qrav3sdjze2mqrjv,6a397880501a94d0e4146000,,,,,,,,,,,d9d936fc-9fe8-438b-a648-82fde58d4aaa,e4d69db3-3de0-464e-8045-403667dfb577
6a39a840501a94d0e414614f,6a26d519648daaea32bfa659,Withdrawal,SUCCESS,2026-06-22T21:25:20.577Z,2026-06-22T21:25:21.566Z,400000,BANK-TRF,2026-06-22T21:25:20.000Z,TRF_rkp1yy8gljwxo6ew,67d675a7-c111-4af3-8b59-a71423244f36,Workmanship deals,📝,,,,8068726532,OPay Digital Services Limited (OPay),TESTIMONY MORENIKE BANKOLE,9999910100331730001,Refund,b7a42e52-1be7-4642-9166-58b6cb66f3b6,67d675a7-c111-4af3-8b59-a71423244f36
6a3a1c80501a94d0e4146265,692c2e0bc0076069f22e7a0d,Withdrawal,SUCCESS,2026-06-23T05:41:20.815Z,2026-06-23T10:35:44.827Z,200000,BANK-TRF,2026-06-23T05:41:20.000Z,TRF_6ll9ufe3ob19cqeu,9b6ae1d6-b6ad-4fcc-af32-0c274aa0a622,beauty,💅,,,,8025110373,OPay Digital Services Limited (OPay),ADEDOYIN ROSELINE ADESANYA,9999910100338092001,,b904f73d-59a7-4a33-8524-c0f2da61524a,9b6ae1d6-b6ad-4fcc-af32-0c274aa0a622
6a3a3e81501a94d0e4146418,6a26d519648daaea32bfa659,Withdrawal,SUCCESS,2026-06-23T08:06:25.745Z,2026-06-23T08:06:26.809Z,1705000,BANK-TRF,2026-06-23T08:06:25.000Z,TRF_9znl0rvphoyjjxy0,ed8a41e6-03a9-4634-a8f4-cb0056559e78,Gas,⭐,,,,5503531201,Moniepoint MFB,AA RANO NIGERIA LIMITED - AA RANO LPG S S,505150100341424001,For 11kg Gas ,8acd57c1-4fd7-4dd0-be44-22ab880b8927,ed8a41e6-03a9-4634-a8f4-cb0056559e78
6a3a4752501a94d0e4146460,6a26d519648daaea32bfa659,Withdrawal,FAILED,2026-06-23T08:44:02.326Z,2026-06-23T08:44:02.326Z,4300000,BANK-TRF,,TRF_5z5tdagy5xskel8f,6a3916fb56744cae3101a711,,,,,,,,,,For Drinks and Water,0cc570fc-ea7f-4939-a8e4-6764fbd893b4,9c8930f8-53fa-4814-8688-541dcd98e7e3
6a3a47ed501a94d0e4146507,6a26d519648daaea32bfa659,Withdrawal,SUCCESS,2026-06-23T08:46:37.110Z,2026-06-23T10:46:39.798Z,4300000,BANK-TRF,2026-06-23T08:46:36.000Z,TRF_tv2vt0u72kv1zicr,0286ec31-51e3-4133-b817-5d0281f3d193,Drinks and sweet,🥂,,,,5477130347,Moniepoint MFB,ABOSEDE OLADIPUPO-EKERIN,505150100342542301,For Drinks and Water,3acd219d-9c7b-42c3-8b15-fdfe54897908,0286ec31-51e3-4133-b817-5d0281f3d193
6a3a5792501a94d0e414674b,6a26d519648daaea32bfa659,Withdrawal,SUCCESS,2026-06-23T09:53:22.461Z,2026-06-23T09:53:23.471Z,900000,BANK-TRF,2026-06-23T09:53:22.000Z,TRF_tdx0zl023s4ooopl,0b4990d3-2bd2-4b58-94b3-abb8b88433b4,Market Food runs,📌,,,,6142124610,OPay Digital Services Limited (OPay),BIOLA MARY SHOTINOYE,110006260623095319100344497701,Packaging items ,c8bb3aee-1372-45b5-a755-4519ba7a946e,0b4990d3-2bd2-4b58-94b3-abb8b88433b4
6a3a5bc9501a94d0e4146876,695845161bafe7a105a68ceb,Withdrawal,SUCCESS,2026-06-23T10:11:21.919Z,2026-06-23T10:11:21.919Z,400000,In-App-TRF,,69596b78cbdf6a5cb1bd0702,a1003190-7bf1-4f7c-a5b8-d90e1ce4e4fd,SAVINGS ,💰,,,,,,,,,,
6a3a5cc7501a94d0e41468ee,695845161bafe7a105a68ceb,Withdrawal,SUCCESS,2026-06-23T10:15:35.461Z,2026-06-23T12:28:51.189Z,400000,BANK-TRF,2026-06-23T10:15:35.000Z,TRF_ezfc46nsf83hf8t3,9a9e085a-da3e-40c8-b403-818f9e67ee10,bankFees,🏦,,,,8138622750,Moniepoint MFB,PRAISE AYOMIDE OMOLAOLU,505150100345169301,,25417096-c114-475e-8303-26c35c2ae62a,9a9e085a-da3e-40c8-b403-818f9e67ee10
6a3a62c44cd8b8a64ae32a8d,6a26d519648daaea32bfa659,Withdrawal,SUCCESS,2026-06-23T10:41:08.857Z,2026-06-23T10:41:12.742Z,5750000,BANK-TRF,2026-06-23T10:41:08.000Z,TRF_4a1il4j3rgpx1igp,0b874917-0481-4c16-aa05-9c4cfbcf28c6,Market Food runs,📌,,,,6425049730,OPay Digital Services Limited (OPay),FOLASHADE BOLANLE AHMADU,110006260623104107100345871601,Rice,aa49de1f-b2d6-4920-9a38-7b90fc8526bd,0b874917-0481-4c16-aa05-9c4cfbcf28c6
6a3a639f4cd8b8a64ae32ad6,6a26d519648daaea32bfa659,Withdrawal,SUCCESS,2026-06-23T10:44:47.248Z,2026-06-23T10:44:48.230Z,5000000,BANK-TRF,2026-06-23T10:44:47.000Z,TRF_ktyju8bb145pb062,9da86059-6ca7-4ca5-8af5-58076a76a184,Market Food runs,📌,,,,6425049730,OPay Digital Services Limited (OPay),FOLASHADE BOLANLE AHMADU,110006260623104445100345965601,For Chicken,3166db55-e478-4b67-a7fd-dd96754b31f0,9da86059-6ca7-4ca5-8af5-58076a76a184
6a3a6b004cd8b8a64ae32cbf,6a26d519648daaea32bfa659,Withdrawal,SUCCESS,2026-06-23T11:16:16.725Z,2026-06-23T11:16:17.704Z,4300000,BANK-TRF,2026-06-23T11:16:16.000Z,TRF_pkcp2fczyrs63kag,7171e347-2c05-41f7-bd0a-2acde68525ce,Market Food runs,📌,,,,9727148287,Paystack-Titan,PAYSTACK CHECKOUT,110006260623111614100346814001,,1c5a02e1-dea7-495c-86c3-b42f97364790,7171e347-2c05-41f7-bd0a-2acde68525ce
6a3a6ef7ca166910b572d3ca,691ec63d24cf6022a24d9775,Withdrawal,SUCCESS,2026-06-23T11:33:11.471Z,2026-06-23T11:33:15.913Z,11500000,BANK-TRF,2026-06-23T11:33:11.000Z,TRF_dh2zj9qqz1s3qyes,0f15f177-9d65-4a91-8ef0-30349cbff730,AYAF MAINTENANCE ,🔌,,,,9034190663,OPay Digital Services Limited (OPay),DAUDA OMOTOYOSI SANYAOLU,9999910100347263001,,1125572a-2da6-476f-9ba1-a86b406ec253,0f15f177-9d65-4a91-8ef0-30349cbff730
6a3a6f8eca166910b572d475,691ec63d24cf6022a24d9775,Withdrawal,SUCCESS,2026-06-23T11:35:42.517Z,2026-06-23T11:35:46.215Z,450000,BANK-TRF,2026-06-23T11:35:42.000Z,TRF_fzoga544sgapgfc8,6189acf1-ac82-4128-90bc-b8a8341f7500,loan,📉,,,,9130279870,OPay Digital Services Limited (OPay),JIMOH LANRE ODEDEYI,9999910100347346601,,411fde3a-d4a0-49a1-9eb2-df8f0f14ab40,6189acf1-ac82-4128-90bc-b8a8341f7500
6a3a853c901666e7413d3fc8,691ec63d24cf6022a24d9775,Withdrawal,SUCCESS,2026-06-23T13:08:12.565Z,2026-06-23T13:08:14.561Z,1500000,BANK-TRF,2026-06-23T13:08:12.000Z,TRF_r941nmo6ihgmtq7y,6df612f3-7bfc-4276-94a3-a5a6ae2b90fe,loan,📉,,,,9151753052,OPay Digital Services Limited (OPay),MARYAM ABIOLA OGUNSORO,9999910100350084801,,be7b5574-799b-4ec4-b316-d7a622d323bc,6df612f3-7bfc-4276-94a3-a5a6ae2b90fe
6a3aac51901666e7413d406e,691ec63d24cf6022a24d9775,Withdrawal,SUCCESS,2026-06-23T15:54:57.289Z,2026-06-23T15:54:59.317Z,1000000,BANK-TRF,2026-06-23T15:54:57.000Z,TRF_1ipufbzg005thyd7,4f62e402-828e-46fe-a427-ee31d6a88d7e,AYAF MAINTENANCE ,🔌,,,,8101799492,OPay Digital Services Limited (OPay),IYANUOLUWA JOHN ADEBAYO,9999910100354929601,,3a168295-e3c0-4565-9e5f-89bec6a8806b,4f62e402-828e-46fe-a427-ee31d6a88d7e
6a3aacb9901666e7413d40d7,691ec63d24cf6022a24d9775,Withdrawal,SUCCESS,2026-06-23T15:56:41.004Z,2026-06-23T15:56:43.033Z,100000,BANK-TRF,2026-06-23T15:56:40.000Z,TRF_xesitb2ruvomv6so,1efd9b95-7c0e-4c08-b103-6ce0dd32d3cd,AYAF MAINTENANCE ,🔌,,,,8101799492,OPay Digital Services Limited (OPay),IYANUOLUWA JOHN ADEBAYO,9999910100354980501,,8834da82-a5b6-4ab2-b0c4-42918c5083bd,1efd9b95-7c0e-4c08-b103-6ce0dd32d3cd
6a3ab7bd901666e7413d4210,6a26d519648daaea32bfa659,Withdrawal,SUCCESS,2026-06-23T16:43:41.953Z,2026-06-23T16:43:43.952Z,620000,BANK-TRF,2026-06-23T16:43:41.000Z,TRF_qvvc1wx4tni34bz5,c1c2c6aa-82c9-40af-b060-6e19d8dfcc52,Gas,⭐,,,,6116444167,OPay Digital Services Limited (OPay),24hours Restaurant (Oke Ilewo),110006260623164339100356382001,,e5ea4921-22e9-4b07-a93b-d19bdfd3cb11,c1c2c6aa-82c9-40af-b060-6e19d8dfcc52
6a3adce4901666e7413d427a,6932d190429d8b20969ecd47,Withdrawal,SUCCESS,2026-06-23T19:22:12.435Z,2026-06-23T19:22:13.409Z,5000000,BANK-TRF,2026-06-23T19:22:12.000Z,TRF_81kdeym4gohnvp8x,1150d8c6-8ff5-4fe6-8d28-23e06dc38e18,groceries,🛒,,,,0151337861,Guaranty Trust Bank,ONUH EMMANUEL CHIBIKE,110006260623192210100361378801,,53af008e-b266-4bba-bb0b-0b8084579c67,1150d8c6-8ff5-4fe6-8d28-23e06dc38e18
6a3aee7f901666e7413d432b,6a32a4205a545bb4812610ef,Withdrawal,SUCCESS,2026-06-23T20:37:19.557Z,2026-06-23T20:37:21.658Z,6000000,BANK-TRF,2026-06-23T20:37:19.000Z,TRF_3x4z0mwfm0wve22n,74d1da0c-fb10-4710-b1c3-826f6a6ff3fd,investment,📈,,,,7065546804,OPay Digital Services Limited (OPay),EMMANUEL OLUWAFEMI AYANBODE,9999910100363304601,,ecda29bc-17d0-4755-9e21-e330e912e846,74d1da0c-fb10-4710-b1c3-826f6a6ff3fd
6a3b94e2901666e7413d4418,6a26d519648daaea32bfa659,Withdrawal,SUCCESS,2026-06-24T08:27:14.089Z,2026-06-24T08:27:15.048Z,1000000,BANK-TRF,2026-06-24T08:27:13.000Z,TRF_uf61gy798shwfgwr,b0445265-8be2-4d56-a5e7-ee61a646ea60,Market Food runs,📌,,,,7010242696,OPay Digital Services Limited (OPay),SAMUEL OLUWASEUN OLA,9999910100373691601,Moneyyy,c1853dd9-627d-4370-aaea-fb23f447116a,b0445265-8be2-4d56-a5e7-ee61a646ea60
6a3b9c2a901666e7413d4488,6a26d519648daaea32bfa659,Withdrawal,SUCCESS,2026-06-24T08:58:18.401Z,2026-06-24T08:58:19.391Z,300000,BANK-TRF,2026-06-24T08:58:18.000Z,TRF_jgmky1qb5qxd9r75,295106b8-a755-41ef-a3b2-a7e24e99c441,Market Food runs,📌,,,,7067112144,OPay Digital Services Limited (OPay),SULEIMAN  ABUBAKAR,9999910100374416401,For Dry pepper,ccee1838-89bb-4048-8a10-811a38f52c16,295106b8-a755-41ef-a3b2-a7e24e99c441
6a3b9fa3901666e7413d44d0,6a26d519648daaea32bfa659,Withdrawal,SUCCESS,2026-06-24T09:13:07.166Z,2026-06-24T09:13:09.162Z,1110000,BANK-TRF,2026-06-24T09:13:07.000Z,TRF_d4ro632bccnuvvjp,d53a43d4-e3a8-4574-98ba-1d3dbd05dc29,Market Food runs,📌,,,,5031032418,Moniepoint MFB,JAMARKEET GLOBAL VENTURES -,505150100374832701,Sweets,56e292d4-47a7-4565-8134-1ca27194ac62,d53a43d4-e3a8-4574-98ba-1d3dbd05dc29
6a3ba284901666e7413d4556,6a26d519648daaea32bfa659,Withdrawal,SUCCESS,2026-06-24T09:25:24.285Z,2026-06-24T09:25:26.289Z,2400000,BANK-TRF,2026-06-24T09:25:24.000Z,TRF_bq3x5p2e1b5e83mo,90b5ec48-eda2-4f52-bcbc-ea8c943248e6,Market Food runs,📌,,,,6425049730,OPay Digital Services Limited (OPay),FOLASHADE BOLANLE AHMADU,110006260624092522100375165701,Groundnut oil,5042a5b8-9cdb-454c-9674-11faa7252790,90b5ec48-eda2-4f52-bcbc-ea8c943248e6
6a3ba30b901666e7413d45f7,6a26d519648daaea32bfa659,Withdrawal,SUCCESS,2026-06-24T09:27:39.705Z,2026-06-24T09:27:41.719Z,700000,BANK-TRF,2026-06-24T09:27:39.000Z,TRF_ax38yfterjd8q5ks,2a6263eb-64f3-4a96-bf31-2f7809d4ad41,Drinks and sweet,🥂,,,,8168609763,OPay Digital Services Limited (OPay),COVENANT PIPELOLUWA OLUWAYINKA,9999910100375223101,For pepper,aa67c736-b7ba-4cab-b0ec-8b4e71e7c638,2a6263eb-64f3-4a96-bf31-2f7809d4ad41
6a3ba34d901666e7413d4656,6a26d519648daaea32bfa659,Withdrawal,SUCCESS,2026-06-24T09:28:45.756Z,2026-06-24T09:28:47.706Z,350000,BANK-TRF,2026-06-24T09:28:45.000Z,TRF_cb5hxe1bryqkmq0x,4dd805be-86a5-49c1-a627-1e3eec8c2dcc,Market Food runs,📌,,,,8168609763,OPay Digital Services Limited (OPay),COVENANT PIPELOLUWA OLUWAYINKA,9999910100375251001,For pepper,25b7217a-6d7f-46ad-b257-bee0b93a9fd3,4dd805be-86a5-49c1-a627-1e3eec8c2dcc
6a3ba50e901666e7413d46e4,6a26d519648daaea32bfa659,Withdrawal,SUCCESS,2026-06-24T09:36:14.936Z,2026-06-24T09:36:16.975Z,240000,BANK-TRF,2026-06-24T09:36:14.000Z,TRF_i76wtcgqmca66zaj,73fee109-8cca-4379-8627-6960dcb2952e,Gas,⭐,,,,8142831747,OPay Digital Services Limited (OPay),ABIODUN  OLADIPUPO,9999910100375444201,For pepper,35a44a44-fa6e-47e2-ac8a-64b50c49133b,73fee109-8cca-4379-8627-6960dcb2952e
6a3bf390a244dc9bc0e9a79a,6a26d519648daaea32bfa659,Withdrawal,SUCCESS,2026-06-24T15:11:12.019Z,2026-06-24T15:11:12.999Z,510000,BANK-TRF,2026-06-24T15:11:11.000Z,TRF_3mv8v9f79smbwxqy,b9180ec9-3cb5-4c77-b147-6d0e74d13a30,Workmanship deals,📝,,,,7010242696,OPay Digital Services Limited (OPay),SAMUEL OLUWASEUN OLA,9999910100384739901,For withdrawal of Money,e1f48923-019f-487a-8d81-91b288b7cc37,b9180ec9-3cb5-4c77-b147-6d0e74d13a30
6a3c12d1a244dc9bc0e9a832,691ec63d24cf6022a24d9775,Withdrawal,SUCCESS,2026-06-24T17:24:33.226Z,2026-06-24T17:24:35.047Z,1000000,BANK-TRF,2026-06-24T17:24:33.000Z,TRF_8ay3mom2nd0aqrzj,6d6c300e-d5ef-4f51-b39f-193b5fde3a56,loan,📉,,,,8141797322,OPay Digital Services Limited (OPay),OLAWALE MATTHEW FALOYIN,9999910100387816101,,3dac9c0a-c5a9-4bd3-8398-0fa49cd7aa73,6d6c300e-d5ef-4f51-b39f-193b5fde3a56
6a3c1d1ea244dc9bc0e9a8b5,691ec63d24cf6022a24d9775,Withdrawal,SUCCESS,2026-06-24T18:08:30.111Z,2026-06-24T18:08:51.447Z,820000,BANK-TRF,2026-06-24T18:08:29.000Z,TRF_7mz411n5b9n3yr7d,5ebe861c-d406-4f3b-a3ab-49915dbf5248,loan,📉,,,,6108627567,OPay Digital Services Limited (OPay),REGDAM COMMUNICATIONS,110006260624180828100388809501,,4427c3e4-b851-48b2-a5c8-4ddeaffce26e,5ebe861c-d406-4f3b-a3ab-49915dbf5248
6a3c2764a244dc9bc0e9ac7c,691ec63d24cf6022a24d9775,Withdrawal,SUCCESS,2026-06-24T18:52:20.102Z,2026-06-24T18:52:22.210Z,1450000,BANK-TRF,2026-06-24T18:52:19.000Z,TRF_1evl256xv2kc6ibw,9c79d227-82e8-4792-a632-b596b25f3c5e,AYAF MAINTENANCE ,🔌,,,,9034190663,OPay Digital Services Limited (OPay),DAUDA OMOTOYOSI SANYAOLU,9999910100389818901,,53150c2a-6042-41b0-bb26-cef97054f693,9c79d227-82e8-4792-a632-b596b25f3c5e
6a3c2fd6a244dc9bc0e9ae31,691da422142342a5c3cf0c93,Withdrawal,SUCCESS,2026-06-24T19:28:22.391Z,2026-06-24T19:28:24.448Z,3650000,BANK-TRF,2026-06-24T19:28:22.000Z,TRF_lzo23o0ql8xbmecp,29c44969-607d-4874-99ea-b3a269ba78e9,Chair,📷,,,,7067744556,OPay Digital Services Limited (OPay),OLAYINKA SUSAN ODESOLA,9999910100390653801,,6bc65bc8-4a57-486d-9dac-e547dfd08516,29c44969-607d-4874-99ea-b3a269ba78e9
6a3c3077a244dc9bc0e9aec4,691ec63d24cf6022a24d9775,Withdrawal,SUCCESS,2026-06-24T19:31:03.489Z,2026-06-24T19:31:05.559Z,1500000,BANK-TRF,2026-06-24T19:31:03.000Z,TRF_6qr9x09dq1qm0brh,c251ff52-e5dd-4568-856d-7ff888675721,fuel,⛽,,,,8101799492,OPay Digital Services Limited (OPay),IYANUOLUWA JOHN ADEBAYO,9999910100390715501,,12416c95-5ca1-40f5-ba8f-6c27d10c3165,c251ff52-e5dd-4568-856d-7ff888675721
6a3c3455a244dc9bc0e9af10,691ec63d24cf6022a24d9775,Withdrawal,SUCCESS,2026-06-24T19:47:33.224Z,2026-06-24T19:47:35.301Z,330000,BANK-TRF,2026-06-24T19:47:33.000Z,TRF_4g5n7o36xeiygk69,74440297-3575-4f29-8087-b9eb9eac667f,FIGMA,🌈,,,,8277670912,Moniepoint MFB,FOODCO NIG IDI ABA 2,505150100391119301,,7e295308-ea6e-4cef-94b9-06801349c788,74440297-3575-4f29-8087-b9eb9eac667f
6a3c5293a244dc9bc0e9af71,691da422142342a5c3cf0c93,Withdrawal,SUCCESS,2026-06-24T21:56:35.327Z,2026-06-24T21:56:37.487Z,50000,BANK-TRF,2026-06-24T21:56:35.000Z,TRF_pe39mnxmrjfpjcqp,2d70fbad-5da4-449f-8956-2bca24c45641,food,🥑,,,,8130089804,OPay Digital Services Limited (OPay),OKWUDIRI  UMEH,9999910100394104001,,c3dd264e-bce8-4bc6-8b5b-f9430c20b7b9,2d70fbad-5da4-449f-8956-2bca24c45641
6a3cfeb3a244dc9bc0e9b3fd,6a26d519648daaea32bfa659,Withdrawal,SUCCESS,2026-06-25T10:10:59.171Z,2026-06-25T10:11:01.226Z,1000000,BANK-TRF,2026-06-25T10:10:59.000Z,TRF_td9zh3shm4yyqrq0,cbc90114-457d-47ad-96cc-96cdaf485a50,Market Food runs,📌,,,,7010242696,OPay Digital Services Limited (OPay),SAMUEL OLUWASEUN OLA,9999910100407847701,Money,c2b8603f-0266-4c7b-8e8c-4f5da5503141,cbc90114-457d-47ad-96cc-96cdaf485a50
6a3d587d417911266186bf5f,691ec63d24cf6022a24d9775,Withdrawal,SUCCESS,2026-06-25T16:34:05.015Z,2026-06-25T16:34:07.205Z,500000,BANK-TRF,2026-06-25T16:34:04.000Z,TRF_qzxh80u99kmvuwsh,26144ada-6709-48fd-81fc-449868e04d94,fuel,⛽,,,,0125547744,Guaranty Trust Bank,KENTADEBAYO TAIWO OLAWUMI,110006260625163403100417757201,,05d1fe5a-4a77-436c-968d-80603bd1ae62,26144ada-6709-48fd-81fc-449868e04d94
6a3d5cbf417911266186c017,691ec63d24cf6022a24d9775,Withdrawal,SUCCESS,2026-06-25T16:52:15.631Z,2026-06-25T16:52:17.787Z,6800000,BANK-TRF,2026-06-25T16:52:15.000Z,TRF_sh2t456faq5w7udx,ee2b11ea-b593-4e6d-a7e4-064ebfba7d35,FIGMA,🌈,,,,8063397513,OPay Digital Services Limited (OPay),WASIU  AKINREMI,9999910100418134101,,e38833e5-61ba-4287-ac6e-123cede5a7ed,ee2b11ea-b593-4e6d-a7e4-064ebfba7d35
6a3d5e2d417911266186c093,691ec63d24cf6022a24d9775,Withdrawal,SUCCESS,2026-06-25T16:58:21.702Z,2026-06-25T16:58:24.024Z,3000000,BANK-TRF,2026-06-25T16:58:21.000Z,TRF_3zyd6mlckip317cq,909d0161-ceaf-4c3c-8323-1e5c42c0d278,AYAF MAINTENANCE ,🔌,,,,9034190663,OPay Digital Services Limited (OPay),DAUDA OMOTOYOSI SANYAOLU,9999910100418290501,,e51a8a3c-e3e4-4939-b230-f7bc2c1ab79a,909d0161-ceaf-4c3c-8323-1e5c42c0d278
6a3d7507417911266186c1d7,69357dedb402350f2601c8f6,Withdrawal,SUCCESS,2026-06-25T18:35:51.845Z,2026-06-25T18:35:52.834Z,20000000,BANK-TRF,2026-06-25T18:35:51.000Z,TRF_yvd8b83y5zfoqzq6,8924c3e2-cd90-453f-9b7d-00e1381a0498,food,🥑,,,,8100192727,OPay Digital Services Limited (OPay),BLESSING ESTHER IBIDAPO,9999910100420533501,,76db5e84-6621-4fc5-93e3-d48935f670e5,8924c3e2-cd90-453f-9b7d-00e1381a0498
6a3d75e8417911266186c2ab,691da422142342a5c3cf0c93,Withdrawal,SUCCESS,2026-06-25T18:39:36.667Z,2026-06-25T18:39:38.813Z,200000,BANK-TRF,2026-06-25T18:39:36.000Z,TRF_yxklr2dphofmor6z,f18793ef-26bb-44c5-9921-add112edfd50,food,🥑,,,,9138922033,OPay Digital Services Limited (OPay),OREOLUWA FELICIAL SOYOYE,9999910100420606101,,4369b820-bda9-45c2-a2be-df4ac09beccb,f18793ef-26bb-44c5-9921-add112edfd50
6a3d82e1417911266186c2d2,6a32a4205a545bb4812610ef,Deposit,SUCCESS,2026-06-25T19:34:57.379Z,2026-06-25T19:34:57.379Z,6541100,BANK-TRF,2026-06-25T19:34:56.000Z,110021260625193438000041501155,AUTH_7ihxpvbh69,,,BIL Tapta,,9000000009,,,,,,,
6a3d9461417911266186c328,6a26d519648daaea32bfa659,Withdrawal,SUCCESS,2026-06-25T20:49:37.678Z,2026-06-25T20:49:38.648Z,500000,BANK-TRF,2026-06-25T20:49:37.000Z,TRF_b3ofame32vgvjw5g,694784ef-4850-482d-84d2-2b411585dd87,Workmanship deals,📝,,,,7043290842,OPay Digital Services Limited (OPay),PROMISE DORCAS ILORI,9999910100423398701,Half payment for Workmanship ,ccd6bc46-28ad-47ed-a1d9-afba67c1b07b,694784ef-4850-482d-84d2-2b411585dd87
6a3d951b417911266186c36f,6a26d519648daaea32bfa659,Withdrawal,SUCCESS,2026-06-25T20:52:43.084Z,2026-06-25T20:52:44.053Z,500000,BANK-TRF,2026-06-25T20:52:42.000Z,TRF_up4omnrw8uce4oor,0cf4a670-b90b-4d36-b3c1-e4963672b477,Workmanship deals,📝,,,,7047320273,OPay Digital Services Limited (OPay),PRECIOUS ABOSEDE ADEYEMO,9999910100423471101,Half payment for Workmanship ,48a18645-1da3-430d-b6c2-f1a71e4bd42f,0cf4a670-b90b-4d36-b3c1-e4963672b477
6a3d983b417911266186c3e7,691ec63d24cf6022a24d9775,Withdrawal,SUCCESS,2026-06-25T21:06:03.132Z,2026-06-25T21:06:05.286Z,2000000,BANK-TRF,2026-06-25T21:06:03.000Z,TRF_8njvwa3jbv6jif4f,9a37ceb7-d65b-4699-84a9-8494fe2dc7fc,FIGMA,🌈,,,,8145761033,OPay Digital Services Limited (OPay),Fatimoh Motunrayo Omirinde,9999910100423764001,,2c96a07a-df49-413e-91a4-c4b2efc1b970,9a37ceb7-d65b-4699-84a9-8494fe2dc7fc
6a3dc922417911266186c4e2,691ee07f24cf6022a24d9a65,Withdrawal,SUCCESS,2026-06-26T00:34:42.222Z,2026-06-26T00:34:44.271Z,100000,BANK-TRF,2026-06-26T00:34:42.000Z,TRF_bhaf2vc850k2gz72,c7ac4dd5-798f-42b0-b45b-7faf5bf7589d,cleaning,🧼,,,,8145751306,OPay Digital Services Limited (OPay),JOSHUA AKINKUNMI ALONGE,9999910100426946401,,c645f41d-68c9-493e-b6bd-6650809b8493,c7ac4dd5-798f-42b0-b45b-7faf5bf7589d
6a3e34be417911266186c606,6a22e229e4f1fd71697c620c,Withdrawal,SUCCESS,2026-06-26T08:13:50.717Z,2026-06-26T08:13:53.931Z,55000,BANK-TRF,2026-06-26T08:13:50.000Z,TRF_879xx12n3mvv5rci,9bb72e77-aa7b-4a10-aa03-6af79d3ad379,food,🥑,,,,9037349254,Moniepoint MFB,TEMILOLUWA MIRACLE ADENUGA,505150100432913601,,ee49fc8b-9aad-4a36-8fa5-2c36b479fc94,9bb72e77-aa7b-4a10-aa03-6af79d3ad379
6a3e3658417911266186c66d,6a26d519648daaea32bfa659,Withdrawal,SUCCESS,2026-06-26T08:20:40.461Z,2026-06-26T08:20:41.433Z,300000,BANK-TRF,2026-06-26T08:20:40.000Z,TRF_cmejkule778mefor,cc26d426-8fc2-47d5-936a-6fe0eba9131c,Workmanship deals,📝,,,,8069091718,OPay Digital Services Limited (OPay),CONSTANCE ONYEKWULULECHI OLUWAYINKA,9999910100433144701,Airtime,17e12844-fa73-4638-8958-8f402e2fc673,cc26d426-8fc2-47d5-936a-6fe0eba9131c
6a3e5673417911266186c6d2,6a26d519648daaea32bfa659,Withdrawal,SUCCESS,2026-06-26T10:37:39.268Z,2026-06-26T10:37:41.346Z,1000000,BANK-TRF,2026-06-26T10:37:39.000Z,TRF_5e55fqiumauisx64,41c52dc7-2ed1-4c46-92fd-e463b0ff733c,Market Food runs,📌,,,,6945324004,Moniepoint MFB,WALE ADEKANMI,505150100436517701,Fuel,c4a094c1-b822-4375-9a77-08ae135a3ab3,41c52dc7-2ed1-4c46-92fd-e463b0ff733c
6a3e5b2b417911266186c76c,6a26d519648daaea32bfa659,Withdrawal,SUCCESS,2026-06-26T10:57:47.478Z,2026-06-26T10:57:49.441Z,1430000,BANK-TRF,2026-06-26T10:57:47.000Z,TRF_iniymjavg14owuo6,44f4b088-2085-4c51-b743-5fefd17b1edb,Market Food runs,📌,,,,6108627567,OPay Digital Services Limited (OPay),REGDAM COMMUNICATIONS,110006260626105745100437007701,Transfer ,29a8663f-9926-4e4d-89bd-13659d49bda2,44f4b088-2085-4c51-b743-5fefd17b1edb
6a3e5f93417911266186c7ed,6a26d519648daaea32bfa659,Withdrawal,SUCCESS,2026-06-26T11:16:35.940Z,2026-06-26T11:17:04.729Z,700000,BANK-TRF,2026-06-26T11:17:03.000Z,TRF_aec90vnhjnsaybbv,8dfc2025-1607-484d-8394-8a297bf1d722,Market Food runs,📌,,,,6555393809,OPay Digital Services Limited (OPay),MUMMY BEE NATURAL GLOBAL ENTERPRISES,110006260626111634100437452502,Pepper,2516d697-7536-44d0-bd9b-06a2682fa9f6,8dfc2025-1607-484d-8394-8a297bf1d722
6a3e6b23417911266186c847,6a26d519648daaea32bfa659,Withdrawal,SUCCESS,2026-06-26T12:05:55.664Z,2026-06-26T12:05:57.734Z,1250000,BANK-TRF,2026-06-26T12:05:55.000Z,TRF_lowzm3yjwi6zphh2,3359dd5f-db58-412e-8984-7db2c91011c4,Workmanship deals,📝,,,,5015588304,Moniepoint MFB,PRIME-CRYSTAL-LIFE OIL AND GAS ENTERPRISES,505150100438780901,Gas,95a1d5e8-7a69-4a2a-a7bc-f1d60eab8294,3359dd5f-db58-412e-8984-7db2c91011c4
6a3e6c5f417911266186c8d0,6a26d519648daaea32bfa659,Withdrawal,SUCCESS,2026-06-26T12:11:11.702Z,2026-06-26T12:11:12.665Z,260000,BANK-TRF,2026-06-26T12:11:11.000Z,TRF_77we16ap13ejapf2,665a6aad-9bf1-4456-a325-36d4890b79b2,Market Food runs,📌,,,,8117852281,OPay Digital Services Limited (OPay),ANUOLUWAPO MATTHEW OPADERE,9999910100438929401,Gas,0261f264-9b37-4b7d-9399-76993a406ca3,665a6aad-9bf1-4456-a325-36d4890b79b2
6a3e70de417911266186c9e8,6a26d519648daaea32bfa659,Withdrawal,SUCCESS,2026-06-26T12:30:22.389Z,2026-06-26T12:30:24.463Z,950000,BANK-TRF,2026-06-26T12:30:22.000Z,TRF_d2gvtb9lzo85yok0,890d3c25-09c4-4754-b54e-b001443122a8,Gas,⭐,,,,9001704945,Guaranty Trust Bank,SQUAD ADMOR  LINKS SYSTEMS LTD,110006260626123014100439536201,Money,870a7d1d-03b5-48b3-abc1-9e4825970966,890d3c25-09c4-4754-b54e-b001443122a8
6a3e86d5cf0a45b08269ff45,6a26d519648daaea32bfa659,Withdrawal,SUCCESS,2026-06-26T14:04:05.704Z,2026-06-26T14:04:07.784Z,700000,BANK-TRF,2026-06-26T14:04:05.000Z,TRF_cyumtle20v8582om,726acd42-298b-4f91-9084-bfdcce14d94a,Market Food runs,📌,,,,6425049730,OPay Digital Services Limited (OPay),FOLASHADE BOLANLE AHMADU,110006260626140403100441956401,Chicken ,476e2883-6d29-43df-b1f3-ce6ada1126bf,726acd42-298b-4f91-9084-bfdcce14d94a
6a3e919bcf0a45b08269fff5,691ec63d24cf6022a24d9775,Withdrawal,SUCCESS,2026-06-26T14:50:03.704Z,2026-06-26T14:50:05.660Z,500000,BANK-TRF,2026-06-26T14:50:03.000Z,TRF_kxul2p7t016rwbnu,5b9635d7-3cb2-449d-97a9-a69f31ac3fc2,loan,📉,,,,0078076728,Sterling Bank,DEBORAH LAURA ODIA,110006260626145001100443125201,,2675bbdc-8b5d-4300-b8bf-5511d6390528,5b9635d7-3cb2-449d-97a9-a69f31ac3fc2
6a3eaa06cf0a45b0826a0180,6932d190429d8b20969ecd47,Withdrawal,SUCCESS,2026-06-26T16:34:14.721Z,2026-06-26T16:34:15.689Z,2000000,BANK-TRF,2026-06-26T16:34:14.000Z,TRF_vvkimoxoukd9k6l0,c3471023-7fe2-404b-9fd7-bd4d87e54739,Takeout,🍕,,,,0151337861,Guaranty Trust Bank,ONUH EMMANUEL CHIBIKE,110006260626163413100445506601,Pizza,7c546b4b-c9cb-4d34-8074-ac0506d90f56,c3471023-7fe2-404b-9fd7-bd4d87e54739
6a3eabc8cf0a45b0826a02a9,69d5256f57b58a3838561f7c,Withdrawal,SUCCESS,2026-06-26T16:41:44.044Z,2026-06-26T16:41:46.048Z,3200000,BANK-TRF,2026-06-26T16:41:43.000Z,TRF_dhm0cxn0fe7cfd2g,f32355c5-eb13-45a1-a843-54c2d27057f9,maintenance,🔧,,,,9156323517,OPay Digital Services Limited (OPay),AISHAT ADEJOKE SANUSI,9999910100445665101,,73c11e08-f703-4a7e-a974-bb07ce7c5f1b,f32355c5-eb13-45a1-a843-54c2d27057f9
6a3eac4ecf0a45b0826a0324,691ec63d24cf6022a24d9775,Withdrawal,SUCCESS,2026-06-26T16:43:58.536Z,2026-06-26T16:44:00.305Z,1020000,BANK-TRF,2026-06-26T16:43:58.000Z,TRF_5ofppc5rjpxy3agh,263ba971-3b87-4a91-bac6-3a9f23858c0d,loan,📉,,,,6108627567,OPay Digital Services Limited (OPay),REGDAM COMMUNICATIONS,110006260626164356100445717001,,4671918d-f6e5-44de-82f8-19f6b81e817e,263ba971-3b87-4a91-bac6-3a9f23858c0d
6a3ee07ccf0a45b0826a043f,691ec63d24cf6022a24d9775,Withdrawal,SUCCESS,2026-06-26T20:26:36.537Z,2026-06-26T20:26:38.533Z,1000000,BANK-TRF,2026-06-26T20:26:36.000Z,TRF_qqipl9tq1ilgxra4,3efd3724-b0cf-4193-9bd2-596ae0de7f01,loan,📉,,,,0050909989,Guaranty Trust Bank,ADEBAYO JONATHAN ADEREMI,110006260626202635100451520101,,b375f936-2011-479a-8fbe-e455c650b716,3efd3724-b0cf-4193-9bd2-596ae0de7f01
6a3ee0a5cf0a45b0826a0489,691ec63d24cf6022a24d9775,Withdrawal,SUCCESS,2026-06-26T20:27:17.028Z,2026-06-26T20:27:18.794Z,400000,BANK-TRF,2026-06-26T20:27:16.000Z,TRF_d4drl9n6ephllzex,2c55b43c-9b6d-427b-afb4-f236bb8d46d9,food,🥑,,,,5211951359,Moniepoint MFB,SANI GARBA ABDURRAHAMAN,505150100451539301,,663bf08a-38b0-4c08-8f66-54afeea79b11,2c55b43c-9b6d-427b-afb4-f236bb8d46d9
6a3ee1d1cf0a45b0826a0503,691ec63d24cf6022a24d9775,Withdrawal,SUCCESS,2026-06-26T20:32:17.866Z,2026-06-26T20:32:19.895Z,2000000,BANK-TRF,2026-06-26T20:32:17.000Z,TRF_q1jqsax3r3quxuhp,7d6eedad-b749-479a-be46-a0741bf959a8,fuel,⛽,,,,8101799492,OPay Digital Services Limited (OPay),IYANUOLUWA JOHN ADEBAYO,9999910100451707601,,5836bff4-025c-4ea9-8c0e-c662a716eec4,7d6eedad-b749-479a-be46-a0741bf959a8
6a3eff36cf0a45b0826a06aa,6a32a4205a545bb4812610ef,Withdrawal,SUCCESS,2026-06-26T22:37:42.089Z,2026-06-26T22:37:44.129Z,3700000,BANK-TRF,2026-06-26T22:37:41.000Z,TRF_tgag49nwic5ob3y5,5b0344ac-e98e-4231-bc1b-2b4aff37c52c,investment,📈,,,,7065546804,OPay Digital Services Limited (OPay),EMMANUEL OLUWAFEMI AYANBODE,9999910100455020101,,eddfbf90-41a1-4a74-975f-83482c840228,5b0344ac-e98e-4231-bc1b-2b4aff37c52c
6a3f0589cf0a45b0826a0741,6a3f049ecf0a45b0826a06fb,Deposit,SUCCESS,2026-06-26T23:04:41.649Z,2026-06-26T23:04:41.649Z,99996500,BANK-TRF,2026-06-26T23:04:40.000Z,090405260627000432431302459959,AUTH_k2mmch6lgv,,,Kora Payments Network Limited,Moniepoint MFB,8000001406,,,,,,,
6a3f05e3cf0a45b0826a0761,6a3f049ecf0a45b0826a06fb,Deposit,SUCCESS,2026-06-26T23:06:11.811Z,2026-06-26T23:06:11.811Z,139466500,BANK-TRF,2026-06-26T23:06:10.000Z,090405260627000601538849394580,AUTH_gtwaqyk6ej,,,Kora Payments Network Limited,Moniepoint MFB,8000001406,,,,,,,
6a3f57b7cf0a45b0826a07fc,691ec63d24cf6022a24d9775,Withdrawal,SUCCESS,2026-06-27T04:55:19.035Z,2026-06-27T04:55:21.058Z,150000,BANK-TRF,2026-06-27T04:55:18.000Z,TRF_4b9fg4wqwjp0j5ia,b04d71fa-6588-4836-873b-98713719e18e,transportation,🚌,,,,9055485433,OPay Digital Services Limited (OPay),PATRICK NFONOBONG SAMUEL,9999910100459111101,,aa5a40cf-5742-4381-bc79-6d03eeb5ab65,b04d71fa-6588-4836-873b-98713719e18e
6a3f9992cf0a45b0826a089e,691cc13665dffc4250474b6a,Withdrawal,SUCCESS,2026-06-27T09:36:18.190Z,2026-06-27T09:36:20.370Z,500000,BANK-TRF,2026-06-27T09:36:18.000Z,TRF_i18c71osigsayzaz,c6e78e81-5f76-4cef-85e5-9f1020b55d00,gift,🎁,,,,9127670704,OPay Digital Services Limited (OPay),OLUWATUNMISE OLAYINKA ERINLE,9999910100465814301,,10dde3ae-82ed-4f34-8aa0-c9c68ae18f94,c6e78e81-5f76-4cef-85e5-9f1020b55d00
6a3f9d95cf0a45b0826a091f,6a3f049ecf0a45b0826a06fb,Withdrawal,SUCCESS,2026-06-27T09:53:25.947Z,2026-06-27T09:53:26.909Z,3185000,BANK-TRF,2026-06-27T09:53:25.000Z,TRF_0n11r2jwhh55allz,fb04b229-d6ac-4200-bda3-21c2defd8744,entertainment,🎮,,,,9379008386,Wema Bank,WEMA-POS/ JUSTRITE (IBARA BRANCH),110006260627095323100466238601,,0da9306f-fc58-43da-8423-b6602568103c,fb04b229-d6ac-4200-bda3-21c2defd8744
6a3fb2c2cf0a45b0826a0a23,6a26d519648daaea32bfa659,Withdrawal,SUCCESS,2026-06-27T11:23:46.795Z,2026-06-27T11:23:48.844Z,400000,BANK-TRF,2026-06-27T11:23:46.000Z,TRF_7amwwq33q1xjb9r9,1140323e-251d-4a37-940e-4f142ea6b456,Market Food runs,📌,,,,7047320273,OPay Digital Services Limited (OPay),PRECIOUS ABOSEDE ADEYEMO,9999910100468629701,Workmanship ,90fcf615-2713-47c4-b8ff-d0c88b133c04,1140323e-251d-4a37-940e-4f142ea6b456
6a3fb3bbcf0a45b0826a0b2a,6a26d519648daaea32bfa659,Withdrawal,SUCCESS,2026-06-27T11:27:55.143Z,2026-06-27T11:27:57.116Z,400000,BANK-TRF,2026-06-27T11:27:55.000Z,TRF_8tdcdg2j5xbofqo3,28fb5d8d-c99e-4ccb-842d-fae72852ee9d,Market Food runs,📌,,,,7043290842,OPay Digital Services Limited (OPay),PROMISE DORCAS ILORI,9999910100468746701,Workmanship ,ae1165eb-b9a8-4915-8ecb-4d1aa9a922e2,28fb5d8d-c99e-4ccb-842d-fae72852ee9d
6a3fb502cf0a45b0826a0b8c,6a26d519648daaea32bfa659,Withdrawal,SUCCESS,2026-06-27T11:33:22.203Z,2026-06-27T11:33:24.215Z,300000,BANK-TRF,2026-06-27T11:33:22.000Z,TRF_jnazot4ivd6du8f3,d1e4c8b6-36b3-4884-94d7-a1f5c194c23b,Market Food runs,📌,,,,9033264503,OPay Digital Services Limited (OPay),BOSE ADEKUNMI ADELEKE,9999910100468895701,,2743d784-04ec-4b94-9ce8-ca270b7b63e8,d1e4c8b6-36b3-4884-94d7-a1f5c194c23b
6a3ff86f7ad8cec8686d8a81,69357dedb402350f2601c8f6,Withdrawal,SUCCESS,2026-06-27T16:21:03.174Z,2026-06-27T16:21:05.339Z,9000000,BANK-TRF,2026-06-27T16:21:03.000Z,TRF_y7zs0wo27qqu1b2m,6b763ba0-e9f3-4799-a517-af14af5a72a8,education,🎓,,,,8100192727,OPay Digital Services Limited (OPay),BLESSING ESTHER IBIDAPO,9999910100477808501,,d580bd48-c8bb-43dd-902b-967b65403a76,6b763ba0-e9f3-4799-a517-af14af5a72a8
6a40056b7ad8cec8686d8afc,6a3f049ecf0a45b0826a06fb,Withdrawal,SUCCESS,2026-06-27T17:16:27.627Z,2026-06-27T17:16:28.611Z,1500000,BANK-TRF,2026-06-27T17:16:27.000Z,TRF_idyhcyddrpt559nf,f1c132a3-4b57-4695-970b-c8ee48f2ef4e,entertainment,🎮,,,,9033908408,OPay Digital Services Limited (OPay),ZAINAB FEYINTOLA SOLIU,9999910100479829601,,e0b95d32-9210-4fe3-80e0-49027f72f9f3,f1c132a3-4b57-4695-970b-c8ee48f2ef4e
6a400cff7ad8cec8686d8b37,6a3f049ecf0a45b0826a06fb,Withdrawal,SUCCESS,2026-06-27T17:48:47.309Z,2026-06-27T17:48:48.299Z,310000,BANK-TRF,2026-06-27T17:48:47.000Z,TRF_mc8toha27xyucxun,26bc9a71-548a-4e47-9feb-0c351629dd08,entertainment,🎮,,,,6108627567,OPay Digital Services Limited (OPay),REGDAM COMMUNICATIONS,110006260627174845100480970801,,61a89a8d-e53f-45a8-89d7-19cb380ac9c4,26bc9a71-548a-4e47-9feb-0c351629dd08
6a40273a7ad8cec8686d8b57,6a12e950b03e0745adb1b72e,Deposit,SUCCESS,2026-06-27T19:40:42.214Z,2026-06-27T19:40:42.214Z,999999,BANK-TRF,2026-06-27T19:40:41.000Z,100004260627194031163792469096,AUTH_7i3pt7qh2e,,,SAKIRU OLANREWAJU SOLADEMI,OPay Digital Services Limited (OPay),8149196361,,,,,,,
6a40b6727ad8cec8686d8c03,691ec63d24cf6022a24d9775,Deposit,SUCCESS,2026-06-28T05:51:46.915Z,2026-06-28T05:51:46.915Z,2200000,BANK-TRF,2026-06-28T05:51:45.000Z,090110260628065129374443077114,AUTH_uegogv3izk,,,Vant,VFD Microfinance Bank Limited,1026459314,,,,,,,
6a40f9797ad8cec8686d8d5e,6a26d519648daaea32bfa659,Withdrawal,SUCCESS,2026-06-28T10:37:45.267Z,2026-06-28T10:38:02.151Z,600000,BANK-TRF,2026-06-28T10:37:45.000Z,TRF_c0jiqjhuh7ozxhmn,c2310f7d-b351-40e1-9b33-88978b5c5218,food,🥑,,,,9379000325,Wema Bank,WEMA-POS/ FOODCO NIG. LIMITED,110006260628103742100501435101,Food,4d2be491-2373-4ea2-b638-06d258d59ee9,c2310f7d-b351-40e1-9b33-88978b5c5218
6a41170b7ad8cec8686d8e9d,6a3f049ecf0a45b0826a06fb,Withdrawal,SUCCESS,2026-06-28T12:43:55.692Z,2026-06-28T12:43:57.768Z,5000000,BANK-TRF,2026-06-28T12:43:55.000Z,TRF_n3hxlswhjvv5wtuz,63fa63f9-37f8-4241-b626-8e131a4625d9,loan,📉,,,,8065822462,OPay Digital Services Limited (OPay),ESTHER TIOLUWANI SOSANYA,9999910100504538701,,453d3376-4112-4f1d-8987-9feca28d8ee1,63fa63f9-37f8-4241-b626-8e131a4625d9
6a41191b7ad8cec8686d8eb4,6a11a8b96bb1f3d6587ce0cc,Deposit,SUCCESS,2026-06-28T12:52:43.370Z,2026-06-28T12:52:43.370Z,500000,BANK-TRF,2026-06-28T12:52:41.000Z,100004260628125230163839100806,AUTH_a7mmmls4rf,,,OLUWAPELUMI OLUWAFUNMILAYO OMONIJE,OPay Digital Services Limited (OPay),8165696419,,,,,,,
6a411d617ad8cec8686d8f46,69235443db9c0f9697a47d20,Withdrawal,SUCCESS,2026-06-28T13:10:57.339Z,2026-06-28T13:10:59.357Z,1200000,BANK-TRF,2026-06-28T13:10:57.000Z,TRF_cq7ubaisrwdbj8gy,c51115d2-5651-4aab-beda-4d8a0e661f01,fuel,⛽,,,,8100829203,OPay Digital Services Limited (OPay),SODIQ BABATUNDE AKINBODE,9999910100505212801,,bbc0f93c-35d2-4253-9339-53a3c9240126,c51115d2-5651-4aab-beda-4d8a0e661f01
6a4122287ad8cec8686d903f,6a26d519648daaea32bfa659,Withdrawal,SUCCESS,2026-06-28T13:31:20.157Z,2026-06-28T13:31:22.207Z,800000,BANK-TRF,2026-06-28T13:31:20.000Z,TRF_25i46gkph7pzv50t,e6146821-9a79-4b32-b03f-f8fc8b3136c4,food,🥑,,,,8060327199,OPay Digital Services Limited (OPay),OLUWASAYO MOSES OLONADE,9999910100505688401,For Vintage shirt,d95a1dd2-ec6f-4c25-8b69-d14f332bcd79,e6146821-9a79-4b32-b03f-f8fc8b3136c4
6a4133797ad8cec8686d90ac,69357dedb402350f2601c8f6,Withdrawal,SUCCESS,2026-06-28T14:45:13.464Z,2026-06-28T14:45:15.558Z,500000,BANK-TRF,2026-06-28T14:45:13.000Z,TRF_7q09zrjjdcpazyhr,46002754-c786-4f85-8d67-cebc6aaae6c3,education,🎓,,,,8100192727,OPay Digital Services Limited (OPay),BLESSING ESTHER IBIDAPO,9999910100507386501,,70d88f9d-f0e1-4dc6-b121-adae479cd061,46002754-c786-4f85-8d67-cebc6aaae6c3
6a4135d4a323a313008ac919,6a12e950b03e0745adb1b72e,Deposit,SUCCESS,2026-06-28T14:55:16.523Z,2026-06-28T14:55:16.523Z,1000000,BANK-TRF,2026-06-28T14:55:14.000Z,090405260628155443152590187775,AUTH_7z9upuuw8p,,,GABRIEL OLUWASEUN OLA,Moniepoint MFB,5249487354,,,,,,,
6a414ce4a323a313008aca7c,6a26d519648daaea32bfa659,Withdrawal,SUCCESS,2026-06-28T16:33:40.896Z,2026-06-28T16:33:41.864Z,50000,BANK-TRF,2026-06-28T16:33:40.000Z,TRF_jel2qho7c59xt9iw,6fb16412-8693-4ebc-8fb3-ac9f16df4e6f,gift,🎁,,,,7049666609,OPay Digital Services Limited (OPay),DEBORAH YEMISI ELESHIN,9999910100509865001,Chinchin money,4ad007ab-503c-43c1-a5b8-c8ae36a19e2b,6fb16412-8693-4ebc-8fb3-ac9f16df4e6f
6a41a668a323a313008acb4f,6a3f049ecf0a45b0826a06fb,Withdrawal,SUCCESS,2026-06-28T22:55:36.699Z,2026-06-28T22:55:37.669Z,4000000,BANK-TRF,2026-06-28T22:55:36.000Z,TRF_3yq619nc0yyak561,cdc420e8-2629-4fad-ad00-dc0e0d3bf423,config,🦷,,,,6504583159,Providus Bank,SONDE DAVID IREWOLE,110006260628225534100519656601,,f240a81e-aca5-4324-bfa8-95a422d23a46,cdc420e8-2629-4fad-ad00-dc0e0d3bf423
6a41a955a323a313008acc38,6a26d519648daaea32bfa659,Withdrawal,SUCCESS,2026-06-28T23:08:05.290Z,2026-06-28T23:08:07.295Z,700000,BANK-TRF,2026-06-28T23:08:05.000Z,TRF_6j96suq3f657r9g5,318b08e0-f08b-4366-8e27-7791b15b754f,gift,🎁,,,,7047320273,OPay Digital Services Limited (OPay),PRECIOUS ABOSEDE ADEYEMO,9999910100519833101,For video content,f60e64d5-8172-409c-9393-03a28f44a36d,318b08e0-f08b-4366-8e27-7791b15b754f
6a421ff3a323a313008acd52,6a3f049ecf0a45b0826a06fb,Withdrawal,SUCCESS,2026-06-29T07:34:11.838Z,2026-06-29T07:34:12.830Z,101000000,BANK-TRF,2026-06-29T07:34:11.000Z,TRF_3ozv8ivw83waorh3,16e4dc7f-bab3-4cb2-a77c-7957757e8f68,config payback,🙎‍♀️,,,,6116711392,OPay Digital Services Limited (OPay),RAHMON KOLAWOLE SALAU,110006260629073409100526044501,,379d5854-4eb0-422e-b640-378206d65ccd,16e4dc7f-bab3-4cb2-a77c-7957757e8f68
6a42205ba323a313008acdbb,6a3f049ecf0a45b0826a06fb,Withdrawal,SUCCESS,2026-06-29T07:35:55.800Z,2026-06-29T07:35:57.838Z,101000000,BANK-TRF,2026-06-29T07:35:55.000Z,TRF_6875hhgyibp9tkto,a6323afc-e8e4-49a1-b66f-f0286e8ef0ae,config payback,🙎‍♀️,,,,0151337861,Guaranty Trust Bank,ONUH EMMANUEL CHIBIKE,110006260629073554100526093801,,5f03d9cc-81e6-490d-b5aa-cb2512d7c3e4,a6323afc-e8e4-49a1-b66f-f0286e8ef0ae
6a42210da323a313008ace27,6a3f049ecf0a45b0826a06fb,Withdrawal,SUCCESS,2026-06-29T07:38:53.039Z,2026-06-29T07:38:54.042Z,5300000,BANK-TRF,2026-06-29T07:38:52.000Z,TRF_2yyq7l7ik6bgxg29,1f8e1e7a-4664-4b5c-9620-1ab904917062,config,🦷,,,,1022106641,VFD Microfinance Bank Limited,PocketApp-FUNMILAYO JOY OMOWAYE,110006260629073850100526174201,,4d83344a-9f65-466a-91fb-8ac2631918c3,1f8e1e7a-4664-4b5c-9620-1ab904917062
6a42218da323a313008ace62,6a3f049ecf0a45b0826a06fb,Withdrawal,SUCCESS,2026-06-29T07:41:01.832Z,2026-06-29T07:41:07.544Z,300000,BANK-TRF,2026-06-29T07:41:01.000Z,TRF_1l5e439tj4zd99nb,f9131b14-b198-44c8-8de2-b2f8e878e405,config,🦷,,,,8134029879,OPay Digital Services Limited (OPay),AYOTOMIWA OLUFEMI AJEWOLE,9999910100526227001,,54977a90-23a7-4528-9af0-fb39f00369a4,f9131b14-b198-44c8-8de2-b2f8e878e405
6a4228dba323a313008acf46,69357dedb402350f2601c8f6,Withdrawal,SUCCESS,2026-06-29T08:12:11.967Z,2026-06-29T08:12:13.883Z,400000,BANK-TRF,2026-06-29T08:12:11.000Z,TRF_ugiudiksl3tv6kot,56c02155-58e0-4e1a-9561-c732f0b34dc2,beauty,💅,,,,8100192727,OPay Digital Services Limited (OPay),BLESSING ESTHER IBIDAPO,9999910100526995101,,cdc2bfae-cc7a-4f99-a5a7-65646b59695b,56c02155-58e0-4e1a-9561-c732f0b34dc2
6a423469a323a313008ad028,6a26d519648daaea32bfa659,Withdrawal,SUCCESS,2026-06-29T09:01:29.673Z,2026-06-29T09:02:00.604Z,510000,BANK-TRF,2026-06-29T09:01:29.000Z,TRF_nngsncxwj75071oc,656afc3a-980d-486b-befc-33b796b3754f,Workmanship deals,📝,,,,8109378289,Moniepoint MFB,Abdullah Akintunde,110006260629090127100528744101,Money,c3f57ff2-eb3e-402a-8085-6e3df5c49f9f,656afc3a-980d-486b-befc-33b796b3754f
6a424d13a323a313008ad06c,6a12e950b03e0745adb1b72e,Deposit,SUCCESS,2026-06-29T10:46:43.245Z,2026-06-29T10:46:43.245Z,4000000,BANK-TRF,2026-06-29T10:46:41.000Z,100033260629104625810501357172,AUTH_g8qaxs3zna,,,ADEJOKE OLUBUNMI OGUNDEJI,PalmPay,9168591160,,,,,,,
6a424e40a323a313008ad0d0,6a12e950b03e0745adb1b72e,Deposit,SUCCESS,2026-06-29T10:51:44.746Z,2026-06-29T10:51:44.746Z,1000000,BANK-TRF,2026-06-29T10:51:43.000Z,090405260629115118068034849651,AUTH_u39gswonm9,,,GABRIEL OLUWASEUN OLA,Moniepoint MFB,5249487354,,,,,,,
6a424fdca323a313008ad1e2,6a26d519648daaea32bfa659,Withdrawal,SUCCESS,2026-06-29T10:58:36.122Z,2026-06-29T10:58:38.125Z,1010000,BANK-TRF,2026-06-29T10:58:36.000Z,TRF_1sjikwbhromaagaw,e386a13e-067a-4c52-abee-5705e392e561,Market Food runs,📌,,,,5749297484,Moniepoint MFB,24HRS RESTAURANT AND CATERING SERVICES,505150100531944901,,9fd0d235-6989-4eef-b110-4a9bc468fe01,e386a13e-067a-4c52-abee-5705e392e561
6a425518a323a313008ad27e,6932d190429d8b20969ecd47,Withdrawal,SUCCESS,2026-06-29T11:20:56.880Z,2026-06-29T11:20:57.832Z,2000000,BANK-TRF,2026-06-29T11:20:56.000Z,TRF_muc3tleupa3ky4dw,0b5245c1-aacd-42b8-b75d-7bac2d71959e,Takeout,🍕,,,,0151337861,Guaranty Trust Bank,ONUH EMMANUEL CHIBIKE,110006260629112055100532481701,,4b6dc7c5-d2cf-42bc-9915-598a530b1cda,0b5245c1-aacd-42b8-b75d-7bac2d71959e
6a426c0aa323a313008ad403,691ec63d24cf6022a24d9775,Withdrawal,SUCCESS,2026-06-29T12:58:50.472Z,2026-06-29T12:58:52.578Z,300000,BANK-TRF,2026-06-29T12:58:50.000Z,TRF_liivqkb3hrtytggt,e77c7b2c-4b51-4988-a8c5-e32bff9aa7d1,beauty,💅,,,,9131965226,OPay Digital Services Limited (OPay),ABDULAZEEZ GBOLAHAN ABDULWASIU,9999910100535036301,,1bb11cd0-c650-4706-962d-95929d2a540b,e77c7b2c-4b51-4988-a8c5-e32bff9aa7d1
6a4273b6a323a313008ad55f,691ec63d24cf6022a24d9775,Withdrawal,SUCCESS,2026-06-29T13:31:34.079Z,2026-06-29T13:31:52.938Z,100000,BANK-TRF,2026-06-29T13:31:33.000Z,TRF_6mils9zc0bs3zju9,b11428f5-88cc-4cbe-9ba5-e2dbc9866b8a,beauty,💅,,,,9131965226,OPay Digital Services Limited (OPay),ABDULAZEEZ GBOLAHAN ABDULWASIU,9999910100535890301,,1531bac5-a174-4cd8-bc8e-bde4bc29193b,b11428f5-88cc-4cbe-9ba5-e2dbc9866b8a
6a428841a323a313008ad5b6,6a26d519648daaea32bfa659,Deposit,SUCCESS,2026-06-29T14:59:13.761Z,2026-06-29T14:59:13.761Z,500000,BANK-TRF,2026-06-29T14:59:12.000Z,100004260629145840163932217458,AUTH_bh4xmhkagf,,,COVENANT PIPELOLUWA OLUWAYINKA,OPay Digital Services Limited (OPay),8168609763,,,,,,,
6a42a045a37ba43921294207,69a5bbdf659708be74a8365c,Withdrawal,SUCCESS,2026-06-29T16:41:41.744Z,2026-06-29T16:41:43.819Z,100000,BANK-TRF,2026-06-29T16:41:41.000Z,TRF_9bzu4oehe9n2s5hb,615b4cce-d438-4e53-8a19-adbfe4396fef,internet,🌐,,,,8147323999,OPay Digital Services Limited (OPay),JAMES JESUGBEMILEKE KEHINDE,9999910100541187901,For data subscription ,fe18a898-1011-4783-b490-3138b314d2e2,615b4cce-d438-4e53-8a19-adbfe4396fef
6a42abc3a37ba43921294296,691ec63d24cf6022a24d9775,Deposit,SUCCESS,2026-06-29T17:30:43.090Z,2026-06-29T17:30:43.090Z,2490000,BANK-TRF,2026-06-29T17:30:41.000Z,090110260629183025845761186369,AUTH_tdi8zh0sn7,,,Vant,VFD Microfinance Bank Limited,1026459314,,,,,,,
6a42c3a9a37ba4392129436d,691ec63d24cf6022a24d9775,Withdrawal,SUCCESS,2026-06-29T19:12:41.885Z,2026-06-29T19:12:50.936Z,2200000,BANK-TRF,2026-06-29T19:12:41.000Z,TRF_mkwa1n4sf4irxe47,d900c1e6-dd40-4513-a63a-955383c0f689,beauty,💅,,,,8062480387,OPay Digital Services Limited (OPay),ABOABA  Peace,9999910100545548901,,220afd04-9803-46a5-bbe2-9250308d3fb7,d900c1e6-dd40-4513-a63a-955383c0f689
6a42c706a37ba43921294430,691ec63d24cf6022a24d9775,Withdrawal,SUCCESS,2026-06-29T19:27:02.577Z,2026-06-29T19:27:05.543Z,800000,BANK-TRF,2026-06-29T19:27:02.000Z,TRF_zn8hgzv8h9oq297t,39f2244b-2838-46d0-9eb9-248b6858c590,fuel,⛽,,,,5662269850,Moniepoint MFB,POS Transfer-ALADE RAMOTA IDOWU,505150100546101401,,a670c670-f69a-4532-b790-d5b8c1145911,39f2244b-2838-46d0-9eb9-248b6858c590
6a42c993a37ba439212944f5,69a5bbdf659708be74a8365c,Withdrawal,SUCCESS,2026-06-29T19:37:55.891Z,2026-06-29T19:37:57.974Z,200000,BANK-TRF,2026-06-29T19:37:55.000Z,TRF_rxnjug40sujzmgbw,8137af7e-04a0-40bc-b927-e249a995a10a,Phone and Internet,📱,,,,8147323999,OPay Digital Services Limited (OPay),JAMES JESUGBEMILEKE KEHINDE,9999910100546503801,,5992a550-309c-4dc3-84d1-54e6420247a3,8137af7e-04a0-40bc-b927-e249a995a10a
6a42ca9fa37ba4392129456e,691ec63d24cf6022a24d9775,Withdrawal,SUCCESS,2026-06-29T19:42:23.764Z,2026-06-29T19:42:25.704Z,150000,BANK-TRF,2026-06-29T19:42:23.000Z,TRF_k39vmhjwmt8w3tt5,47d459de-31f0-4893-8d06-b4597d1abf34,food,🥑,,,,9153318748,OPay Digital Services Limited (OPay),YUSUF  BELLO,9999910100546644401,,859c3e18-d063-42f9-81c5-b7986fe0eed5,47d459de-31f0-4893-8d06-b4597d1abf34
6a438ce1a37ba4392129469b,6a3f049ecf0a45b0826a06fb,Withdrawal,SUCCESS,2026-06-30T09:31:13.052Z,2026-06-30T09:31:14.807Z,3000000,BANK-TRF,2026-06-30T09:31:12.000Z,TRF_85do89rr3bx9ndov,93ba2702-165f-4edf-af9a-3a9f600521ee,fof team,🙇‍♂️,,,,8079089546,OPay Digital Services Limited (OPay),ABDULBASIT OBALOYE OYESIJI,9999910100561131801,,87bf5079-106b-4a12-b637-f7e208ba42e2,93ba2702-165f-4edf-af9a-3a9f600521ee
6a438d45a37ba439212946db,6a3f049ecf0a45b0826a06fb,Withdrawal,SUCCESS,2026-06-30T09:32:53.765Z,2026-06-30T09:32:54.768Z,3000000,BANK-TRF,2026-06-30T09:32:53.000Z,TRF_d00ndjxi0ztmopmo,a695a920-832e-4881-b9aa-7e2e165f3232,fof team,🙇‍♂️,,,,8063397513,OPay Digital Services Limited (OPay),WASIU  AKINREMI,9999910100561170301,,7b455ac4-189d-4a5c-b807-27882ecf1b6a,a695a920-832e-4881-b9aa-7e2e165f3232
6a438d92a37ba4392129471d,6a3f049ecf0a45b0826a06fb,Withdrawal,SUCCESS,2026-06-30T09:34:10.206Z,2026-06-30T09:34:11.196Z,3000000,BANK-TRF,2026-06-30T09:34:10.000Z,TRF_bnmp43unriyv2jjy,e97d90d2-ca9a-4b8f-986a-5c8c5c2ee4fe,fof team,🙇‍♂️,,,,1022106641,VFD Microfinance Bank Limited,PocketApp-FUNMILAYO JOY OMOWAYE,110006260630093408100561209401,,a5cfd6ea-f60d-494d-8466-91aa887f5b13,e97d90d2-ca9a-4b8f-986a-5c8c5c2ee4fe
6a4390aea37ba4392129480e,6a26d519648daaea32bfa659,Withdrawal,SUCCESS,2026-06-30T09:47:26.604Z,2026-06-30T09:47:27.573Z,500000,BANK-TRF,2026-06-30T09:47:26.000Z,TRF_lygtj2vdbauh2rr4,8ca15756-3785-43eb-b7db-0fefc010ddd5,entertainment,🎮,,,,6421980310,OPay Digital Services Limited (OPay),ABOSEDE PELUMI OYENEKAN,110006260630094724100561527101,Food,f214606e-9d11-4853-9b13-65cf22e9ec23,8ca15756-3785-43eb-b7db-0fefc010ddd5
6a4390b5a37ba43921294827,6a3f049ecf0a45b0826a06fb,Withdrawal,SUCCESS,2026-06-30T09:47:33.539Z,2026-06-30T09:47:35.389Z,3000000,BANK-TRF,2026-06-30T09:47:33.000Z,TRF_6g4uroazcrcp5uw8,54dfa217-5b53-4dd5-93b1-c20cbab94f6c,fof team,🙇‍♂️,,,,9018123814,OPay Digital Services Limited (OPay),IBRAHEEM AINA ADEMOYE,9999910100561530701,,fa8ddd14-c9dc-49e8-8753-77d257b2e52a,54dfa217-5b53-4dd5-93b1-c20cbab94f6c
6a43952ba37ba43921294866,6a3f049ecf0a45b0826a06fb,Withdrawal,SUCCESS,2026-06-30T10:06:35.997Z,2026-06-30T10:06:52.801Z,3000000,BANK-TRF,2026-06-30T10:06:35.000Z,TRF_t5jhgojs3d1m5mxc,c59b829a-2687-48d8-9183-e1a322f71eb2,fof team,🙇‍♂️,,,,8134029879,OPay Digital Services Limited (OPay),AYOTOMIWA OLUFEMI AJEWOLE,9999910100561988801,,882b7937-73e4-4e18-8929-a8b243cf936d,c59b829a-2687-48d8-9183-e1a322f71eb2
6a43a7f4a37ba43921294895,6a26d519648daaea32bfa659,Deposit,SUCCESS,2026-06-30T11:26:44.439Z,2026-06-30T11:26:44.439Z,7500000,BANK-TRF,2026-06-30T11:26:10.000Z,090110260630122538127609746476,AUTH_7c6voj1cx3,,,PocketApp-FUNMILAYO JOY OMOWAYE,VFD Microfinance Bank Limited,1022106641,,,,,,,
6a43ac2ea37ba4392129493b,6a26d519648daaea32bfa659,Withdrawal,SUCCESS,2026-06-30T11:44:46.212Z,2026-06-30T11:44:48.232Z,600000,BANK-TRF,2026-06-30T11:44:46.000Z,TRF_ol0ufgd6rj4cdpjz,73fea2fa-05b5-4713-b398-dd79473c16a3,entertainment,🎮,,,,8156431310,OPay Digital Services Limited (OPay),ELIJAH OPEYEMI BABALOLA,9999910100564516101,For sticker,d6ae42c9-dcb5-4dda-9df2-1cc4583ae04b,73fea2fa-05b5-4713-b398-dd79473c16a3
6a43e511a37ba43921294afe,6a26d519648daaea32bfa659,Withdrawal,SUCCESS,2026-06-30T15:47:29.778Z,2026-06-30T15:49:42.908Z,450000,BANK-TRF,2026-06-30T15:49:30.000Z,TRF_wztop5ym3664evdr,9e3e7724-c111-430d-ba45-0bdb0a98c6ac,Market Food runs,📌,,,,6555393809,OPay Digital Services Limited (OPay),MUMMY BEE NATURAL GLOBAL ENTERPRISES,110006260630154728100570749502,Pepper,103ae192-e3ae-41f3-8887-4cadc1b91d2f,9e3e7724-c111-430d-ba45-0bdb0a98c6ac
6a43e5a0a37ba43921294b49,691cc13665dffc4250474b6a,Withdrawal,SUCCESS,2026-06-30T15:49:52.717Z,2026-06-30T15:49:54.488Z,500000,BANK-TRF,2026-06-30T15:49:52.000Z,TRF_4uq79rgtkf13rgbd,4a61c95a-9773-43f3-b4ca-e247f5f3972b,bankFees,🏦,,,,8131655804,OPay Digital Services Limited (OPay),GOODNESS AYOBAMI TAIWO,9999910100570807401,,6a4c14dc-7d41-4215-983d-c0ac6708a766,4a61c95a-9773-43f3-b4ca-e247f5f3972b
6a43e61ea37ba43921294ba0,6a26d519648daaea32bfa659,Withdrawal,SUCCESS,2026-06-30T15:51:58.122Z,2026-06-30T15:53:04.601Z,200000,BANK-TRF,2026-06-30T15:53:03.000Z,TRF_mh0qkl3a836m51je,089d69a0-2744-486c-a0dd-34b542e67a30,Market Food runs,📌,,,,6555393809,OPay Digital Services Limited (OPay),MUMMY BEE NATURAL GLOBAL ENTERPRISES,110006260630155157100570857802,Pepper ,c3593aa4-1f44-4d1f-b8bd-74436915bd08,089d69a0-2744-486c-a0dd-34b542e67a30
6a43e75fa37ba43921294c34,6a26d519648daaea32bfa659,Withdrawal,SUCCESS,2026-06-30T15:57:19.864Z,2026-06-30T15:57:21.880Z,470000,BANK-TRF,2026-06-30T15:57:19.000Z,TRF_zc3shtg8fek6ncg4,2c901520-3607-4e2f-a30c-3519913cda49,Market Food runs,📌,,,,8162309518,OPay Digital Services Limited (OPay),EUCHERIA ISIOMA OKOLI,9999910100571003601,Paste,4d9e0214-8513-43a9-9832-9d9799d3afe7,2c901520-3607-4e2f-a30c-3519913cda49
6a43ece040a3aa84126980f9,6a26d519648daaea32bfa659,Withdrawal,SUCCESS,2026-06-30T16:20:48.739Z,2026-06-30T16:20:50.100Z,700000,BANK-TRF,2026-06-30T16:20:48.000Z,TRF_tz178yhz4inpaadc,3ef332cb-c384-4e32-a2ac-182697183ce0,Market Food runs,📌,,,,8135241099,OPay Digital Services Limited (OPay),ABIODUN IYABO  OLANIYI,9999910100571629401,,1c43d19e-cde6-46b6-b44a-4399d3effe24,3ef332cb-c384-4e32-a2ac-182697183ce0
6a43f28640a3aa84126981bc,6a26d519648daaea32bfa659,Withdrawal,SUCCESS,2026-06-30T16:44:54.651Z,2026-06-30T16:44:55.658Z,300000,BANK-TRF,2026-06-30T16:44:54.000Z,TRF_n4tx9hv8t7oclios,3977a7dd-f560-4b17-9fc7-92e9299fdf65,Market Food runs,📌,,,,9039927466,OPay Digital Services Limited (OPay),ASHIRU ILIYASU MUHAMMED,9999910100572331101,Pepper,4b47e1cd-9031-41a7-a003-af1f28ec34fd,3977a7dd-f560-4b17-9fc7-92e9299fdf65
6a43f61b40a3aa8412698242,691ec63d24cf6022a24d9775,Deposit,SUCCESS,2026-06-30T17:00:11.781Z,2026-06-30T17:00:11.781Z,70200000,BANK-TRF,2026-06-30T17:00:10.000Z,000013260630175937000033627344,AUTH_1rbd9i1ydk,,,KENT-ADEBAYO JOHN IYANUOLUWA,Guaranty Trust Bank,0137605007,,,,,,,
6a43f85640a3aa84126982b6,6a26d519648daaea32bfa659,Withdrawal,SUCCESS,2026-06-30T17:09:42.112Z,2026-06-30T17:09:51.008Z,2720000,BANK-TRF,2026-06-30T17:09:42.000Z,TRF_v45tr9gubqzqg2x0,1d8e31ae-1bf3-4df4-b4de-0831bbe734a1,Market Food runs,📌,,,,6425049730,OPay Digital Services Limited (OPay),FOLASHADE BOLANLE AHMADU,110006260630170940100572995901,Chicken and Rice,0cbc2519-10dc-4df4-be53-3a57b6d0c88b,1d8e31ae-1bf3-4df4-b4de-0831bbe734a1
6a43f8fb40a3aa841269833e,691ec63d24cf6022a24d9775,Withdrawal,SUCCESS,2026-06-30T17:12:27.332Z,2026-06-30T17:12:29.421Z,13005000,BANK-TRF,2026-06-30T17:12:27.000Z,TRF_aqime91icttt87qj,fd008f5c-9134-432c-93fe-789a79056043,Thrift,🎲,,,,6104892331,OPay Digital Services Limited (OPay),MOYINOLUWA ELIZABETH OYENIYI,110006260630171225100573063301,,de254497-0b2d-47e9-9636-a70f2ec28fa4,fd008f5c-9134-432c-93fe-789a79056043
6a43fa4c40a3aa8412698383,6a26d519648daaea32bfa659,Withdrawal,SUCCESS,2026-06-30T17:18:04.509Z,2026-06-30T17:19:00.203Z,180000,BANK-TRF,2026-06-30T17:18:04.000Z,TRF_juxbtx1m2y1jbmg0,0ab50ed3-c1dd-4334-b1d6-b16ccbd26564,Market Food runs,📌,,,,6425049730,OPay Digital Services Limited (OPay),FOLASHADE BOLANLE AHMADU,110006260630171802100573213901,Chicken and Rice,bc1efcec-8e72-40bd-92dc-e97782802283,0ab50ed3-c1dd-4334-b1d6-b16ccbd26564
6a4400db40a3aa8412698475,691ec63d24cf6022a24d9775,Withdrawal,SUCCESS,2026-06-30T17:46:03.275Z,2026-06-30T17:46:08.949Z,12000000,BANK-TRF,2026-06-30T17:46:03.000Z,TRF_7gmo06zz4trhzv9l,ea5bbbb9-595a-469e-afe4-951ffd789e71,loan,📉,,,,1100018272,Kuda Bank,IYANUOLUWA JOHN ADEBAYO,110006260630174601100573927601,,74a80591-f919-461f-8379-efc61ef4a5dc,ea5bbbb9-595a-469e-afe4-951ffd789e71
6a440eec40a3aa841269855f,691ec63d24cf6022a24d9775,Withdrawal,SUCCESS,2026-06-30T18:46:04.490Z,2026-06-30T18:46:06.689Z,7000000,BANK-TRF,2026-06-30T18:46:04.000Z,TRF_tk3adf1qssus4eya,7044cef7-43b0-4c50-8e14-dca6d72a0081,Tithe ,🍩,,,,0089237750,Access Bank,ADENRELE OLALEKAN ADEBAYO,110006260630184603100575545601,,3131b435-1662-4ea3-8e93-d6e2d6cd0fcd,7044cef7-43b0-4c50-8e14-dca6d72a0081
6a4410f240a3aa84126985f9,691da422142342a5c3cf0c93,Withdrawal,SUCCESS,2026-06-30T18:54:42.314Z,2026-06-30T18:54:44.379Z,300000,BANK-TRF,2026-06-30T18:54:42.000Z,TRF_zi5sarspni517vjd,4ffadf69-f886-419e-b9e5-ccd2a46281c9,donation,🙏,,,,9138922033,OPay Digital Services Limited (OPay),OREOLUWA FELICIAL SOYOYE,9999910100575791601,,8b9818e0-d711-44d4-9c4e-ed086d9ac1da,4ffadf69-f886-419e-b9e5-ccd2a46281c9
6a44454340a3aa8412698712,6a3f049ecf0a45b0826a06fb,Withdrawal,SUCCESS,2026-06-30T22:37:55.566Z,2026-06-30T22:37:57.620Z,860000,BANK-TRF,2026-06-30T22:37:55.000Z,TRF_vmgfh4j8s8hstfeq,f5c327ef-ebe0-4734-97c4-2c6495ba6e54,fof team,🙇‍♂️,,,,1100018272,Kuda Bank,IYANUOLUWA JOHN ADEBAYO,110006260630223753100582456501,,2f5211e0-f73c-46ee-beb4-cc8c1ba8266b,f5c327ef-ebe0-4734-97c4-2c6495ba6e54
6a44a5f540a3aa84126987f0,6a22e229e4f1fd71697c620c,Deposit,SUCCESS,2026-07-01T05:30:29.122Z,2026-07-01T05:30:29.122Z,1500000,BANK-TRF,2026-07-01T05:19:44.000Z,000004260701061919414744362784,AUTH_6kqhsk36ik,,,ADEBAYO OLUFUNKE OMOWUNMI AND ADEBAYO ADENRELE OLALEKAN,United Bank For Africa,2277693512,,,,,,,
6a44d54440a3aa84126988b5,6a26d519648daaea32bfa659,Withdrawal,SUCCESS,2026-07-01T08:52:20.845Z,2026-07-01T08:52:21.828Z,400000,BANK-TRF,2026-07-01T08:52:20.000Z,TRF_nfmm3lput1vdywhd,6acb925a-637f-4bb8-8afe-4f70c601db62,Market Food runs,📌,,,,9076359447,OPay Digital Services Limited (OPay),GODSPOWER MOYEGE OLUWAYINKA,9999910100596113001,Moneyy,5a804601-e0e2-4f6d-b6f9-d1a2ec2c15bf,6acb925a-637f-4bb8-8afe-4f70c601db62
6a44e66440a3aa8412698ad6,6a11a8b96bb1f3d6587ce0cc,Withdrawal,SUCCESS,2026-07-01T10:05:24.754Z,2026-07-01T10:05:46.072Z,500000,BANK-TRF,2026-07-01T10:05:24.000Z,TRF_8eeetmq6csvxi8zj,a8568966-573b-4e2c-b8dd-661e023860ac,savings,💰,,,,8165696419,Moniepoint MFB,OLUWAPELUMI OLUWAFUNMILAYO OMONIJE,505150100598932101,Gas refund ,b27742ef-861f-45e5-aeb7-77a13ac78876,a8568966-573b-4e2c-b8dd-661e023860ac
6a450c7040a3aa8412698b6c,6a26d519648daaea32bfa659,Deposit,SUCCESS,2026-07-01T12:47:44.948Z,2026-07-01T12:47:44.948Z,550000,BANK-TRF,2026-07-01T12:47:43.000Z,100004260701124712164110651783,AUTH_3by85u2noh,,,MONSURAT ABIOLA LABODE,OPay Digital Services Limited (OPay),8069815333,,,,,,,
6a4514a240a3aa8412698bcb,6a45120240a3aa8412698b72,Deposit,SUCCESS,2026-07-01T13:22:42.819Z,2026-07-01T13:22:42.819Z,1150000,BANK-TRF,2026-07-01T13:22:41.000Z,090110260701142232534293762313,AUTH_0m0tusc2tz,,,Vant,VFD Microfinance Bank Limited,1026459314,,,,,,,
6a45194940a3aa8412698e70,69235443db9c0f9697a47d20,Withdrawal,SUCCESS,2026-07-01T13:42:33.731Z,2026-07-01T13:42:34.705Z,1800000,BANK-TRF,2026-07-01T13:42:33.000Z,TRF_rp0kwkxhv6tea2ci,ea7eff98-8c92-4a58-9757-65c592722dff,fuel,⛽,,,,5032459939,Moniepoint MFB,POS Transfer-ONYA FANNY MICHAEL,505150100605191401,,6824bbbc-be96-44af-a4a6-b473b19435da,ea7eff98-8c92-4a58-9757-65c592722dff
6a4519bc40a3aa8412698ebe,69235443db9c0f9697a47d20,Withdrawal,SUCCESS,2026-07-01T13:44:28.259Z,2026-07-01T13:44:30.413Z,1200000,BANK-TRF,2026-07-01T13:44:28.000Z,TRF_cpb6as042j368dpt,5d84d28b-cf99-4de0-9dc8-46401a7978c7,fuel,⛽,,,,8060223471,OPay Digital Services Limited (OPay),SIDIKAT JOKE AKINBODE,9999910100605251101,,ac77188c-cce9-4088-b123-4c747c3a7ac2,5d84d28b-cf99-4de0-9dc8-46401a7978c7
6a45292c40a3aa8412698ff0,6a26d519648daaea32bfa659,Withdrawal,SUCCESS,2026-07-01T14:50:20.792Z,2026-07-01T14:50:22.965Z,300000,BANK-TRF,2026-07-01T14:50:20.000Z,TRF_o6zg6g5cxrks9rl6,22c5c5d0-d8f1-437f-a9c9-475aa565a4d8,Market Food runs,📌,,,,7010242696,OPay Digital Services Limited (OPay),SAMUEL OLUWASEUN OLA,9999910100607012201,,12991878-fe29-45bf-97cd-945468349675,22c5c5d0-d8f1-437f-a9c9-475aa565a4d8
6a454bcf21ffa130ddcf39c0,691ec63d24cf6022a24d9775,Withdrawal,SUCCESS,2026-07-01T17:18:07.864Z,2026-07-01T17:18:09.894Z,639000,BANK-TRF,2026-07-01T17:18:07.000Z,TRF_732fxp2lko5n0p7m,e913effe-6354-4547-a44d-eadb3ecfbd40,transportation,🚌,,,,9888467388,Paystack-Titan,PAYSTACK CHECKOUT,110006260701171805100610764401,,1b32f5a6-66e1-4552-ba59-f900e526e3a0,e913effe-6354-4547-a44d-eadb3ecfbd40
6a454ccd21ffa130ddcf3a3a,6a26d519648daaea32bfa659,Withdrawal,SUCCESS,2026-07-01T17:22:21.841Z,2026-07-01T17:22:23.777Z,2000000,BANK-TRF,2026-07-01T17:22:21.000Z,TRF_qdwznqbn9o1uhhz9,5fac0103-6299-4203-b87c-141bfea52ea0,Market Food runs,📌,,,,6113509656,OPay Digital Services Limited (OPay),ENERGY SWITCH ALLIED OIL SERVICES ITA OSHIN 3,110006260701172219100610857001,Fuel,4c6e3958-c43b-493c-9e7c-abdcc6b393a8,5fac0103-6299-4203-b87c-141bfea52ea0
6a45509521ffa130ddcf3b05,691ec63d24cf6022a24d9775,Withdrawal,SUCCESS,2026-07-01T17:38:29.271Z,2026-07-01T17:38:31.237Z,10000000,BANK-TRF,2026-07-01T17:38:29.000Z,TRF_6qz90vnn6smbdgay,54a6fad7-62ae-4876-ae4f-6bb535ec9803,loan,📉,,,,6104892331,OPay Digital Services Limited (OPay),MOYINOLUWA ELIZABETH OYENIYI,110006260701173827100611256801,,c706e3d9-f591-440b-a8bd-474016397643,54a6fad7-62ae-4876-ae4f-6bb535ec9803
6a46118c21ffa130ddcf3cc5,691ec63d24cf6022a24d9775,Withdrawal,SUCCESS,2026-07-02T07:21:48.487Z,2026-07-02T07:21:50.541Z,2500000,BANK-TRF,2026-07-02T07:21:48.000Z,TRF_cto31ew9txqv21kl,b76d3485-db90-4ab8-8201-aa23fb6bf22a,internet,🌐,,,,9889844193,Paystack-Titan,PAYSTACK CHECKOUT,110006260702072146100628059001,,5456e5b0-36e9-442b-be59-77671fe5758c,b76d3485-db90-4ab8-8201-aa23fb6bf22a
6a46175621ffa130ddcf3cf7,6a26d519648daaea32bfa659,Deposit,SUCCESS,2026-07-02T07:46:30.124Z,2026-07-02T07:46:30.124Z,2500000,BANK-TRF,2026-07-02T07:46:28.000Z,000016260702084615002281391808,AUTH_sldeqsljbm,,,OLUWAYINKA CONSTANCE ONYEKWULULECHI,First Bank of Nigeria,2005123753,,,,,,,
6a46545121ffa130ddcf3dd5,6932d190429d8b20969ecd47,Withdrawal,SUCCESS,2026-07-02T12:06:41.755Z,2026-07-02T12:06:54.664Z,3500000,BANK-TRF,2026-07-02T12:06:41.000Z,TRF_jfg37nr560cmaglw,71f48531-a2b5-42aa-9fc5-1101c099d8cf,fuel,⛽,,,,0459808836,Guaranty Trust Bank,UMOH ESTHER ENOBONG,110006260702120640100636141201,,f822ee22-526e-48d7-b215-786f63d46a3d,71f48531-a2b5-42aa-9fc5-1101c099d8cf
6a467a5421ffa130ddcf3ee8,6a26d519648daaea32bfa659,Withdrawal,SUCCESS,2026-07-02T14:48:52.789Z,2026-07-02T14:48:53.782Z,500000,BANK-TRF,2026-07-02T14:48:52.000Z,TRF_7cz9qd47xtvihan4,798be1f8-b68c-4426-a589-25a6ac79ed07,entertainment,🎮,,,,9076359447,OPay Digital Services Limited (OPay),GODSPOWER MOYEGE OLUWAYINKA,9999910100641211501,Money,065427f9-6d50-4609-9c35-ccc4c2d27a1d,798be1f8-b68c-4426-a589-25a6ac79ed07
6a4693b721ffa130ddcf3f2e,6a26d519648daaea32bfa659,Withdrawal,SUCCESS,2026-07-02T16:37:11.795Z,2026-07-02T16:37:13.973Z,600000,BANK-TRF,2026-07-02T16:37:11.000Z,TRF_l040n7f1luelexix,580e8ac9-e4ef-48a4-ba1e-fee082e274f5,entertainment,🎮,,,,8069091718,OPay Digital Services Limited (OPay),CONSTANCE ONYEKWULULECHI OLUWAYINKA,9999910100644525001,,b23f816d-fb8e-4d42-9e91-d62bc3278404,580e8ac9-e4ef-48a4-ba1e-fee082e274f5
6a47796784c4269e59c76243,6a26d519648daaea32bfa659,Withdrawal,SUCCESS,2026-07-03T08:57:11.753Z,2026-07-03T08:57:13.618Z,230000,BANK-TRF,2026-07-03T08:57:11.000Z,TRF_h08r0bt68409nbwi,e1cdc0ab-b2a6-424a-8198-05d4a7e2eb21,Market Food runs,📌,,,,8142831747,OPay Digital Services Limited (OPay),ABIODUN  OLADIPUPO,9999910100669152701,Food,5c82abef-368b-45ec-af41-d7ab12e01f75,e1cdc0ab-b2a6-424a-8198-05d4a7e2eb21
6a477e7484c4269e59c7629b,6a26d519648daaea32bfa659,Withdrawal,SUCCESS,2026-07-03T09:18:44.200Z,2026-07-03T09:18:46.027Z,270000,BANK-TRF,2026-07-03T09:18:44.000Z,TRF_1yxsarrzs4jhcqdr,e8caeb78-737a-406d-9f87-9cdbe0d7c93d,Market Food runs,📌,,,,8142831747,OPay Digital Services Limited (OPay),ABIODUN  OLADIPUPO,9999910100669976901,Food,c271a605-571e-45cd-a792-d2ec267b3324,e8caeb78-737a-406d-9f87-9cdbe0d7c93d
6a47896684c4269e59c76372,693dbac6b7bb1eb7bf94ed2c,Withdrawal,SUCCESS,2026-07-03T10:05:26.591Z,2026-07-03T10:05:29.402Z,4000000,BANK-TRF,2026-07-03T10:05:26.000Z,TRF_w746yzd3shtbmaoo,8c4b154b-b1fc-4400-ad14-ec0b806745b8,bankFees,🏦,,,,9124324818,PalmPay,FEMI GABRIEL FASHOLA,110006260703100523100671375101,,e2931347-50e7-4e99-a37a-9a5bec30891e,8c4b154b-b1fc-4400-ad14-ec0b806745b8
6a478cc084c4269e59c763a5,6a26d519648daaea32bfa659,Deposit,SUCCESS,2026-07-03T10:19:44.892Z,2026-07-03T10:19:44.892Z,250000,BANK-TRF,2026-07-03T10:19:41.000Z,100004260703101912164298287199,AUTH_us4fx4fqbg,,,TESTIMONY MORENIKE BANKOLE,OPay Digital Services Limited (OPay),8068726532,,,,,,,
6a47c7ec84c4269e59c763ee,69a5bbdf659708be74a8365c,Deposit,SUCCESS,2026-07-03T14:32:12.603Z,2026-07-03T14:32:12.603Z,2800000,BANK-TRF,2026-07-03T14:32:11.000Z,100004260703143157164323163586,AUTH_0ze3i5br83,,,JAMES JESUGBEMILEKE KEHINDE,OPay Digital Services Limited (OPay),8147323999,,,,,,,
6a47c9c484c4269e59c76511,6a26d519648daaea32bfa659,Withdrawal,SUCCESS,2026-07-03T14:40:04.796Z,2026-07-03T14:40:06.924Z,150000,BANK-TRF,2026-07-03T14:40:04.000Z,TRF_8dq60dqr3vjokcoi,6cc6445d-7305-424e-90d7-006308edd45c,food,🥑,,,,9021963192,Moniepoint MFB,GRACE IFEOLUWA ADEGOKE,505150100681137901,For Chinchin for two people ,36b145a7-e594-4310-a4db-aad3bcf03521,6cc6445d-7305-424e-90d7-006308edd45c
6a47cc9d84c4269e59c76598,691ec63d24cf6022a24d9775,Withdrawal,SUCCESS,2026-07-03T14:52:13.485Z,2026-07-03T14:52:15.337Z,1020000,BANK-TRF,2026-07-03T14:52:13.000Z,TRF_mdtxdm1xc3zitsz7,a97a4618-764a-425f-b778-d5642cb7512c,transportation,🚌,,,,6108627567,OPay Digital Services Limited (OPay),REGDAM COMMUNICATIONS,110006260703145212100681484801,,4743931e-be8c-40d4-a68d-2e4e0c6fb97c,a97a4618-764a-425f-b778-d5642cb7512c
6a47d2f784c4269e59c76681,6a26d519648daaea32bfa659,Withdrawal,SUCCESS,2026-07-03T15:19:19.898Z,2026-07-03T15:19:25.613Z,160000,BANK-TRF,2026-07-03T15:19:19.000Z,TRF_4kra08pamy12bds7,20737bca-8268-483e-a643-3731bf0926a7,gift,🎁,,,,5369030908,Moniepoint MFB,OBASOFT BUSINESS CONSULT LTD LTD,505150100682241301,,7b7ec47f-0bce-4fcb-8d5f-3cfed0898642,20737bca-8268-483e-a643-3731bf0926a7
6a48b1962f24d9bb6e443ea5,692c2e0bc0076069f22e7a0d,Deposit,SUCCESS,2026-07-04T07:09:10.467Z,2026-07-04T07:09:10.467Z,300000,BANK-TRF,2026-07-04T07:08:12.000Z,100004260704070759164381568176,AUTH_hwwx0afwqp,,,ADEDOYIN ROSELINE ADESANYA,OPay Digital Services Limited (OPay),8025110373,,,,,,,
6a4902882f24d9bb6e443f82,692c2e0bc0076069f22e7a0d,Withdrawal,SUCCESS,2026-07-04T12:54:32.744Z,2026-07-04T12:54:45.077Z,100000,BANK-TRF,2026-07-04T12:54:32.000Z,TRF_8bephnwmsicvg42p,1a5aec79-e05e-4ce9-b1ec-dc0cb655d615,bankFees,🏦,,,,8025110373,OPay Digital Services Limited (OPay),ADEDOYIN ROSELINE ADESANYA,9999910100715668701,,77052a9d-a0e5-4fb1-af87-e97da8d7cbea,1a5aec79-e05e-4ce9-b1ec-dc0cb655d615
6a4902f82f24d9bb6e44403d,692c2e0bc0076069f22e7a0d,Withdrawal,SUCCESS,2026-07-04T12:56:24.804Z,2026-07-04T12:56:27.921Z,100000,BANK-TRF,2026-07-04T12:56:24.000Z,TRF_r0ss4x0e7j28kslx,a56fc07d-b020-47c6-843a-5e0a446423d1,beauty,💅,,,,8025110373,OPay Digital Services Limited (OPay),ADEDOYIN ROSELINE ADESANYA,9999910100715826301,,e31ad9c4-f2e2-4dab-85fe-eee71c76bd55,a56fc07d-b020-47c6-843a-5e0a446423d1
6a490ee12f24d9bb6e444058,691ec63d24cf6022a24d9775,Deposit,SUCCESS,2026-07-04T13:47:13.244Z,2026-07-04T13:47:13.244Z,5000000,BANK-TRF,2026-07-04T13:47:12.000Z,100004260704134703164422225049,AUTH_8h58hrzgd7,,,ADENIYI STEPHEN IDOWU,OPay Digital Services Limited (OPay),8134732067,,,,,,,
6a4925502f24d9bb6e44428d,6a26d519648daaea32bfa659,Withdrawal,SUCCESS,2026-07-04T15:22:56.270Z,2026-07-04T15:22:57.268Z,410000,BANK-TRF,2026-07-04T15:22:56.000Z,TRF_x9dtu18h7e7baznp,901f4bac-c9c4-46a2-aad5-fc4086facde9,food,🥑,,,,6105429310,OPay Digital Services Limited (OPay),"Chicken Republic OGUN, OKE ILEWO",110006260704152254100723834201,Food,3452e182-0a48-44f3-89e8-0d95c50ec72e,901f4bac-c9c4-46a2-aad5-fc4086facde9
6a4929122f24d9bb6e444364,6a26d519648daaea32bfa659,Withdrawal,SUCCESS,2026-07-04T15:38:58.330Z,2026-07-04T15:38:59.313Z,750000,BANK-TRF,2026-07-04T15:38:58.000Z,TRF_s1j71fxteev1q2ec,51e04a12-e194-4c55-8d5e-4bc73185796b,food,🥑,,,,8277605468,Moniepoint MFB,FOODCO NIG ABEOKUTA 4,505150100724345101,Food,8b0a7780-fe12-4203-9ebd-d9dcf47ccf2a,51e04a12-e194-4c55-8d5e-4bc73185796b
6a496c699458d014c26a5ab6,691ec63d24cf6022a24d9775,Withdrawal,SUCCESS,2026-07-04T20:26:17.083Z,2026-07-04T20:26:18.993Z,150000,BANK-TRF,2026-07-04T20:26:16.000Z,TRF_b2arg5g8rljsajvl,3fa32b75-a747-4c4f-9df6-ebe566f1d77d,transportation,🚌,,,,9055485433,OPay Digital Services Limited (OPay),PATRICK NFONOBONG SAMUEL,9999910100733706501,,2b81af48-2912-4047-be80-2ddb3ef8f84f,3fa32b75-a747-4c4f-9df6-ebe566f1d77d
6a4a11019458d014c26a5bfc,6a22e229e4f1fd71697c620c,Withdrawal,SUCCESS,2026-07-05T08:08:33.773Z,2026-07-05T08:08:53.043Z,500000,BANK-TRF,2026-07-05T08:08:33.000Z,TRF_sz557v53uddwt470,88cce01a-d366-46ad-b834-2a22ec51f746,savings,💰,,,,8154656380,PalmPay,ADENIKE BOSE ADENUGA,110006260705080830100746656001,,d1360919-d1c1-43a1-8136-8fcb04b5d4a9,88cce01a-d366-46ad-b834-2a22ec51f746
6a4a2f479458d014c26a5ccf,6a26d519648daaea32bfa659,Deposit,SUCCESS,2026-07-05T10:17:43.812Z,2026-07-05T10:17:43.812Z,100000,BANK-TRF,2026-07-05T10:17:42.000Z,100004260705101719164496414947,AUTH_tejl85r50y,,,SAKIRU TOLANI OLOWOOKERE,OPay Digital Services Limited (OPay),8062306255,,,,,,,
6a4a476b9458d014c26a5df1,6a26d519648daaea32bfa659,Withdrawal,SUCCESS,2026-07-05T12:00:43.223Z,2026-07-05T12:00:46.519Z,210000,BANK-TRF,2026-07-05T12:00:43.000Z,TRF_qe7h7rcgicej0jag,d4784357-e21a-436f-aa37-633aaf792f43,food,🥑,,,,8261560023,Moniepoint MFB,POS Transfer - MONSURU OLANIYAN,505150100752825101,,f1175952-4da7-4f8d-9434-2990aabb7ab5,d4784357-e21a-436f-aa37-633aaf792f43
6a4a4dff9458d014c26a5eb2,6a26d519648daaea32bfa659,Withdrawal,SUCCESS,2026-07-05T12:28:47.905Z,2026-07-05T12:29:28.884Z,500000,BANK-TRF,2026-07-05T12:28:47.000Z,TRF_mfbwhmzkwhx19rzg,645d2aff-469f-4615-8939-b64831e89c38,food,🥑,,,,8060327199,OPay Digital Services Limited (OPay),OLUWASAYO MOSES OLONADE,9999910100753593101,For jeans,14d66b35-0529-4ae1-97ef-3a88f485aa4a,645d2aff-469f-4615-8939-b64831e89c38
6a4a51cc9458d014c26a5ee6,691ec63d24cf6022a24d9775,Withdrawal,SUCCESS,2026-07-05T12:45:00.244Z,2026-07-05T12:45:02.282Z,50000,BANK-TRF,2026-07-05T12:45:00.000Z,TRF_elyatetu7pdiqyve,d992e750-4f41-4682-8363-621519d66a76,transportation,🚌,,,,5290948570,Moniepoint MFB,IYANUOLUWA JOHN ADEBAYO,505150100754048601,,fdcaf4a7-75a3-4503-bd5a-639e5e5f6884,d992e750-4f41-4682-8363-621519d66a76
6a4a55379458d014c26a5f81,692c2e0bc0076069f22e7a0d,Withdrawal,SUCCESS,2026-07-05T12:59:35.974Z,2026-07-05T12:59:37.995Z,150000,BANK-TRF,2026-07-05T12:59:35.000Z,TRF_9h08cqe6dz2q1ijm,16140117-f35c-42ff-b8c9-5d34dba3ea83,books,📚,,,,8025110373,OPay Digital Services Limited (OPay),ADEDOYIN ROSELINE ADESANYA,9999910100754449301,,0ef4d3c3-56c0-443a-8da0-22e3121466f4,16140117-f35c-42ff-b8c9-5d34dba3ea83
6a4a597a9458d014c26a6014,691ec63d24cf6022a24d9775,Withdrawal,SUCCESS,2026-07-05T13:17:46.894Z,2026-07-05T13:17:48.905Z,1500000,BANK-TRF,2026-07-05T13:17:46.000Z,TRF_3cjz6hfwx8y93qk6,4a671a8b-c113-48bd-b2cc-8c828ce84332,fuel,⛽,,,,5023669097,Moniepoint MFB,TINUOLA GLOBAL INVESTMENT LIMITED - Bugatee Petrol Station 2,505150100754967401,,3c253841-dee7-48ff-8a65-5868e1c743ec,4a671a8b-c113-48bd-b2cc-8c828ce84332
6a4a76c09458d014c26a6142,692c2e0bc0076069f22e7a0d,Deposit,SUCCESS,2026-07-05T15:22:40.226Z,2026-07-05T15:22:40.226Z,500000,BANK-TRF,2026-07-05T15:22:38.000Z,100004260705152212164521980325,AUTH_qpt7o7kciy,,,ADEDOYIN ROSELINE ADESANYA,OPay Digital Services Limited (OPay),8025110373,,,,,,,
6a4a8a569458d014c26a62a2,6a26d519648daaea32bfa659,Withdrawal,SUCCESS,2026-07-05T16:46:14.949Z,2026-07-05T16:46:16.985Z,160000,BANK-TRF,2026-07-05T16:46:14.000Z,TRF_83awk2upwzl98ti5,d26b8c2e-893e-4c5d-b2f3-9e2bd19e0de8,food,🥑,,,,6419219771,OPay Digital Services Limited (OPay),OLUWAJUWON TAYO ADENIYI,110006260705164612100762397901,,bbbc0e6f-1cc7-4a27-900d-afadb4036ce7,d26b8c2e-893e-4c5d-b2f3-9e2bd19e0de8
6a4aa6629458d014c26a6334,691ec63d24cf6022a24d9775,Withdrawal,SUCCESS,2026-07-05T18:45:54.678Z,2026-07-05T18:45:56.599Z,450000,BANK-TRF,2026-07-05T18:45:54.000Z,TRF_f1okvjsxw9sj6soj,9c88c6f0-3776-4e01-a36a-2a8199168597,transportation,🚌,,,,5290948570,Moniepoint MFB,IYANUOLUWA JOHN ADEBAYO,505150100766534201,,1660484d-4ab5-4791-be6a-4a158c31beec,9c88c6f0-3776-4e01-a36a-2a8199168597
6a4ad7159362de22ef1dd7ef,6a45120240a3aa8412698b72,Deposit,SUCCESS,2026-07-05T22:13:41.735Z,2026-07-05T22:13:41.735Z,4200000,BANK-TRF,2026-07-05T22:13:40.000Z,090110260705231304653686603280,AUTH_oiw63ssc81,,,Vant,VFD Microfinance Bank Limited,1026459314,,,,,,,
6a4af45f9362de22ef1dd93e,69235443db9c0f9697a47d20,Withdrawal,SUCCESS,2026-07-06T00:18:39.780Z,2026-07-06T00:24:56.289Z,2400000,BANK-TRF,2026-07-06T00:18:39.000Z,TRF_klrbkps2e3sz0d32,2928457d-e29a-47ff-81bb-59b076221de5,transportation,🚌,,,,5032459939,Moniepoint MFB,POS Transfer-ONYA FANNY MICHAEL,505150100775929701,,ab518304-12eb-4439-a06c-e6ab36df2ab0,2928457d-e29a-47ff-81bb-59b076221de5
6a4b6b199362de22ef1dda02,691ec63d24cf6022a24d9775,Withdrawal,SUCCESS,2026-07-06T08:45:13.985Z,2026-07-06T08:45:15.868Z,9100000,BANK-TRF,2026-07-06T08:45:13.000Z,TRF_sef0fgehbur1lnnn,283a9607-a5ce-4102-927e-6363ab7c452c,food,🥑,,,,0125547744,Guaranty Trust Bank,KENTADEBAYO TAIWO OLAWUMI,110006260706084512100787039401,,6d6203c7-24c4-4098-bcb6-a4181c03acb5,283a9607-a5ce-4102-927e-6363ab7c452c
6a4b7fe59362de22ef1ddacc,6a26d519648daaea32bfa659,Withdrawal,SUCCESS,2026-07-06T10:13:57.767Z,2026-07-06T10:14:28.031Z,360000,BANK-TRF,2026-07-06T10:13:57.000Z,TRF_pqry24my49bdx8y3,7ed103e3-6483-49a1-a1e6-b5a153c67f15,books,📚,,,,8142831747,OPay Digital Services Limited (OPay),ABIODUN  OLADIPUPO,9999910100790312801,Food,b6ee1fd2-9c90-4e94-b865-f0697d742469,7ed103e3-6483-49a1-a1e6-b5a153c67f15
6a4b80d79362de22ef1ddb7f,691ec63d24cf6022a24d9775,Withdrawal,SUCCESS,2026-07-06T10:17:59.457Z,2026-07-06T10:18:01.262Z,200000,BANK-TRF,2026-07-06T10:17:59.000Z,TRF_ho7exi1spcc79xd8,34bbf5a4-7382-47e0-829f-82e95f5f4b32,food,🥑,,,,9055485433,OPay Digital Services Limited (OPay),PATRICK NFONOBONG SAMUEL,9999910100790443101,,e74dea7d-5f5a-4d81-a2a5-7691d2595c48,34bbf5a4-7382-47e0-829f-82e95f5f4b32
6a4b8de59362de22ef1ddbb0,6a26d519648daaea32bfa659,Deposit,SUCCESS,2026-07-06T11:13:41.040Z,2026-07-06T11:13:41.040Z,200000,BANK-TRF,2026-07-06T11:13:39.000Z,100004260706111325164586972828,AUTH_bcl086er8z,,,PRECIOUS ABOSEDE ADEYEMO,OPay Digital Services Limited (OPay),7047320273,,,,,,,
6a4bc5bb9362de22ef1ddc0d,6a12e950b03e0745adb1b72e,Deposit,SUCCESS,2026-07-06T15:11:55.197Z,2026-07-06T15:11:55.197Z,2000000,BANK-TRF,2026-07-06T15:11:11.000Z,090405260706161051365912097625,AUTH_cexs2qkemz,,,GABRIEL OLUWASEUN OLA,Moniepoint MFB,5249487354,,,,,,,
6a4ccd373af4bca05d37149d,692c2e0bc0076069f22e7a0d,Withdrawal,SUCCESS,2026-07-07T09:56:07.408Z,2026-07-07T09:56:09.489Z,50000,BANK-TRF,2026-07-07T09:56:07.000Z,TRF_2g4t7v34hmjz7url,884a2daf-9184-4728-9338-7f2a73c2e222,books,📚,,,,8025110373,OPay Digital Services Limited (OPay),ADEDOYIN ROSELINE ADESANYA,9999910100824926501,,455763c6-2c73-4a04-adf6-47b2d778d3e6,884a2daf-9184-4728-9338-7f2a73c2e222
6a4d26393af4bca05d3715aa,6a26d519648daaea32bfa659,Withdrawal,SUCCESS,2026-07-07T16:15:53.797Z,2026-07-07T16:16:16.627Z,200000,BANK-TRF,2026-07-07T16:15:53.000Z,TRF_6x8wq9gar28wnh24,af22123b-7e2b-4570-a2e4-9dbb102aef0e,beauty,💅,,,,7026684562,OPay Digital Services Limited (OPay),MOJISOLA RISIKAT OKEOWO,9999910100836733801,,33b2caa8-4f13-4218-a06b-16816fe9d706,af22123b-7e2b-4570-a2e4-9dbb102aef0e
6a4d26df3af4bca05d371685,691ec63d24cf6022a24d9775,Withdrawal,SUCCESS,2026-07-07T16:18:39.005Z,2026-07-07T16:19:19.842Z,500000,BANK-TRF,2026-07-07T16:18:38.000Z,TRF_6zpvh69ns28ktty3,7dc2fff4-ce40-4bf6-aedf-b49b07c957b6,fuel,⛽,,,,5483619027,Moniepoint MFB,DATAAD PETROCHEMICAL COY2,505150100836797101,,c79b822a-a46c-4c42-a4cf-9f0add0df630,7dc2fff4-ce40-4bf6-aedf-b49b07c957b6
6a4d3f293af4bca05d371746,6a26d519648daaea32bfa659,Withdrawal,SUCCESS,2026-07-07T18:02:17.520Z,2026-07-07T18:02:19.406Z,430000,BANK-TRF,2026-07-07T18:02:17.000Z,TRF_f3i2yb3n2sh6xhe4,6e43d27f-c617-49e2-87eb-8aaf9250e0b9,food,🥑,,,,5749297484,Moniepoint MFB,24HRS RESTAURANT AND CATERING SERVICES,505150100839915901,,3930fa28-919a-4543-b312-b241f63fdbc1,6e43d27f-c617-49e2-87eb-8aaf9250e0b9
6a4d51c13af4bca05d3718f6,691ec63d24cf6022a24d9775,Withdrawal,SUCCESS,2026-07-07T19:21:37.235Z,2026-07-07T19:22:00.428Z,1500000,BANK-TRF,2026-07-07T19:21:37.000Z,TRF_evnjhumneyo3tbj3,e981a236-d5f1-46cd-aa17-8c9572c670a1,fuel,⛽,,,,8238270029,Moniepoint MFB,POS Transfer - BAYODE ADEWUNMI,505150100843260301,,d51e152f-0fc7-4858-9134-220a681bd9fc,e981a236-d5f1-46cd-aa17-8c9572c670a1
6a4d536c3af4bca05d3719f8,691ec63d24cf6022a24d9775,Withdrawal,SUCCESS,2026-07-07T19:28:44.402Z,2026-07-07T19:28:50.628Z,250000,BANK-TRF,2026-07-07T19:28:44.000Z,TRF_qpr55omq45vyzeed,f2418a85-9829-44a2-87aa-5b4c50bedb6b,food,🥑,,,,7079444748,OPay Digital Services Limited (OPay),ANAS  BUHARI,9999910100843496701,,c04eab48-00ee-45fd-a41d-3dea80207eca,f2418a85-9829-44a2-87aa-5b4c50bedb6b
6a4d6859c369f6130ab11930,6932d190429d8b20969ecd47,Withdrawal,SUCCESS,2026-07-07T20:58:01.261Z,2026-07-07T20:58:14.495Z,4500000,BANK-TRF,2026-07-07T20:58:01.000Z,TRF_044a157yzoo8lbyc,7e88b9a7-5897-445b-90dc-af6287472f9d,internet,🌐,,,,0151337861,Guaranty Trust Bank,ONUH EMMANUEL CHIBIKE,110006260707205759100846259901,,436ad066-450a-4d27-ba90-0c0997e61e5d,7e88b9a7-5897-445b-90dc-af6287472f9d
6a4d68b1c369f6130ab119ac,6932d190429d8b20969ecd47,Withdrawal,SUCCESS,2026-07-07T20:59:29.503Z,2026-07-07T20:59:30.525Z,1500000,BANK-TRF,2026-07-07T20:59:29.000Z,TRF_pdy7rdpugfr7cb7z,1f11751b-db4e-45ec-9313-64949fbab4e4,groceries,🛒,,,,0459808836,Guaranty Trust Bank,UMOH ESTHER ENOBONG,110006260707205927100846307601,,b0c3be16-36fe-4cd8-9ce8-abd3c266fccc,1f11751b-db4e-45ec-9313-64949fbab4e4
6a4d6aafc369f6130ab119dd,6932d190429d8b20969ecd47,Withdrawal,SUCCESS,2026-07-07T21:07:59.121Z,2026-07-07T21:08:00.121Z,2000000,BANK-TRF,2026-07-07T21:07:59.000Z,TRF_eucph7dh4dm2hzl3,a81b00d1-7b57-4fd8-b15e-4b8f2edb49fb,Miscellaneous ,💧,,,,0151337861,Guaranty Trust Bank,ONUH EMMANUEL CHIBIKE,110006260707210758100846574401,,c3365fda-c608-4c00-82a1-351e279d27ad,a81b00d1-7b57-4fd8-b15e-4b8f2edb49fb
6a4e033ac369f6130ab11bc1,69235443db9c0f9697a47d20,Withdrawal,SUCCESS,2026-07-08T07:58:50.375Z,2026-07-08T07:58:52.480Z,500000,BANK-TRF,2026-07-08T07:58:50.000Z,TRF_dcdt6wyzj93cw2r2,200d545f-10c4-41e5-872a-b9867e40ed8b,bankFees,🏦,,,,8135550655,OPay Digital Services Limited (OPay),TAIWO OREOLUWA AKINPELU,9999910100856865001,,fc173fc5-add2-4550-b8d5-b56758542595,200d545f-10c4-41e5-872a-b9867e40ed8b
6a4e13f4c369f6130ab11c7a,691ec63d24cf6022a24d9775,Withdrawal,SUCCESS,2026-07-08T09:10:12.615Z,2026-07-08T09:10:14.493Z,639000,BANK-TRF,2026-07-08T09:10:12.000Z,TRF_lbczjchrr0h67vhu,272de89f-335f-49ec-9509-9563461de0d1,transportation,🚌,,,,9884065920,Paystack-Titan,PAYSTACK CHECKOUT,110006260708091008100858794201,,b99337a1-0e9b-4fa3-8afe-3b6e6a24a270,272de89f-335f-49ec-9509-9563461de0d1
6a4e1d35c369f6130ab11d74,6a26d519648daaea32bfa659,Withdrawal,SUCCESS,2026-07-08T09:49:41.496Z,2026-07-08T09:49:42.479Z,200000,BANK-TRF,2026-07-08T09:49:41.000Z,TRF_89qzioae3rwtkjg3,4d1d9ed5-a981-4aad-8544-f5b81778a567,food,🥑,,,,8068726532,OPay Digital Services Limited (OPay),TESTIMONY MORENIKE BANKOLE,9999910100859941301,,bfd607e4-fe09-46eb-a2da-9fff8cc12b29,4d1d9ed5-a981-4aad-8544-f5b81778a567
6a4e73dbc369f6130ab11e6a,692c2e0bc0076069f22e7a0d,Withdrawal,SUCCESS,2026-07-08T15:59:23.344Z,2026-07-08T15:59:25.356Z,100000,BANK-TRF,2026-07-08T15:59:23.000Z,TRF_2sj8bwqlvtifx5yi,db4cc77b-0e88-4247-a44b-db3fdaa57786,childcare,🍼,,,,8025110373,OPay Digital Services Limited (OPay),ADEDOYIN ROSELINE ADESANYA,9999910100869738701,,8a2ee4e3-dc19-4064-9ea6-4369763f3bbf,db4cc77b-0e88-4247-a44b-db3fdaa57786
6a4e84e1c369f6130ab11f49,691ec63d24cf6022a24d9775,Withdrawal,SUCCESS,2026-07-08T17:12:01.433Z,2026-07-08T17:12:03.426Z,1380000,BANK-TRF,2026-07-08T17:12:01.000Z,TRF_srnqpa5r1as3c4pe,41f91abb-da37-4736-9f87-ff03d6f408e4,fuel,⛽,,,,6108627567,OPay Digital Services Limited (OPay),REGDAM COMMUNICATIONS,110006260708171159100871266701,,d6f78351-6404-474a-ad14-4bef7562b60d,41f91abb-da37-4736-9f87-ff03d6f408e4
6a4e92bcc369f6130ab120ac,691ec63d24cf6022a24d9775,Withdrawal,SUCCESS,2026-07-08T18:11:08.864Z,2026-07-08T18:11:10.931Z,600000,BANK-TRF,2026-07-08T18:11:08.000Z,TRF_ht77vaj7te07877o,96563222-22cd-4215-8560-f070b22e0348,fuel,⛽,,,,5290948570,Moniepoint MFB,IYANUOLUWA JOHN ADEBAYO,505150100872227701,,14721de1-eb18-42a9-a8d0-19fbcb263eb3,96563222-22cd-4215-8560-f070b22e0348
6a4ea34ec369f6130ab12138,691ec63d24cf6022a24d9775,Withdrawal,SUCCESS,2026-07-08T19:21:50.579Z,2026-07-08T19:21:52.451Z,300000,BANK-TRF,2026-07-08T19:21:50.000Z,TRF_bzlwjsln6ikg2c2g,c1b58b05-6539-4d22-977f-6b85292f8489,Car Maintenance ,🚲,,,,1516903016,Access Bank,WARIS ABIODUN SOBOLA,110006260708192149100874734701,,c23b5936-cf5f-4f2e-b90b-fc545f0daa5f,c1b58b05-6539-4d22-977f-6b85292f8489
6a4f5a37213cf7846982dd85,6a26d519648daaea32bfa659,Withdrawal,SUCCESS,2026-07-09T08:22:15.985Z,2026-07-09T08:22:22.384Z,230000,BANK-TRF,2026-07-09T08:22:15.000Z,TRF_kg9korpzj1ersw9z,6878c95d-d664-4af1-bb50-bfc834a4d3b8,clothing,👕,,,,6100666499,OPay Digital Services Limited (OPay),ROKIBAT ADEJOKE RAHMON,110006260709082213100887387801,,9f0e1313-c973-4256-96f1-5933e45587fa,6878c95d-d664-4af1-bb50-bfc834a4d3b8
6a4f6843213cf7846982de32,691ec63d24cf6022a24d9775,Withdrawal,SUCCESS,2026-07-09T09:22:11.385Z,2026-07-09T09:22:13.211Z,700000,BANK-TRF,2026-07-09T09:22:11.000Z,TRF_llykn18xzvnv57g6,546bde12-8f90-4c17-9b26-b71225b00c23,Car Maintenance ,🚲,,,,8123169540,OPay Digital Services Limited (OPay),OLABODE TUNBOSUN TEJUOSO,9999910100888882701,,f196fd7d-bef6-47e6-9ecf-83b44e7ff82d,546bde12-8f90-4c17-9b26-b71225b00c23
6a4f7645213cf7846982df05,6a26d519648daaea32bfa659,Withdrawal,SUCCESS,2026-07-09T10:21:57.437Z,2026-07-09T10:21:59.507Z,200000,BANK-TRF,2026-07-09T10:21:57.000Z,TRF_x27ea966qhxnrtf2,0bf491da-1e01-4a2c-8786-077ed65fe92e,food,🥑,,,,8142831747,OPay Digital Services Limited (OPay),ABIODUN  OLADIPUPO,9999910100890338801,,67fef2e4-fc33-4f42-bf5c-f752fadc3b32,0bf491da-1e01-4a2c-8786-077ed65fe92e
6a4f76dd213cf7846982df8f,6a26d519648daaea32bfa659,Withdrawal,SUCCESS,2026-07-09T10:24:29.697Z,2026-07-09T10:24:31.707Z,110000,BANK-TRF,2026-07-09T10:24:29.000Z,TRF_ak6si8maqh4r4zhp,f1c62cf5-fc59-4b74-8806-7e9e685f1d5e,clothing,👕,,,,7010242696,OPay Digital Services Limited (OPay),SAMUEL OLUWASEUN OLA,9999910100890396201,,02df2c88-1c8a-4201-b4d8-5bb413baf23b,f1c62cf5-fc59-4b74-8806-7e9e685f1d5e
6a4f7bcf213cf7846982e01f,692c2e0bc0076069f22e7a0d,Withdrawal,SUCCESS,2026-07-09T10:45:35.394Z,2026-07-09T10:45:37.451Z,100000,BANK-TRF,2026-07-09T10:45:35.000Z,TRF_3pj69g26kh0s25yf,c4e3b2fb-4286-4a83-8ad6-42ce17dc8840,books,📚,,,,8025110373,OPay Digital Services Limited (OPay),ADEDOYIN ROSELINE ADESANYA,9999910100890917501,,192628c7-9010-4524-8d97-63697ec8ca9e,c4e3b2fb-4286-4a83-8ad6-42ce17dc8840
6a4fdf59213cf7846982e183,691ec63d24cf6022a24d9775,Withdrawal,SUCCESS,2026-07-09T17:50:17.706Z,2026-07-09T17:50:19.546Z,340000,BANK-TRF,2026-07-09T17:50:17.000Z,TRF_xfnkx9lq6zhsp7sg,a297eff2-d58c-4df1-9ce5-b3c8d51d348c,food,🥑,,,,5635193416,Moniepoint MFB,ADESANYA KEHINDE OLAJUMOKE,505150100901763201,,96b5b152-2799-45ee-8583-86641e4913bd,a297eff2-d58c-4df1-9ce5-b3c8d51d348c
6a4fe09d213cf7846982e1fd,691ec63d24cf6022a24d9775,Withdrawal,SUCCESS,2026-07-09T17:55:41.945Z,2026-07-09T17:55:43.739Z,120000,BANK-TRF,2026-07-09T17:55:41.000Z,TRF_zsjzocl7tmohzey6,f03d5cef-3775-4ea4-a8af-c436fb91ec98,food,🥑,,,,9132379870,OPay Digital Services Limited (OPay),BALIKIS ADUNNI DHIKRULLAH,9999910100901895601,,3c810ecc-8a46-455f-9d3f-1887c73a9b8c,f03d5cef-3775-4ea4-a8af-c436fb91ec98
6a50c691f95626fb492c4b01,6a26d519648daaea32bfa659,Deposit,SUCCESS,2026-07-10T10:16:49.380Z,2026-07-10T10:16:49.380Z,1500000,BANK-TRF,2026-07-10T10:16:40.000Z,000016260710111614002332996933,AUTH_fp0pglu5bp,,,OLUWAYINKA CONSTANCE ONYEKWULULECHI,First Bank of Nigeria,2005123753,,,,,,,
6a50d205f95626fb492c4b4f,692f36032dfc48a0616410e7,Deposit,SUCCESS,2026-07-10T11:05:41.183Z,2026-07-10T11:05:41.183Z,4100000,BANK-TRF,2026-07-10T11:05:39.000Z,000013260710120521000056424709,AUTH_tkv82470p3,,,OLADUNJOYE  SAMUEL JESUTOFUNMI,Guaranty Trust Bank,0218467151,,,,,,,
6a50ec0ef95626fb492c4d16,6932d190429d8b20969ecd47,Withdrawal,SUCCESS,2026-07-10T12:56:46.576Z,2026-07-10T12:56:47.553Z,4000000,BANK-TRF,2026-07-10T12:56:46.000Z,TRF_gsfqfqpw810dz8o6,1014508c-f273-4e68-b960-bbe9199f6813,home,🏚️,,,,0459808836,Guaranty Trust Bank,UMOH ESTHER ENOBONG,110006260710125644100927968401,I Love you baby,b2488336-62f3-4793-bcc7-8fc2e2130b22,1014508c-f273-4e68-b960-bbe9199f6813
6a512b5af95626fb492c4e97,692c2e0bc0076069f22e7a0d,Withdrawal,SUCCESS,2026-07-10T17:26:50.561Z,2026-07-10T17:26:52.661Z,100000,BANK-TRF,2026-07-10T17:26:50.000Z,TRF_jdrkcctii9aoknqq,5e4f180a-2f7b-4b30-a844-2380297921a4,beauty,💅,,,,9025231180,PalmPay,MONSURAT KEHINDE OLAWALE,110006260710172648100937286401,,090293d3-7661-4add-9927-e1315a6fc16e,5e4f180a-2f7b-4b30-a844-2380297921a4
6a514396f95626fb492c4ec9,6a12e950b03e0745adb1b72e,Deposit,SUCCESS,2026-07-10T19:10:14.562Z,2026-07-10T19:10:14.562Z,1000000,BANK-TRF,2026-07-10T19:10:13.000Z,090405260710201008157565883374,AUTH_dsfybqq4lb,,,GABRIEL OLUWASEUN OLA,Moniepoint MFB,5249487354,,,,,,,
6a514828f95626fb492c4f56,691ec63d24cf6022a24d9775,Withdrawal,SUCCESS,2026-07-10T19:29:44.980Z,2026-07-10T19:29:46.970Z,2130000,BANK-TRF,2026-07-10T19:29:44.000Z,TRF_nbp8orvdfnjwavth,ffc2efa5-2b74-48dc-ade3-6898b47934ae,food,🥑,,,,5373470415,Moniepoint MFB,AWOLOWO 1 CHICKEN REPUBLIC,505150100940240401,,47c440f3-d6e9-4c57-8140-ce7a4a65a8c8,ffc2efa5-2b74-48dc-ade3-6898b47934ae
6a514913f95626fb492c4f8b,691ec63d24cf6022a24d9775,Deposit,SUCCESS,2026-07-10T19:33:39.695Z,2026-07-10T19:33:39.695Z,800000,BANK-TRF,2026-07-10T19:33:38.000Z,090267260710193319723100018272,AUTH_evi34tvqxi,,,IYANUOLUWA JOHN ADEBAYO,Kuda Bank,1100018272,,,,,,,
6a5206cfc52a9a5ea0d5bd22,6a26d519648daaea32bfa659,Deposit,SUCCESS,2026-07-11T09:03:11.277Z,2026-07-11T09:03:11.277Z,3000000,BANK-TRF,2026-07-11T09:03:09.000Z,110059260711100248004005587567,AUTH_wismvhlp1b,,,SAVVY STUDIOS,,1305910047,,,,,,,
6a520cc2c52a9a5ea0d5bdd9,6a26d519648daaea32bfa659,Withdrawal,SUCCESS,2026-07-11T09:28:34.968Z,2026-07-11T09:28:36.990Z,500000,BANK-TRF,2026-07-11T09:28:34.000Z,TRF_dac822ov1xxfcw9a,9985e028-20db-4629-949f-4d4e7eea6dcf,entertainment,🎮,,,,8068726532,OPay Digital Services Limited (OPay),TESTIMONY MORENIKE BANKOLE,9999910100955466601,,19bdf0fb-fb04-4c0d-815a-60d5138d247f,9985e028-20db-4629-949f-4d4e7eea6dcf
6a520d15c52a9a5ea0d5be64,6a26d519648daaea32bfa659,Withdrawal,SUCCESS,2026-07-11T09:29:57.269Z,2026-07-11T09:29:59.278Z,500000,BANK-TRF,2026-07-11T09:29:57.000Z,TRF_eykrr4f7w9re8liq,62f62924-5068-4990-9612-0ee33146bcb9,food,🥑,,,,8069091718,OPay Digital Services Limited (OPay),CONSTANCE ONYEKWULULECHI OLUWAYINKA,9999910100955506801,,71145049-b052-4a24-be98-bc8ce561ac51,62f62924-5068-4990-9612-0ee33146bcb9
6a52546ac52a9a5ea0d5bf18,691ec63d24cf6022a24d9775,Withdrawal,SUCCESS,2026-07-11T14:34:18.039Z,2026-07-11T14:34:19.860Z,480000,BANK-TRF,2026-07-11T14:34:17.000Z,TRF_489kkajb5agtoxu7,aa48c276-5392-42bb-b8e6-e9cb618b5a1d,transportation,🚌,,,,8165027120,OPay Digital Services Limited (OPay),FELIX ORJI EWALU,9999910100964895501,,ae0d3013-82c6-4fc9-8741-8e61fc778ce2,aa48c276-5392-42bb-b8e6-e9cb618b5a1d
6a52663bc52a9a5ea0d5bfc9,6a12e950b03e0745adb1b72e,Withdrawal,SUCCESS,2026-07-11T15:50:19.885Z,2026-07-11T15:50:22.025Z,4000000,BANK-TRF,2026-07-11T15:50:19.000Z,TRF_81my92zkssjt50rv,d8d2543c-13e7-4b49-a6dd-8610edfdf19f,education,🎓,,,,5402349277,Moniepoint MFB,FAYUTOTO FARMS - Ajokemodupestore,505150100967302301,Long grain rice,e9059e84-7766-4d39-bc29-7803c6e2b9fb,d8d2543c-13e7-4b49-a6dd-8610edfdf19f
6a526695c52a9a5ea0d5c017,6a12e950b03e0745adb1b72e,Withdrawal,SUCCESS,2026-07-11T15:51:49.272Z,2026-07-11T15:51:51.331Z,2000000,BANK-TRF,2026-07-11T15:51:49.000Z,TRF_gmcn0j1i3ayhprfu,689ecf39-f9b9-45ac-befc-01e618f56c27,shopping,🛍️,,,,5402349277,Moniepoint MFB,FAYUTOTO FARMS - Ajokemodupestore,505150100967348601,,24cc218c-2bf8-4ac1-b0eb-b2e40e6c24df,689ecf39-f9b9-45ac-befc-01e618f56c27
6a52b7e1c52a9a5ea0d5c24b,6a26d519648daaea32bfa659,Withdrawal,SUCCESS,2026-07-11T21:38:41.811Z,2026-07-11T21:38:43.806Z,500000,BANK-TRF,2026-07-11T21:38:41.000Z,TRF_znmj6zqmcmrbfb79,1507f4eb-f270-4b72-a4bd-8ce87d37dbf5,books,📚,,,,9076359447,OPay Digital Services Limited (OPay),GODSPOWER MOYEGE OLUWAYINKA,9999910100977449801,,1bb7f773-ed32-4797-badc-b86b05094d5e,1507f4eb-f270-4b72-a4bd-8ce87d37dbf5
6a533a6f276fcbdc85eb750c,691ec63d24cf6022a24d9775,Withdrawal,SUCCESS,2026-07-12T06:55:43.175Z,2026-07-12T06:55:45.222Z,500000,BANK-TRF,2026-07-12T06:55:43.000Z,TRF_3yesdkc6japlp1ap,e2105177-9b2c-4fd4-8f98-ce7479a3fcf2,fuel,⛽,,,,5673231149,Moniepoint MFB,DATAAD PETROCHEMICALS LIMITED - DATAAD PETROCHEMICAL COY2,505150100986022501,,570e194b-6746-4d36-824b-3c1b1ea001b2,e2105177-9b2c-4fd4-8f98-ce7479a3fcf2
6a534a87276fcbdc85eb75bd,6a26d519648daaea32bfa659,Withdrawal,SUCCESS,2026-07-12T08:04:23.902Z,2026-07-12T08:04:25.966Z,1000000,BANK-TRF,2026-07-12T08:04:23.000Z,TRF_r0xgutczbux3o92g,d866f150-858d-4ad2-a2e7-c4e4a4bb272a,education,🎓,,,,8123185197,OPay Digital Services Limited (OPay),PEACE ABIMBOLA KUDORO,9999910100987622501,Fascinator,4710702b-2354-4418-98a7-a229fb560b4a,d866f150-858d-4ad2-a2e7-c4e4a4bb272a
6a538194276fcbdc85eb76c7,6a26d519648daaea32bfa659,Withdrawal,SUCCESS,2026-07-12T11:59:16.480Z,2026-07-12T11:59:18.503Z,1430000,BANK-TRF,2026-07-12T11:59:16.000Z,TRF_082b6uc8b44qm013,3c8e4f40-d845-426f-976d-3341676ca8f2,Gas,⭐,,,,5835739953,Moniepoint MFB,AA RANO NIGERIA LIMITED - AA RANO LPG S S,505150100993264801,Gas ,af4c032e-2177-48f1-a84f-865a01227d53,3c8e4f40-d845-426f-976d-3341676ca8f2
6a538aa5276fcbdc85eb78fc,692f31322dfc48a061640ed7,Withdrawal,SUCCESS,2026-07-12T12:37:57.341Z,2026-07-12T12:37:59.365Z,50000,BANK-TRF,2026-07-12T12:37:57.000Z,TRF_sxonndr3weuz1fcc,b277f669-ff8d-4f03-b2ba-42f42bf12ff5,alcohol,🍻,,,,9055485433,OPay Digital Services Limited (OPay),PATRICK NFONOBONG SAMUEL,9999910100994153001,,0f83b06b-26b4-41e5-b832-8c6074974f64,b277f669-ff8d-4f03-b2ba-42f42bf12ff5
6a538c88276fcbdc85eb79a0,6a26d519648daaea32bfa659,Withdrawal,SUCCESS,2026-07-12T12:46:00.125Z,2026-07-12T12:46:02.122Z,500000,BANK-TRF,2026-07-12T12:46:00.000Z,TRF_gspjee99ohgbsc8s,7be2c8ed-7c39-442e-9401-5572c8a2bb05,clothing,👕,,,,8060327199,OPay Digital Services Limited (OPay),OLUWASAYO MOSES OLONADE,9999910100994356701,Gas ,2991a139-3e03-4746-8d09-4597e741de54,7be2c8ed-7c39-442e-9401-5572c8a2bb05
6a53a49a276fcbdc85eb7a11,6a26d519648daaea32bfa659,Deposit,SUCCESS,2026-07-12T14:28:42.895Z,2026-07-12T14:28:42.895Z,500000,BANK-TRF,2026-07-12T14:28:41.000Z,100004260712142815165161353989,AUTH_kh4eaqgdun,,,GODSPOWER MOYEGE OLUWAYINKA,OPay Digital Services Limited (OPay),9076359447,,,,,,,
6a53e566276fcbdc85eb7a4b,6a45120240a3aa8412698b72,Deposit,SUCCESS,2026-07-12T19:05:10.981Z,2026-07-12T19:05:10.981Z,11900000,BANK-TRF,2026-07-12T19:05:09.000Z,090110260712200453977394256622,AUTH_ptmgnjvy3y,,,Vant,VFD Microfinance Bank Limited,1026459314,,,,,,,
6a53f2b1276fcbdc85eb7bc6,69f78c7bcc23bbbf0663dcf6,Withdrawal,SUCCESS,2026-07-12T20:01:53.210Z,2026-07-12T20:01:54.161Z,5000,BANK-TRF,2026-07-12T20:01:53.000Z,TRF_ad4h9te66883q6yl,5ae14a35-2360-4d10-bc30-a85872a29ee4,maintenance,🔧,,,,9137151006,OPay Digital Services Limited (OPay),VICTOR DOMINIC OGBODE,9999910101005893501,,3c01c1e2-008c-4d75-8a5d-6a83d0a9e679,5ae14a35-2360-4d10-bc30-a85872a29ee4
6a54317d06c7a979aa8f2bc3,691ec63d24cf6022a24d9775,Withdrawal,SUCCESS,2026-07-13T00:29:49.926Z,2026-07-13T00:29:51.990Z,3000000,BANK-TRF,2026-07-13T00:29:49.000Z,TRF_pg0s0bgmwuhyijah,a3254fa6-cb63-4e42-8dd9-23980bb3861c,loan,📉,,,,9091244078,PalmPay,OLAMIDE SEUN OLUWAFEMI,110006260713002946101010313701,,23d7e672-00c7-4e04-8d9c-150ffebedc72,a3254fa6-cb63-4e42-8dd9-23980bb3861c
6a545c1c06c7a979aa8f2c15,6a26d519648daaea32bfa659,Deposit,SUCCESS,2026-07-13T03:31:40.056Z,2026-07-13T03:31:40.056Z,500000,BANK-TRF,2026-07-13T03:31:38.000Z,100004260713033121165201662114,AUTH_kgqle3a8um,,,GBEMISOLA OLAJUMOKE ADEWUNMI,OPay Digital Services Limited (OPay),8034317073,,,,,,,
6a54893006c7a979aa8f2cab,69235443db9c0f9697a47d20,Withdrawal,SUCCESS,2026-07-13T06:44:00.771Z,2026-07-13T06:44:02.797Z,2000000,BANK-TRF,2026-07-13T06:44:00.000Z,TRF_176o4839v2623cqu,c61754b0-8bc5-4429-a41a-e93e500211b5,fuel,⛽,,,,5032459939,Moniepoint MFB,POS Transfer-ONYA FANNY MICHAEL,505150101013719601,Transportation,15a869af-8798-4277-8f36-7846b752fef5,c61754b0-8bc5-4429-a41a-e93e500211b5
6a548ac106c7a979aa8f2d31,69f78c7bcc23bbbf0663dcf6,Withdrawal,SUCCESS,2026-07-13T06:50:41.950Z,2026-07-13T06:50:43.770Z,80000,BANK-TRF,2026-07-13T06:50:41.000Z,TRF_mn31nbfode7xq7g2,3d163876-dda4-449d-9815-380631601f30,maintenance,🔧,,,,8059227220,OPay Digital Services Limited (OPay),OLUWAYEMISI JOKOTADE ISHOLA,9999910101013858201,,87828c5b-a268-4874-936b-ec8de7e96d2a,3d163876-dda4-449d-9815-380631601f30
6a54afbb06c7a979aa8f2e12,6a26d519648daaea32bfa659,Withdrawal,SUCCESS,2026-07-13T09:28:27.427Z,2026-07-13T09:28:29.833Z,360000,BANK-TRF,2026-07-13T09:28:27.000Z,TRF_qjssrpi71wl7gglt,0e216d4e-558d-482c-8751-7ecfb8a7a562,books,📚,,,,8103783513,PalmPay,ABDULSALAM BABATUNDE MUSIBAU,110006260713092821101018728701,,8541d091-101c-4878-8d8d-d6ff9247b5f6,0e216d4e-558d-482c-8751-7ecfb8a7a562
6a54d71406c7a979aa8f3195,6a45120240a3aa8412698b72,Withdrawal,SUCCESS,2026-07-13T12:16:20.791Z,2026-07-13T12:16:23.101Z,2500000,BANK-TRF,2026-07-13T12:16:20.000Z,TRF_pd37z3tkv7cfyxmm,b38c0535-0369-4b94-b730-95256d469e1b,transportation,🚌,,,,9716089728,Paystack-Titan,PAYSTACK CHECKOUT,110006260713121618101023006501,,63d991bc-c7d7-4a64-a550-40d8e6344657,b38c0535-0369-4b94-b730-95256d469e1b
6a54e3c506c7a979aa8f3496,6a45120240a3aa8412698b72,Withdrawal,SUCCESS,2026-07-13T13:10:29.911Z,2026-07-13T13:10:31.894Z,2500000,BANK-TRF,2026-07-13T13:10:29.000Z,TRF_73xvp22ouz69lteh,f3990df1-5577-498d-abaa-da68569d89e7,transportation,🚌,,,,9936788849,Paystack-Titan,PAYSTACK CHECKOUT,110006260713131028101024399801,,7e1aefeb-b218-4353-8cbe-33557c8da377,f3990df1-5577-498d-abaa-da68569d89e7
6a54fc6c06c7a979aa8f360e,691ec63d24cf6022a24d9775,Deposit,SUCCESS,2026-07-13T14:55:40.759Z,2026-07-13T14:55:40.759Z,5000000,BANK-TRF,2026-07-13T14:55:39.000Z,100004260713145523165246787306,AUTH_05jfs0rvp0,,,ESTHER TIOLUWANI SOSANYA,OPay Digital Services Limited (OPay),8065822462,,,,,,,
6a55044806c7a979aa8f3697,6a26d519648daaea32bfa659,Withdrawal,SUCCESS,2026-07-13T15:29:12.519Z,2026-07-13T15:29:13.482Z,410000,BANK-TRF,2026-07-13T15:29:12.000Z,TRF_k0vtcsrak29at0du,ab123abd-86b8-4457-b779-083e66a1e8b8,food,🥑,,,,9133264817,OPay Digital Services Limited (OPay),AHMAD LAWAN ABDULLAHI,9999910101028179101,,3ef50e9f-180b-40db-8dd7-c03458aeb3ed,ab123abd-86b8-4457-b779-083e66a1e8b8
6a551fac06c7a979aa8f374f,691ec63d24cf6022a24d9775,Withdrawal,SUCCESS,2026-07-13T17:26:04.259Z,2026-07-13T17:26:06.144Z,1000000,BANK-TRF,2026-07-13T17:26:04.000Z,TRF_vin8cxmckt7bjg32,4940eae6-7351-411c-925f-4201405efd6d,loan,📉,,,,0050909989,Guaranty Trust Bank,ADEBAYO JONATHAN ADEREMI,110006260713172601101031205201,,3223b60b-fafb-4d77-a66a-8f07e54ceb59,4940eae6-7351-411c-925f-4201405efd6d
6a55248506c7a979aa8f37cc,691ec63d24cf6022a24d9775,Withdrawal,SUCCESS,2026-07-13T17:46:45.291Z,2026-07-13T17:46:47.119Z,160000,BANK-TRF,2026-07-13T17:46:45.000Z,TRF_r7cs8o7gnckk8esn,c983989a-5fa3-4683-9261-cb6842ffddf6,transportation,🚌,,,,8123169540,OPay Digital Services Limited (OPay),OLABODE TUNBOSUN TEJUOSO,9999910101031759001,,d8059faa-aecd-4249-a55e-95288fc40d40,c983989a-5fa3-4683-9261-cb6842ffddf6
6a55318206c7a979aa8f384b,691ec63d24cf6022a24d9775,Withdrawal,SUCCESS,2026-07-13T18:42:10.420Z,2026-07-13T18:42:12.262Z,420000,BANK-TRF,2026-07-13T18:42:10.000Z,TRF_r6v7l887q6r6b7r8,420828c9-0817-42c5-b675-8e40cc287fd4,food,🥑,,,,5635193416,Moniepoint MFB,ADESANYA KEHINDE OLAJUMOKE,505150101033198701,,b4847d2a-7acf-43a6-a43a-f208f7488a7b,420828c9-0817-42c5-b675-8e40cc287fd4
6a5532d506c7a979aa8f38cc,691ec63d24cf6022a24d9775,Withdrawal,SUCCESS,2026-07-13T18:47:49.563Z,2026-07-13T18:47:51.339Z,200000,BANK-TRF,2026-07-13T18:47:49.000Z,TRF_ng5n7wu90rnyfa54,1bdcbb4a-8cf0-4eb6-b725-7cd748cdad9d,food,🥑,,,,9030070248,Moniepoint MFB,ISEOLUWA COMFORT AFOLABI,505150101033345301,,d4a40b35-aebb-4baf-9589-cb738f42976e,1bdcbb4a-8cf0-4eb6-b725-7cd748cdad9d
6a55d919366dfd004175ab30,69f78c7bcc23bbbf0663dcf6,Withdrawal,SUCCESS,2026-07-14T06:37:13.338Z,2026-07-14T06:37:15.345Z,15000,BANK-TRF,2026-07-14T06:37:13.000Z,TRF_vxf5chqklxqh9dvy,abb29f59-51c9-4705-8f82-9e092227e672,maintenance,🔧,,,,9137151006,OPay Digital Services Limited (OPay),VICTOR DOMINIC OGBODE,9999910101044501401,,a4faeda3-8cd3-4349-880f-9fd7b00bcc82,abb29f59-51c9-4705-8f82-9e092227e672
6a55ee02366dfd004175ab9a,6a26d519648daaea32bfa659,Withdrawal,SUCCESS,2026-07-14T08:06:26.860Z,2026-07-14T08:06:28.721Z,350000,BANK-TRF,2026-07-14T08:06:26.000Z,TRF_e7i5miwyl1nyjoyj,b0b657ed-1c23-4259-b8ee-5304243fa911,food,🥑,,,,8068726532,OPay Digital Services Limited (OPay),TESTIMONY MORENIKE BANKOLE,9999910101046499301,,7dd50efc-4ff6-4fe5-a91e-3958ec2b33fc,b0b657ed-1c23-4259-b8ee-5304243fa911
6a561294366dfd004175ac88,6a53942e276fcbdc85eb79b6,Withdrawal,SUCCESS,2026-07-14T10:42:28.837Z,2026-07-14T10:42:30.793Z,300000,BANK-TRF,2026-07-14T10:42:28.000Z,TRF_n5jqll1lr89vagpa,e3280921-d1be-4e95-a41a-95ce6f3ff2ac,savings,💰,,,,0905193433,Guaranty Trust Bank,HAMZAT  SUSAN ADERINSOLA,110006260714104226101050944901,,71a04844-5fbd-4078-a4af-fbeeccf05364,e3280921-d1be-4e95-a41a-95ce6f3ff2ac
6a56155b366dfd004175ad35,691ec63d24cf6022a24d9775,Withdrawal,SUCCESS,2026-07-14T10:54:19.222Z,2026-07-14T10:54:21.200Z,1800000,BANK-TRF,2026-07-14T10:54:19.000Z,TRF_qkq49ryln18y0nat,eeda13de-7993-4a31-b515-8810ea136778,AYAF MAINTENANCE ,🔌,,,,7012473614,OPay Digital Services Limited (OPay),SODIQ OMOMAYOWA BAKARE,9999910101051285001,Plumbing ,dfd328b6-e89b-4c06-b619-15ddfb4b9bb6,eeda13de-7993-4a31-b515-8810ea136778
6a561ffe366dfd004175ad4f,6a26d519648daaea32bfa659,Deposit,SUCCESS,2026-07-14T11:39:42.593Z,2026-07-14T11:39:42.593Z,550000,BANK-TRF,2026-07-14T11:39:41.000Z,000013260714123927000064781802,AUTH_rn4oxcwieq,,,OLUDARE  OLUWAFISAYOMI DAVID,Guaranty Trust Bank,0235436895,,,,,,,
6a562342366dfd004175ade5,691ec63d24cf6022a24d9775,Withdrawal,SUCCESS,2026-07-14T11:53:38.963Z,2026-07-14T11:53:40.776Z,300000,BANK-TRF,2026-07-14T11:53:38.000Z,TRF_frok5ozehpjvn51u,8b85825b-e197-4a3d-83e9-399447d82159,loan,📉,,,,9131965226,OPay Digital Services Limited (OPay),ABDULAZEEZ GBOLAHAN ABDULWASIU,9999910101053045001,,2ed06cb3-e99a-4347-b483-01a78be53b9f,8b85825b-e197-4a3d-83e9-399447d82159
6a5640ef366dfd004175aecd,6a11a8b96bb1f3d6587ce0cc,Deposit,SUCCESS,2026-07-14T14:00:15.682Z,2026-07-14T14:00:15.682Z,400000,BANK-TRF,2026-07-14T14:00:14.000Z,100004260714140003165333822631,AUTH_143mzxuu7u,,,TEMILOLUWA MIRACLE ADENUGA,OPay Digital Services Limited (OPay),9037349254,,,,,,,
6a5643b5366dfd004175af8a,6a22e229e4f1fd71697c620c,Withdrawal,SUCCESS,2026-07-14T14:12:05.847Z,2026-07-14T14:12:07.853Z,500000,BANK-TRF,2026-07-14T14:12:05.000Z,TRF_6a9o90qu2gofsy6r,3d3cfb14-3cfc-4dd2-982d-7e218a8283cc,home,🏚️,,,,9037349254,OPay Digital Services Limited (OPay),TEMILOLUWA MIRACLE ADENUGA,9999910101057042801,,fdd41c0b-c156-4bc6-a758-ab6a18170b7c,3d3cfb14-3cfc-4dd2-982d-7e218a8283cc
6a56459a366dfd004175afbf,6a11a8b96bb1f3d6587ce0cc,Deposit,SUCCESS,2026-07-14T14:20:10.432Z,2026-07-14T14:20:10.432Z,400000,BANK-TRF,2026-07-14T14:20:09.000Z,100004260714141942165335324937,AUTH_ou8qjkfopi,,,OLUWAPELUMI OLUWAFUNMILAYO OMONIJE,OPay Digital Services Limited (OPay),8165696419,,,,,,,
6a564bf4366dfd004175b084,69a5bbdf659708be74a8365c,Withdrawal,SUCCESS,2026-07-14T14:47:16.070Z,2026-07-14T14:47:18.130Z,2000000,BANK-TRF,2026-07-14T14:47:15.000Z,TRF_73p8a9h29l4hlv9l,560fdbc6-5f9b-4efe-90ab-dabb0740b945,education,🎓,,,,7036617718,OPay Digital Services Limited (OPay),ESTHER OMOREMI KEHINDE,9999910101057990801,,bed7182a-0a56-40b2-aae9-756025629cb6,560fdbc6-5f9b-4efe-90ab-dabb0740b945
6a565c37366dfd004175b164,691ec63d24cf6022a24d9775,Withdrawal,SUCCESS,2026-07-14T15:56:39.727Z,2026-07-14T15:56:41.740Z,1000000,BANK-TRF,2026-07-14T15:56:39.000Z,TRF_bum2h579fc2gqbq8,a34234a2-e6da-4aca-b06a-5dddc38bddc6,fuel,⛽,,,,5023669097,Moniepoint MFB,TINUOLA GLOBAL INVESTMENT LIMITED - Bugatee Petrol Station 2,505150101059801601,,67f624ee-d15c-4f05-aca0-7f4c286db10d,a34234a2-e6da-4aca-b06a-5dddc38bddc6
6a576d7896d7f5fc5f6cf896,691ec63d24cf6022a24d9775,Withdrawal,SUCCESS,2026-07-15T11:22:32.100Z,2026-07-15T11:22:33.886Z,319500,BANK-TRF,2026-07-15T11:22:32.000Z,TRF_lowd2jc1wkwnc4wb,bb7ccfe4-feec-46b4-8c1e-4f5dbdbb85f2,transportation,🚌,,,,9979529562,Paystack-Titan,PAYSTACK CHECKOUT,110006260715112230101085884201,,cf9d9f18-7b87-4b56-9069-f382695b7a73,bb7ccfe4-feec-46b4-8c1e-4f5dbdbb85f2
6a57c7d396d7f5fc5f6cf961,691ec63d24cf6022a24d9775,Withdrawal,SUCCESS,2026-07-15T17:48:03.965Z,2026-07-15T17:48:05.758Z,260000,BANK-TRF,2026-07-15T17:48:03.000Z,TRF_d4zh0balemirk9vp,1478910b-e85c-474b-bfeb-399cbc3d21a0,transportation,🚌,,,,6108627567,OPay Digital Services Limited (OPay),REGDAM COMMUNICATIONS,110006260715174801101097218601,,e9614e09-e812-4154-86d4-69ccc07e2e42,1478910b-e85c-474b-bfeb-399cbc3d21a0
6a57dc5d96d7f5fc5f6cf9da,691ec63d24cf6022a24d9775,Deposit,SUCCESS,2026-07-15T19:15:41.814Z,2026-07-15T19:15:41.814Z,4800000,BANK-TRF,2026-07-15T19:15:38.000Z,090267260715191529427100018272,AUTH_z332r30im1,,,IYANUOLUWA JOHN ADEBAYO,Kuda Bank,1100018272,,,,,,,
6a57e33996d7f5fc5f6cfa8e,691ec63d24cf6022a24d9775,Withdrawal,SUCCESS,2026-07-15T19:44:57.085Z,2026-07-15T19:44:59.161Z,1920000,BANK-TRF,2026-07-15T19:44:56.000Z,TRF_vumn79y6kn33l99s,fb515154-1b41-4330-89a6-f38667287640,fuel,⛽,,,,6118097637,OPay Digital Services Limited (OPay),KAZEEM ADENIYI DHIKRULLAH,110006260715194453101100310001,,51c34afb-b8cd-4780-888c-d60505a1e1e9,fb515154-1b41-4330-89a6-f38667287640
6a57eec396d7f5fc5f6cfaa7,691ec63d24cf6022a24d9775,Deposit,SUCCESS,2026-07-15T20:34:11.164Z,2026-07-15T20:34:11.164Z,5000000,BANK-TRF,2026-07-15T20:34:09.000Z,100004260715203352165468652066,AUTH_eyeuxy3qrw,,,ADENIYI STEPHEN IDOWU,OPay Digital Services Limited (OPay),8134732067,,,,,,,
6a57f05b96d7f5fc5f6cfb3c,691ec63d24cf6022a24d9775,Withdrawal,SUCCESS,2026-07-15T20:40:59.936Z,2026-07-15T20:41:01.748Z,750000,BANK-TRF,2026-07-15T20:40:59.000Z,TRF_t2fboud4auze8e6g,fa4c7f0c-87d5-4420-bfcc-a6386ed74580,Savey Engineering,🌍,,,,7069542327,OPay Digital Services Limited (OPay),EFE GIFT ASIEGHWU,9999910101101816201,,86141c0e-b4d0-4d60-a929-18783737b25f,fa4c7f0c-87d5-4420-bfcc-a6386ed74580
6a587f106fe17129e8ca75b8,691cc13665dffc4250474b6a,Withdrawal,SUCCESS,2026-07-16T06:49:52.782Z,2026-07-16T06:49:54.808Z,500000,BANK-TRF,2026-07-16T06:49:52.000Z,TRF_sh7zontnckmmeif9,02a38d4a-e2c3-4c4a-a9c8-f2ad99944d78,transportation,🚌,,,,8131655804,OPay Digital Services Limited (OPay),GOODNESS AYOBAMI TAIWO,9999910101114306101,,331fb804-cb83-4ff1-b867-0d3c899888b6,02a38d4a-e2c3-4c4a-a9c8-f2ad99944d78
6a589a8d6fe17129e8ca75cf,6a26d519648daaea32bfa659,Deposit,SUCCESS,2026-07-16T08:47:09.952Z,2026-07-16T08:47:09.952Z,9000000,BANK-TRF,2026-07-16T08:47:08.000Z,100004260716084657165491847223,AUTH_wckhda85nt,,,MONSURAT MONILOLA ELEGBEDE,OPay Digital Services Limited (OPay),7019102695,,,,,,,
6a58b1446fe17129e8ca7661,691ec63d24cf6022a24d9775,Withdrawal,SUCCESS,2026-07-16T10:24:04.327Z,2026-07-16T10:24:06.354Z,1500000,BANK-TRF,2026-07-16T10:24:04.000Z,TRF_w771mi28j2gqfqsp,6fe85f44-b5cb-4824-a352-4de375114592,fuel,⛽,,,,5648686688,Moniepoint MFB,ENERGYSWITCH ALLIED OIL SERVICES LTD - ENERGYSWITCH ALLIED OIL SERVICES LTD IDI ABA 2,505150101120698101,,8d5956e6-add1-44e5-9793-6b058341bd5a,6fe85f44-b5cb-4824-a352-4de375114592
6a58e5a06fe17129e8ca7759,691ec63d24cf6022a24d9775,Withdrawal,SUCCESS,2026-07-16T14:07:28.750Z,2026-07-16T14:07:30.867Z,3000000,BANK-TRF,2026-07-16T14:07:28.000Z,TRF_fmplqrtaio9eypwp,8ae92965-94cc-424e-9f41-f3117d79a67f,Car Maintenance ,🚲,,,,9127431887,OPay Digital Services Limited (OPay),BOLORUNDURO JIMOH AJASA,9999910101126944901,,9ecc91f6-5f56-4c35-8ef3-7a4883b89061,8ae92965-94cc-424e-9f41-f3117d79a67f
6a5907546fe17129e8ca77d8,691ec63d24cf6022a24d9775,Withdrawal,SUCCESS,2026-07-16T16:31:16.497Z,2026-07-16T16:31:18.760Z,260000,BANK-TRF,2026-07-16T16:31:16.000Z,TRF_4o7inuo2mcxj8jg5,22b01c0e-3d5c-4b7d-99e2-78fe06489cf6,food,🥑,,,,6108627567,OPay Digital Services Limited (OPay),REGDAM COMMUNICATIONS,110006260716163114101130684301,,351974d2-5793-44ad-a648-fe987a984d93,22b01c0e-3d5c-4b7d-99e2-78fe06489cf6
6a59dd45dcbbcbda19f68ebc,691ec63d24cf6022a24d9775,Withdrawal,SUCCESS,2026-07-17T07:44:05.879Z,2026-07-17T07:44:07.911Z,350000,BANK-TRF,2026-07-17T07:44:05.000Z,TRF_e3yshp77o3cv4seg,d833e385-4968-472e-8cab-577505e3ce25,internet,🌐,,,,8101799492,OPay Digital Services Limited (OPay),IYANUOLUWA JOHN ADEBAYO,9999910101147768301,,900353ff-2677-492f-92b6-3f362b386f67,d833e385-4968-472e-8cab-577505e3ce25
6a59e2fadcbbcbda19f68f63,6a26d519648daaea32bfa659,Withdrawal,SUCCESS,2026-07-17T08:08:26.027Z,2026-07-17T08:08:27.813Z,1020000,BANK-TRF,2026-07-17T08:08:25.000Z,TRF_22rbo3nd197dcx7f,f8ba3282-391b-4da5-9cfb-164becb03566,food,🥑,,,,7010242696,OPay Digital Services Limited (OPay),SAMUEL OLUWASEUN OLA,9999910101148410601,,6631e2ba-ad37-4368-b4bd-453607df9d6c,f8ba3282-391b-4da5-9cfb-164becb03566
6a5a2051dcbbcbda19f68fbc,6a11a8b96bb1f3d6587ce0cc,Deposit,SUCCESS,2026-07-17T12:30:09.583Z,2026-07-17T12:30:09.583Z,400000,BANK-TRF,2026-07-17T12:30:08.000Z,090405260717132953237990362826,AUTH_n3wenfr3id,,,GEORGE OMOGBOLAHAN IBITOYE,Moniepoint MFB,5232917055,,,,,,,
6a5a282bdcbbcbda19f69048,691cc13665dffc4250474b6a,Withdrawal,SUCCESS,2026-07-17T13:03:39.707Z,2026-07-17T13:03:41.769Z,1500000,BANK-TRF,2026-07-17T13:03:39.000Z,TRF_o9bbd3aqvxix6kwn,6796f078-c934-4ee0-be55-957eb04d8b62,cleaning,🧼,,,,8131655804,OPay Digital Services Limited (OPay),GOODNESS AYOBAMI TAIWO,9999910101158596601,,f0301ccd-8138-4027-8e4d-984d249623f0,6796f078-c934-4ee0-be55-957eb04d8b62
6a5a3ec2dcbbcbda19f6913d,691ec63d24cf6022a24d9775,Withdrawal,SUCCESS,2026-07-17T14:40:02.521Z,2026-07-17T14:40:04.576Z,400000,BANK-TRF,2026-07-17T14:40:02.000Z,TRF_ojjfe4t0xevucu7r,2b8827d4-31e4-4564-9034-ee7f2d189052,transportation,🚌,,,,9138922033,OPay Digital Services Limited (OPay),OREOLUWA FELICIAL SOYOYE,9999910101161636101,,e5bbf0e7-d3a6-4ece-9c81-236824ce1115,2b8827d4-31e4-4564-9034-ee7f2d189052
6a5a4dc9dcbbcbda19f69254,6a26d519648daaea32bfa659,Withdrawal,SUCCESS,2026-07-17T15:44:09.507Z,2026-07-17T15:44:11.592Z,3350000,BANK-TRF,2026-07-17T15:44:09.000Z,TRF_620jaksyschok1uo,4c258e6a-7c0e-4c0e-b256-aedae9f7d8be,donation,🙏,,,,6425049730,OPay Digital Services Limited (OPay),FOLASHADE BOLANLE AHMADU,110006260717154407101163333601,,17377422-c88d-476d-a775-df31c2b7a763,4c258e6a-7c0e-4c0e-b256-aedae9f7d8be
6a5a6254dcbbcbda19f6935e,691ec63d24cf6022a24d9775,Withdrawal,SUCCESS,2026-07-17T17:11:48.332Z,2026-07-17T17:11:50.234Z,639000,BANK-TRF,2026-07-17T17:11:48.000Z,TRF_3fhw1s5cje8vdz2r,32548b3c-b412-4dd9-b017-721213a19bd3,transportation,🚌,,,,9966224285,Paystack-Titan,PAYSTACK CHECKOUT,110006260717171146101165877701,,96290e09-beb7-4d42-b188-0bc14a38f31f,32548b3c-b412-4dd9-b017-721213a19bd3
6a5a69f9dcbbcbda19f6941c,69a5bbdf659708be74a8365c,Withdrawal,SUCCESS,2026-07-17T17:44:25.687Z,2026-07-17T17:44:27.776Z,700000,BANK-TRF,2026-07-17T17:44:25.000Z,TRF_4nccmchh0nupkf14,28e032c7-986b-49e9-a28a-89731989afd3,maintenance,🔧,,,,8147323999,OPay Digital Services Limited (OPay),JAMES JESUGBEMILEKE KEHINDE,9999910101166710001,,7d37051c-d3a7-4ee9-93e6-3d49e06f1ba5,28e032c7-986b-49e9-a28a-89731989afd3
6a5a8e56dcbbcbda19f69498,691ec63d24cf6022a24d9775,Withdrawal,SUCCESS,2026-07-17T20:19:34.808Z,2026-07-17T20:19:36.641Z,510000,BANK-TRF,2026-07-17T20:19:34.000Z,TRF_m93dd2u0d4ardt22,042faa36-d722-47ed-8b31-ec6b700f5e98,transportation,🚌,,,,7062621406,OPay Digital Services Limited (OPay),BENEDICT A ALIGBEH,9999910101171445701,,f37499d4-e261-4def-a258-e7e588a76ada,042faa36-d722-47ed-8b31-ec6b700f5e98
6a5ab747dcbbcbda19f69529,692c2e0bc0076069f22e7a0d,Withdrawal,SUCCESS,2026-07-17T23:14:15.911Z,2026-07-17T23:14:17.992Z,100000,BANK-TRF,2026-07-17T23:14:15.000Z,TRF_gzyfjlt30fhjb6cn,f122be57-43d2-4fca-9ba3-8bbd2b8fbe14,beauty,💅,,,,8025110373,OPay Digital Services Limited (OPay),ADEDOYIN ROSELINE ADESANYA,9999910101175378701,,e616e250-aa8b-4a8d-a18d-ee2a100e841a,f122be57-43d2-4fca-9ba3-8bbd2b8fbe14
6a5b482d0b6d9083144c0df0,6a26d519648daaea32bfa659,Withdrawal,SUCCESS,2026-07-18T09:32:29.056Z,2026-07-18T09:32:31.044Z,100000,BANK-TRF,2026-07-18T09:32:28.000Z,TRF_8eshz0wkwh8e8dln,a9056bb5-b567-4c7a-96b0-5266ee9a4bcc,food,🥑,,,,6103450167,OPay Digital Services Limited (OPay),AYOMiDE MULTICHOiCE,110006260718093225101185118301,Puffpuff,0bfc5c14-bedd-452c-aa04-ebf39c783d7d,a9056bb5-b567-4c7a-96b0-5266ee9a4bcc
6a5b55cc0b6d9083144c0e74,6a26d519648daaea32bfa659,Withdrawal,SUCCESS,2026-07-18T10:30:36.122Z,2026-07-18T10:30:37.947Z,1070000,BANK-TRF,2026-07-18T10:30:36.000Z,TRF_tkee7tw45jufm9yi,d29965f8-e1e4-478a-a1d8-9df7c7f0b650,food,🥑,,,,6425049730,OPay Digital Services Limited (OPay),FOLASHADE BOLANLE AHMADU,110006260718103034101186627301,,7c0f00a7-a255-4972-9124-dc5ff47954db,d29965f8-e1e4-478a-a1d8-9df7c7f0b650
6a5b91930b6d9083144c0f1b,6a45120240a3aa8412698b72,Withdrawal,SUCCESS,2026-07-18T14:45:39.787Z,2026-07-18T14:45:41.829Z,2000000,BANK-TRF,2026-07-18T14:45:39.000Z,TRF_on9enqxg08omw3ym,80233acc-8521-4827-bdbc-b72829008be1,fuel,👩‍💻,,,,0125547744,Guaranty Trust Bank,KENTADEBAYO TAIWO OLAWUMI,110006260718144536101194037601,,c282a360-d409-4536-bf3c-57f4eca1163c,80233acc-8521-4827-bdbc-b72829008be1
6a5bc03c0b6d9083144c0f68,6947e8c95dad1006b656f640,Deposit,SUCCESS,2026-07-18T18:04:44.685Z,2026-07-18T18:04:44.685Z,4500000,BANK-TRF,2026-07-18T18:04:39.000Z,090405260718190411040238106391,AUTH_rtjicglqt6,,,GEORGE OMOGBOLAHAN IBITOYE,Moniepoint MFB,5232917055,,,,,,,
6a5be4850b6d9083144c1009,6a26d519648daaea32bfa659,Withdrawal,SUCCESS,2026-07-18T20:39:33.854Z,2026-07-18T20:39:34.852Z,300000,BANK-TRF,2026-07-18T20:39:33.000Z,TRF_51bqmlfwd8sr2191,3e0138e0-ff65-439e-80cf-724e431df515,food,🥑,,,,7043290842,OPay Digital Services Limited (OPay),PROMISE DORCAS ILORI,9999910101205227001,Please managee,d6b4d69c-5c99-4ecc-8716-91a07afa0876,3e0138e0-ff65-439e-80cf-724e431df515
6a5be4f20b6d9083144c1076,6a26d519648daaea32bfa659,Withdrawal,SUCCESS,2026-07-18T20:41:22.589Z,2026-07-18T20:41:23.603Z,400000,BANK-TRF,2026-07-18T20:41:22.000Z,TRF_y6akezyyhgkuyqw9,5d3e21dd-b924-4cf5-9e5d-1b6fa5611975,food,🥑,,,,7039790510,OPay Digital Services Limited (OPay),OLUWABUNMI SAIDAT MUSTAPHA,9999910101205275601,Please managee,684763f6-fcb2-4e3b-b1ba-8a9c3fc52611,5d3e21dd-b924-4cf5-9e5d-1b6fa5611975
6a5be51f0b6d9083144c10cb,6a26d519648daaea32bfa659,Withdrawal,SUCCESS,2026-07-18T20:42:07.572Z,2026-07-18T20:42:09.480Z,300000,BANK-TRF,2026-07-18T20:42:07.000Z,TRF_g981gkcr9jx58ibl,bcaf3c63-f6be-43cf-aacd-96403f77f124,food,🥑,,,,8168609763,OPay Digital Services Limited (OPay),COVENANT PIPELOLUWA OLUWAYINKA,9999910101205296201,Please managee,8eef526e-7170-4d33-a0fd-ae46014d2319,bcaf3c63-f6be-43cf-aacd-96403f77f124
6a5ca25046ee4f42fbe9ce56,6a26d519648daaea32bfa659,Deposit,SUCCESS,2026-07-19T10:09:20.568Z,2026-07-19T10:09:20.568Z,350000,BANK-TRF,2026-07-19T10:09:19.000Z,090110260719110900549722935494,AUTH_5xsqj2dv3n,,,PocketApp-FOLASADE DAMILOLA KEHINDE,VFD Microfinance Bank Limited,1029451814,,,,,,,
6a5ca59146ee4f42fbe9ced8,6a26d519648daaea32bfa659,Withdrawal,SUCCESS,2026-07-19T10:23:13.918Z,2026-07-19T10:23:15.763Z,600000,BANK-TRF,2026-07-19T10:23:13.000Z,TRF_uoas10j3dyeqgxps,8f87a8c7-5d54-4cf5-986a-a19f0728f1bb,food,🥑,,,,3054409119,First Bank of Nigeria,SOTUNDE OMOLOLA MARY,110006260719102311101219760501,For Fila,2c3d09b0-f18a-4a6e-a0ae-096e8e4a709f,8f87a8c7-5d54-4cf5-986a-a19f0728f1bb
6a5cb90a46ee4f42fbe9cf94,6a26d519648daaea32bfa659,Deposit,SUCCESS,2026-07-19T11:46:18.554Z,2026-07-19T11:46:18.554Z,350000,BANK-TRF,2026-07-19T11:46:17.000Z,100004260719114559165778902198,AUTH_h74d6rvdce,,,TOLULOPE SUNDAY OYELUDE,OPay Digital Services Limited (OPay),8069417477,,,,,,,
6a5cbf2546ee4f42fbe9cf9c,6a5c9ccb46ee4f42fbe9ce45,Deposit,SUCCESS,2026-07-19T12:12:21.023Z,2026-07-19T12:12:21.023Z,1000000,BANK-TRF,2026-07-19T12:12:19.000Z,100004260719121208165780674313,AUTH_crb96vrzq3,,,OLUFUNKE OMOWUNMI ADEBAYO,OPay Digital Services Limited (OPay),8035661285,,,,,,,
6a5cd91746ee4f42fbe9d01c,692c2e0bc0076069f22e7a0d,Withdrawal,SUCCESS,2026-07-19T14:03:03.540Z,2026-07-19T14:03:05.666Z,200000,BANK-TRF,2026-07-19T14:03:03.000Z,TRF_vicvk43lrc1z8mcp,b711763f-3825-4f01-ab20-ed41a19dcd27,bankFees,🏦,,,,8025110373,OPay Digital Services Limited (OPay),ADEDOYIN ROSELINE ADESANYA,9999910101225496101,,adf0281f-fde2-4b85-b4d6-c3f002c573e4,b711763f-3825-4f01-ab20-ed41a19dcd27
6a5ce13646ee4f42fbe9d0a6,6a26d519648daaea32bfa659,Withdrawal,SUCCESS,2026-07-19T14:37:42.320Z,2026-07-19T14:37:44.569Z,250000,BANK-TRF,2026-07-19T14:37:42.000Z,TRF_wlocsnfotxrl9lpu,e33a4fd9-79f6-46b1-a781-0faf92f9f06c,food,🥑,,,,8168609763,OPay Digital Services Limited (OPay),COVENANT PIPELOLUWA OLUWAYINKA,9999910101226444001,,415385c0-8420-4768-803d-5a5f88a581c6,e33a4fd9-79f6-46b1-a781-0faf92f9f06c
6a5d0a2446ee4f42fbe9d0c1,692c2e0bc0076069f22e7a0d,Deposit,SUCCESS,2026-07-19T17:32:20.908Z,2026-07-19T17:32:20.908Z,1600000,BANK-TRF,2026-07-19T17:32:19.000Z,100004260719173159165807387350,AUTH_ulw74kasn7,,,ADEDOYIN ROSELINE ADESANYA,OPay Digital Services Limited (OPay),8025110373,,,,,,,
6a5d1e7646ee4f42fbe9d1c9,692f36032dfc48a0616410e7,Withdrawal,SUCCESS,2026-07-19T18:59:02.653Z,2026-07-19T18:59:03.610Z,270000,BANK-TRF,2026-07-19T18:59:02.000Z,TRF_v4v70lj92l9scgpe,c4c080a5-ed12-4beb-a044-d054d2761598,food,🥑,,,,9113780950,Airtel Smartcash PSB,SAMUEL OLADUNJOYE,110006260719185859101233988401,Sub,8a181c50-d373-430e-89a7-c2635140b38e,c4c080a5-ed12-4beb-a044-d054d2761598
6a5d1ead46ee4f42fbe9d20c,692f36032dfc48a0616410e7,Withdrawal,SUCCESS,2026-07-19T18:59:57.789Z,2026-07-19T18:59:58.712Z,2000000,BANK-TRF,2026-07-19T18:59:57.000Z,TRF_t9ihne3g64aco8e3,2b1b2e65-2269-495a-ac19-500f73e9a313,food,🥑,,,,0218467151,Guaranty Trust Bank,OLADUNJOYE  SAMUEL JESUTOFUNMI,110006260719185955101234013801,Upkeep,c2cf14cc-ec4e-4011-9e91-fc5e6d57b55f,2b1b2e65-2269-495a-ac19-500f73e9a313
6a5db66865e30694f8280248,6a45120240a3aa8412698b72,Deposit,SUCCESS,2026-07-20T05:47:20.955Z,2026-07-20T05:47:20.955Z,2500000,BANK-TRF,2026-07-20T05:47:19.000Z,110006260720054504101244906901,AUTH_zie1v5ucub,,,Paystack,,1017692813,,,,,,,
6a5dbbc465e30694f8280250,6a26d519648daaea32bfa659,Deposit,SUCCESS,2026-07-20T06:10:12.469Z,2026-07-20T06:10:12.469Z,700000,BANK-TRF,2026-07-20T06:10:10.000Z,000008260720070944184980434909,AUTH_t7inwo4hp3,,,ADENIJI GRACE OLUFOLAKE,Polaris Bank,1764465574,,,,,,,
6a5dbe3a65e30694f82802e6,6a26d519648daaea32bfa659,Withdrawal,SUCCESS,2026-07-20T06:20:42.950Z,2026-07-20T06:20:47.374Z,400000,BANK-TRF,2026-07-20T06:20:42.000Z,TRF_1xa98te9v1m4axbt,e2458d7a-680a-4574-8923-94fe60a0f407,food,🥑,,,,8134239589,PalmPay,BELOVED INIOLUWA OJO,110006260720062040101245604301,Lydia dues and program,f7dfcbf0-70b8-463e-9e92-df8a49263a44,e2458d7a-680a-4574-8923-94fe60a0f407
6a5dc8a265e30694f82803d2,691ee43124cf6022a24d9d0e,Withdrawal,SUCCESS,2026-07-20T07:05:06.533Z,2026-07-20T07:05:08.511Z,290000,BANK-TRF,2026-07-20T07:05:06.000Z,TRF_mprojkhpriukxvxp,c3c71c1b-d4d3-44a8-a946-616db9248de2,fuel,⛽,,,,0125547744,Guaranty Trust Bank,KENTADEBAYO TAIWO OLAWUMI,110006260720070505101247002201,,83d2bb1f-eb06-4c7b-be4f-11d5fc3f88ec,c3c71c1b-d4d3-44a8-a946-616db9248de2
6a5de31f65e30694f8280522,6a26d519648daaea32bfa659,Withdrawal,SUCCESS,2026-07-20T08:58:07.276Z,2026-07-20T08:58:09.390Z,380000,BANK-TRF,2026-07-20T08:58:07.000Z,TRF_9mfz74m6dz6a4ebx,4b5da471-fd08-47a8-849e-399c118e2e83,food,🥑,,,,8168609763,OPay Digital Services Limited (OPay),COVENANT PIPELOLUWA OLUWAYINKA,9999910101251188501,,8dcba2fe-7299-48c8-8923-eef95d951dd8,4b5da471-fd08-47a8-849e-399c118e2e83
6a5e111c65e30694f8280562,6a11a8b96bb1f3d6587ce0cc,Deposit,SUCCESS,2026-07-20T12:14:20.954Z,2026-07-20T12:14:20.954Z,400000,BANK-TRF,2026-07-20T12:14:19.000Z,100004260720121403165864174933,AUTH_5ejse3k2az,,,MOTUNRAYO COMFORT JOSEPH,OPay Digital Services Limited (OPay),8065372785,,,,,,,
6a5e14db65e30694f828056e,6a11a8b96bb1f3d6587ce0cc,Deposit,SUCCESS,2026-07-20T12:30:19.575Z,2026-07-20T12:30:19.575Z,200000,BANK-TRF,2026-07-20T12:30:17.000Z,100004260720122956165865649113,AUTH_a19xoi1jwd,,,ADEJOKE FATIMAT BELLO,OPay Digital Services Limited (OPay),8064690812,,,,,,,
6a5e61de65e30694f828064d,6a12e950b03e0745adb1b72e,Deposit,SUCCESS,2026-07-20T17:58:54.977Z,2026-07-20T17:58:54.977Z,3000000,BANK-TRF,2026-07-20T17:58:53.000Z,090405260720185803439219547211,AUTH_3qgusow96b,,,GABRIEL OLUWASEUN OLA,Moniepoint MFB,5249487354,,,,,,,
6a5e621665e30694f8280655,6a12e950b03e0745adb1b72e,Deposit,SUCCESS,2026-07-20T17:59:50.629Z,2026-07-20T17:59:50.629Z,8000000,BANK-TRF,2026-07-20T17:59:49.000Z,100033260720175935687169520267,AUTH_ehprkcor06,,,ADEJOKE OLUBUNMI OGUNDEJI,PalmPay,9168591160,,,,,,,
6a5e6a6d65e30694f82807d3,691ec63d24cf6022a24d9775,Withdrawal,SUCCESS,2026-07-20T18:35:25.352Z,2026-07-20T18:35:25.352Z,500000,In-App-TRF,,698c85ff6c18ad0c100e8e5c,f6067223-5589-46a8-8b28-406a6395f21f,Buy car,💎,,,,,,,,,,
6a5e6a9965e30694f8280868,6a26d519648daaea32bfa659,Withdrawal,SUCCESS,2026-07-20T18:36:09.036Z,2026-07-20T18:36:11.087Z,405000,BANK-TRF,2026-07-20T18:36:08.000Z,TRF_1kwtfop5f1f367qm,57d9fb75-6c00-423a-97f9-ebe358b39304,entertainment,🎮,,,,6425049730,OPay Digital Services Limited (OPay),FOLASHADE BOLANLE AHMADU,110006260720183606101269329601,,4765e0bb-5c47-4da0-9bc2-04bb3f5c84bf,57d9fb75-6c00-423a-97f9-ebe358b39304
6a5e6ace65e30694f82808a1,691ec63d24cf6022a24d9775,Withdrawal,SUCCESS,2026-07-20T18:37:02.399Z,2026-07-20T18:37:04.246Z,870000,BANK-TRF,2026-07-20T18:37:02.000Z,TRF_sv8t3d4eifrnorg8,e674cdd4-1ce0-4de4-9ab5-c22030188da5,Car Maintenance ,🚲,,,,8075127320,OPay Digital Services Limited (OPay),MOSES SUNDAY AJIBODU,9999910101269352901,,2c2088e1-3571-4929-bdf5-b5b8961d3358,e674cdd4-1ce0-4de4-9ab5-c22030188da5
6a5f13bcd2da6ab00889db90,6a26d519648daaea32bfa659,Deposit,SUCCESS,2026-07-21T06:37:48.205Z,2026-07-21T06:37:48.205Z,450000,BANK-TRF,2026-07-21T06:37:46.000Z,000013260721073742000079649934,AUTH_4s25y5m698,,,OYADOKE GLORIA ADERAYO,Guaranty Trust Bank,0139633565,,,,,,,
6a5f28f3d2da6ab00889dc83,6a26d519648daaea32bfa659,Withdrawal,SUCCESS,2026-07-21T08:08:19.024Z,2026-07-21T08:08:20.020Z,150000,BANK-TRF,2026-07-21T08:08:18.000Z,TRF_m4h4e1ts3i9zgaya,ef890a7f-b394-4d79-9eb5-15cd86ce6f67,food,🥑,,,,9029501525,OPay Digital Services Limited (OPay),MOHAMMOD  UMOR,9999910101282319501,,67805ec6-c8d4-430a-a5a3-2b288909b028,ef890a7f-b394-4d79-9eb5-15cd86ce6f67
6a5f2912d2da6ab00889dcd7,6a26d519648daaea32bfa659,Withdrawal,SUCCESS,2026-07-21T08:08:50.999Z,2026-07-21T08:08:52.902Z,300000,BANK-TRF,2026-07-21T08:08:50.000Z,TRF_q3cx9ajzcjie93is,7ec9f15c-9983-4077-9059-a74c7f73ce80,food,🥑,,,,8069091718,OPay Digital Services Limited (OPay),CONSTANCE ONYEKWULULECHI OLUWAYINKA,9999910101282330401,,ba2945e1-fce2-4d5f-ad83-9f693bab47ac,7ec9f15c-9983-4077-9059-a74c7f73ce80
6a5f395ad2da6ab00889dd5e,691ec63d24cf6022a24d9775,Deposit,SUCCESS,2026-07-21T09:18:18.257Z,2026-07-21T09:18:18.257Z,3500000,BANK-TRF,2026-07-21T09:18:16.000Z,100026260721101804000059600578,AUTH_6bx65t7lmx,,,Taiwo Iyiola,Carbon,8375597310,,,,,,,
6a5f3bb8d2da6ab00889dddf,6a26d519648daaea32bfa659,Withdrawal,SUCCESS,2026-07-21T09:28:24.029Z,2026-07-21T09:28:26.065Z,200000,BANK-TRF,2026-07-21T09:28:23.000Z,TRF_og441oam5qcny01i,23a0bea7-a947-46ff-82b4-f3350afcf3e4,food,🥑,,,,8037388388,OPay Digital Services Limited (OPay),IGBANG MONDAY INAKU,9999910101285140501,,2fac0ae9-9e0a-4f22-b52e-99492e95bf46,23a0bea7-a947-46ff-82b4-f3350afcf3e4
6a5f3fadd2da6ab00889ddfb,6a26d519648daaea32bfa659,Deposit,SUCCESS,2026-07-21T09:45:17.702Z,2026-07-21T09:45:17.702Z,700000,BANK-TRF,2026-07-21T09:45:16.000Z,090405260721104500491520222060,AUTH_7f2oqgx2tq,,,FOLARIN ADIJAT ABOSEDE,Moniepoint MFB,5201610334,,,,,,,
6a5f464fd2da6ab00889dea8,6a26d519648daaea32bfa659,Withdrawal,SUCCESS,2026-07-21T10:13:35.487Z,2026-07-21T10:13:37.584Z,1370000,BANK-TRF,2026-07-21T10:13:35.000Z,TRF_4b2ymeejm26q839v,0d2b9ab9-51ae-4efc-aeec-10c74ecc7090,food,🥑,,,,6141159944,OPay Digital Services Limited (OPay),The Place Abeokuta,110006260721101332101286396901,Food,59f4a580-2a18-40e1-9141-51d725891dc1,0d2b9ab9-51ae-4efc-aeec-10c74ecc7090
6a5f627ad2da6ab00889dec7,69347069c1fd4d52da87b63d,Deposit,SUCCESS,2026-07-21T12:13:46.149Z,2026-07-21T12:13:46.149Z,1000000,BANK-TRF,2026-07-21T12:13:43.000Z,100004260721121318165958953393,AUTH_rs7dp30bcn,,,GABRIEL OLAOLUWA EGBEDINA,OPay Digital Services Limited (OPay),8148218646,,,,,,,
6a5f900ad2da6ab00889dfb5,6a26d519648daaea32bfa659,Withdrawal,SUCCESS,2026-07-21T15:28:10.535Z,2026-07-21T15:28:12.587Z,250000,BANK-TRF,2026-07-21T15:28:10.000Z,TRF_xwkxkq279wth25oz,5217e1cc-6dd7-409c-b407-6f1a37f4fefd,food,🥑,,,,8168609763,OPay Digital Services Limited (OPay),COVENANT PIPELOLUWA OLUWAYINKA,9999910101296036701,,892c5822-d32c-446c-9625-d45df999b6c1,5217e1cc-6dd7-409c-b407-6f1a37f4fefd
6a5f9619d2da6ab00889e0ca,691ec63d24cf6022a24d9775,Withdrawal,SUCCESS,2026-07-21T15:54:01.902Z,2026-07-21T15:54:03.761Z,500000,BANK-TRF,2026-07-21T15:54:01.000Z,TRF_z2fh7wh1hokm074a,0ae509fe-fcf0-45ae-b40e-7ae1787d20dc,loan,📉,,,,7052597527,OPay Digital Services Limited (OPay),JOEL TIMILEYIN ADEBAYO,9999910101296652401,,e747f08e-cdbc-4b27-b136-334dd6d0cdde,0ae509fe-fcf0-45ae-b40e-7ae1787d20dc
6a5f9a46d2da6ab00889e158,6a12e950b03e0745adb1b72e,Withdrawal,SUCCESS,2026-07-21T16:11:50.821Z,2026-07-21T16:11:51.804Z,240000,BANK-TRF,2026-07-21T16:11:50.000Z,TRF_442y5xdz0yigyu9o,2a0e8180-fc87-4802-aecd-99a37216a4e1,donation,🙏,,,,9168591160,PalmPay,ADEJOKE OLUBUNMI OGUNDEJI,110006260721161146101297069701,,3de68d9a-2dbd-44d1-9554-201ce10550b4,2a0e8180-fc87-4802-aecd-99a37216a4e1
6a5f9b9ad2da6ab00889e1d1,691ec63d24cf6022a24d9775,Withdrawal,SUCCESS,2026-07-21T16:17:30.641Z,2026-07-21T16:17:32.680Z,1000000,BANK-TRF,2026-07-21T16:17:30.000Z,TRF_gqydh2xt9yfy2stb,7b822e54-2eb0-4fed-ab2b-5f4ee947168a,fuel,⛽,,,,5495909350,Moniepoint MFB,DATAAD PETROCHEMICAL COY2,505150101297228301,,5ebe28ed-289b-4d11-9162-52fa1a0c7876,7b822e54-2eb0-4fed-ab2b-5f4ee947168a
6a5fa25cd2da6ab00889e248,691ec63d24cf6022a24d9775,Withdrawal,SUCCESS,2026-07-21T16:46:20.448Z,2026-07-21T16:46:20.448Z,250000,In-App-TRF,,698c85ff6c18ad0c100e8e5c,6b98d2d2-0b9c-4ee1-96b1-d4065db6ff3a,Buy car,💎,,,,,,,,,,
6a5fa73cd2da6ab00889e310,6a12e950b03e0745adb1b72e,Withdrawal,SUCCESS,2026-07-21T17:07:08.429Z,2026-07-21T17:07:10.494Z,3000000,BANK-TRF,2026-07-21T17:07:08.000Z,TRF_193x4eiy97pw2mxc,934c9fb9-c2f2-4328-a073-3d71133d43d6,food,🥑,,,,9168591160,PalmPay,ADEJOKE OLUBUNMI OGUNDEJI,110006260721170706101298406501,Groundnut oil ,a84bd1d7-d018-4f03-94df-4dd4ea161c75,934c9fb9-c2f2-4328-a073-3d71133d43d6
6a5fab26d2da6ab00889e3c0,6a12e950b03e0745adb1b72e,Withdrawal,SUCCESS,2026-07-21T17:23:50.842Z,2026-07-21T17:23:51.851Z,2500000,BANK-TRF,2026-07-21T17:23:50.000Z,TRF_pp1vkpqeuz525p53,d802557e-4443-402e-86be-35ff56f9d7ff,donation,🙏,,,,8169246099,OPay Digital Services Limited (OPay),BUKOLA JANET JEGEDE,9999910101298837701,Samuel's graduation fee,d5f0eae9-c65c-4dbe-956a-81436e70680b,d802557e-4443-402e-86be-35ff56f9d7ff
6a5fcd84d2da6ab00889e44f,691ec63d24cf6022a24d9775,Withdrawal,SUCCESS,2026-07-21T19:50:28.177Z,2026-07-21T19:50:29.992Z,340000,BANK-TRF,2026-07-21T19:50:28.000Z,TRF_iwl5re2s5ty7v5vu,5bcd1a6a-8e82-4bfd-b75c-704ea60ae9e7,food,🥑,,,,8236939351,Moniepoint MFB,POS Transfer - OLUWAKEMI ADEOYE,505150101302410801,,90970614-3afb-4005-a8d1-4d262fd139bb,5bcd1a6a-8e82-4bfd-b75c-704ea60ae9e7
6a5fd101d2da6ab00889e467,6a26d519648daaea32bfa659,Deposit,SUCCESS,2026-07-21T20:05:21.521Z,2026-07-21T20:05:21.521Z,100000,BANK-TRF,2026-07-21T20:05:19.000Z,100004260721200450166008997701,AUTH_6x7pohc0nn,,,OLUWABUNMI KHADIJAT OGUNTOLU,OPay Digital Services Limited (OPay),7088353767,,,,,,,
6a5fdf85d2da6ab00889e46f,6a26d519648daaea32bfa659,Deposit,SUCCESS,2026-07-21T21:07:17.251Z,2026-07-21T21:07:17.251Z,20000000,BANK-TRF,2026-07-21T21:07:15.000Z,000015260721220712000003773142,AUTH_ui9y67itna,,,CONSTANCE,Zenith Bank,2009206724,,,,,,,
6a6057ea6403e8830f2671d5,6a26d519648daaea32bfa659,Withdrawal,SUCCESS,2026-07-22T05:40:58.239Z,2026-07-22T05:40:59.184Z,5100000,BANK-TRF,2026-07-22T05:40:58.000Z,TRF_c5zeoa6wsty4jwp2,9f13317c-a237-4d84-8953-ea34d0310ae3,food,🥑,,,,7068160173,PalmPay,TAIWO SHAKIRAY SUBAIR,110006260722054055101309917601,,26e8fcab-238b-4600-9660-52cd62521360,9f13317c-a237-4d84-8953-ea34d0310ae3
6a6065c76403e8830f267256,6a26d519648daaea32bfa659,Withdrawal,SUCCESS,2026-07-22T06:40:07.919Z,2026-07-22T06:40:08.903Z,510000,BANK-TRF,2026-07-22T06:40:07.000Z,TRF_fjoc2ue4b74bmb8j,6601e2f5-d802-4e3b-b38a-41e3a73a5e61,food,🥑,,,,8034544882,PalmPay,JADESOLA OYINDAMOLA RAHEEM,110006260722064005101310747901,,c9fe4490-3c95-4f31-8272-29215a8ceb23,6601e2f5-d802-4e3b-b38a-41e3a73a5e61
6a6066a56403e8830f2672d8,6a26d519648daaea32bfa659,Withdrawal,SUCCESS,2026-07-22T06:43:49.188Z,2026-07-22T06:43:50.152Z,650000,BANK-TRF,2026-07-22T06:43:49.000Z,TRF_820vqcxt92k9vd10,cbd315a3-24c6-42ce-bda9-c849a9aa3776,food,🥑,,,,7089883936,OPay Digital Services Limited (OPay),LATIFAT DABIRA ADEBOYE,9999910101310807001,,6381fda1-dd95-4244-971c-ee0d7239a55a,cbd315a3-24c6-42ce-bda9-c849a9aa3776
6a6068416403e8830f26735d,6a26d519648daaea32bfa659,Withdrawal,SUCCESS,2026-07-22T06:50:41.889Z,2026-07-22T06:52:46.388Z,610000,BANK-TRF,2026-07-22T06:52:44.000Z,TRF_ikwslvr6gyiw7vsp,e9c74179-6544-4a9d-b073-23dfd01c5baa,food,🥑,,,,6539012544,OPay Digital Services Limited (OPay),IFEOMA PRECIOUS GODWIN,110006260722065040101310932402,,35b2e81a-9c90-4c37-97e3-ec900d89027f,e9c74179-6544-4a9d-b073-23dfd01c5baa
6a6087e16403e8830f267513,6a26d519648daaea32bfa659,Withdrawal,SUCCESS,2026-07-22T09:05:37.942Z,2026-07-22T09:07:40.195Z,1300000,BANK-TRF,2026-07-22T09:07:39.000Z,TRF_vtrr262yjvorjdvt,14ad2406-22ba-4ad1-bf16-6d8b3835d077,food,🥑,,,,6555393809,OPay Digital Services Limited (OPay),MUMMY BEE NATURAL GLOBAL ENTERPRISES,110006260722090536101314236502,,493ec111-7e55-4d93-9075-82d05addbcc0,14ad2406-22ba-4ad1-bf16-6d8b3835d077
6a6089196403e8830f26758d,6a26d519648daaea32bfa659,Withdrawal,SUCCESS,2026-07-22T09:10:49.757Z,2026-07-22T09:10:50.712Z,400000,BANK-TRF,2026-07-22T09:10:49.000Z,TRF_rqv8v2tnxsrwle41,c8f19253-9cb1-496b-b6b9-7996202ffc12,food,🥑,,,,8162309518,OPay Digital Services Limited (OPay),EUCHERIA ISIOMA OKOLI,9999910101314391701,,f3f9019a-0dd6-49e2-9a14-eca818a8eb46,c8f19253-9cb1-496b-b6b9-7996202ffc12
6a6091ee6403e8830f2676ca,6a26d519648daaea32bfa659,Withdrawal,SUCCESS,2026-07-22T09:48:30.777Z,2026-07-22T09:48:31.756Z,2500000,BANK-TRF,2026-07-22T09:48:30.000Z,TRF_7ijwq3afxxlwvid4,a6cb1161-46ab-47c7-872e-e1a06e10993e,food,🥑,,,,8035783474,OPay Digital Services Limited (OPay),RASHEED IYANDA KOLEOSHO,9999910101315462801,Meat seller,71b70c14-2e00-4009-b9c9-8299ca63c166,a6cb1161-46ab-47c7-872e-e1a06e10993e
6a6097496403e8830f26777d,6a26d519648daaea32bfa659,Withdrawal,SUCCESS,2026-07-22T10:11:21.577Z,2026-07-22T10:11:22.562Z,2375000,BANK-TRF,2026-07-22T10:11:21.000Z,TRF_22w5xrdzmk6h7bir,65b0b0fc-799f-4757-a603-bb36dacbf208,food,🥑,,,,6425049730,OPay Digital Services Limited (OPay),FOLASHADE BOLANLE AHMADU,110006260722101119101315992201,Meat seller,e13402cd-2be8-49c3-9d36-d784a97f4fe3,65b0b0fc-799f-4757-a603-bb36dacbf208
6a609af86403e8830f2677fc,691ec63d24cf6022a24d9775,Withdrawal,SUCCESS,2026-07-22T10:27:04.775Z,2026-07-22T10:27:04.775Z,280000,In-App-TRF,,55fb1740-5abd-4e8d-b651-02d814da3970,69303185498828a2484c46ac,Rainy Day savings,💸,,,,,,,,,,
6a609b726403e8830f2678cd,691ec63d24cf6022a24d9775,Withdrawal,SUCCESS,2026-07-22T10:29:06.850Z,2026-07-22T10:29:08.945Z,2400000,BANK-TRF,2026-07-22T10:29:06.000Z,TRF_hj0jp5tg16mhf9qt,75c98e50-7a35-4af9-8b62-583009731e84,investment,📈,,,,8101799492,OPay Digital Services Limited (OPay),IYANUOLUWA JOHN ADEBAYO,9999910101316404201,,53a0ca44-f799-48a4-9516-230668869593,75c98e50-7a35-4af9-8b62-583009731e84
6a609ba16403e8830f267915,691ec63d24cf6022a24d9775,Withdrawal,SUCCESS,2026-07-22T10:29:53.413Z,2026-07-22T10:29:55.144Z,80000,BANK-TRF,2026-07-22T10:29:53.000Z,TRF_jc3jjxuyjb8kboas,81a12ce3-c43b-4f6b-be69-b82140dfb451,Savey Engineering,🌍,,,,8101799492,OPay Digital Services Limited (OPay),IYANUOLUWA JOHN ADEBAYO,9999910101316418601,,51595582-86fd-4202-b3c2-3866f768b58b,81a12ce3-c43b-4f6b-be69-b82140dfb451
6a609bc56403e8830f26795d,691ec63d24cf6022a24d9775,Withdrawal,SUCCESS,2026-07-22T10:30:29.697Z,2026-07-22T10:30:31.420Z,70000,BANK-TRF,2026-07-22T10:30:29.000Z,TRF_mgkqkv76sbmqnf5y,086751df-9398-431c-8997-f43eec2c5b6f,loan,📉,,,,8101799492,OPay Digital Services Limited (OPay),IYANUOLUWA JOHN ADEBAYO,9999910101316439101,,b55519ee-b510-4118-85aa-e3934ea9504d,086751df-9398-431c-8997-f43eec2c5b6f
6a60a0426403e8830f26799d,6a26d519648daaea32bfa659,Withdrawal,SUCCESS,2026-07-22T10:49:38.019Z,2026-07-22T10:49:39.924Z,760000,BANK-TRF,2026-07-22T10:49:37.000Z,TRF_6b9djm25l6uyouoe,9113afc4-f42d-4505-bcbe-79cddd5f849d,food,🥑,,,,8060400285,OPay Digital Services Limited (OPay),omolabake idowu ogunaike,9999910101316867101,Plastic,b7abd861-547d-4239-95c2-20236c0fc4bc,9113afc4-f42d-4505-bcbe-79cddd5f849d
6a60a1286403e8830f267acb,6a26d519648daaea32bfa659,Withdrawal,SUCCESS,2026-07-22T10:53:28.043Z,2026-07-22T10:53:29.849Z,850000,BANK-TRF,2026-07-22T10:53:27.000Z,TRF_r8pfeeucyn8q5orp,fc93aa4d-cdf9-4e18-8aab-4b3e48a5c3ed,food,🥑,,,,8025315782,OPay Digital Services Limited (OPay),FOLAKE SALIMOT ODUPITAN,9999910101316949601,Plastic,f479a142-8e00-45fe-9958-3ab35e49f6f2,fc93aa4d-cdf9-4e18-8aab-4b3e48a5c3ed
6a60a1486403e8830f267b07,692c2e0bc0076069f22e7a0d,Withdrawal,SUCCESS,2026-07-22T10:54:00.567Z,2026-07-22T10:54:02.602Z,400000,BANK-TRF,2026-07-22T10:54:00.000Z,TRF_vghi95idp540uqy0,7d7e11a1-a1f1-4f0a-8774-4d5622dd8ca7,books,📚,,,,7014888974,OPay Digital Services Limited (OPay),OLUWATOYIN OMOTAYO ADESANYA,9999910101316961301,,5c82c664-2aa7-4d6a-9021-2156fbcaad83,7d7e11a1-a1f1-4f0a-8774-4d5622dd8ca7
6a60a1f16403e8830f267b86,6a26d519648daaea32bfa659,Withdrawal,SUCCESS,2026-07-22T10:56:49.915Z,2026-07-22T10:56:51.707Z,170000,BANK-TRF,2026-07-22T10:56:49.000Z,TRF_17nk41f1ne4wl55y,5fcbce62-af7a-4e81-9890-710dfbdc277a,food,🥑,,,,8130751015,OPay Digital Services Limited (OPay),TAIWO IFEOLUWA ADEOYO,9999910101317031601,Plastic,37f6e0e0-ec6d-4b60-b749-c093aeba2ca3,5fcbce62-af7a-4e81-9890-710dfbdc277a
6a60ac686403e8830f267ca8,6a26d519648daaea32bfa659,Withdrawal,SUCCESS,2026-07-22T11:41:28.479Z,2026-07-22T11:41:30.303Z,250000,BANK-TRF,2026-07-22T11:41:28.000Z,TRF_fswwtz0hazbk8jmq,306c6d6c-92be-4eba-81b7-e27e3073f3c3,food,🥑,,,,7047320273,OPay Digital Services Limited (OPay),PRECIOUS ABOSEDE ADEYEMO,9999910101318211501,,45eacdec-7eeb-4e27-845e-1cc0efa50173,306c6d6c-92be-4eba-81b7-e27e3073f3c3
6a60acd26403e8830f267cdf,6a26d519648daaea32bfa659,Withdrawal,SUCCESS,2026-07-22T11:43:14.260Z,2026-07-22T11:43:16.051Z,400000,BANK-TRF,2026-07-22T11:43:14.000Z,TRF_xq6vmn3dmm6pul29,abe4dee8-96f1-4759-90c4-9180b2359e4c,food,🥑,,,,8103990637,OPay Digital Services Limited (OPay),CHRISTIANA AJOKE BANKOLE,9999910101318251501,,2d6fed65-316b-4553-a4ca-d0648c6435d2,abe4dee8-96f1-4759-90c4-9180b2359e4c
6a60ad156403e8830f267cfc,6a26d519648daaea32bfa659,Deposit,SUCCESS,2026-07-22T11:44:21.178Z,2026-07-22T11:44:21.178Z,260000,BANK-TRF,2026-07-22T11:44:19.000Z,100004260722114355166050308661,AUTH_pbgmqaw5bf,,,COVENANT PIPELOLUWA OLUWAYINKA,OPay Digital Services Limited (OPay),8168609763,,,,,,,
6a60b6e76403e8830f267e2c,69235443db9c0f9697a47d20,Withdrawal,SUCCESS,2026-07-22T12:26:15.827Z,2026-07-22T12:26:17.880Z,1850000,BANK-TRF,2026-07-22T12:26:15.000Z,TRF_zfyjhteju5zx079p,0ecd6ab0-9230-4514-8e46-a9b84c6fd0bb,travel,✈️,,,,5032459939,Moniepoint MFB,POS Transfer-ONYA FANNY MICHAEL,505150101319377901,,04804a1e-1c12-4dcb-b2d3-20965c165b2d,0ecd6ab0-9230-4514-8e46-a9b84c6fd0bb
6a60b7816403e8830f267e65,6a26d519648daaea32bfa659,Deposit,SUCCESS,2026-07-22T12:28:49.993Z,2026-07-22T12:28:49.993Z,30000000,BANK-TRF,2026-07-22T12:28:48.000Z,100004260722122821166053060366,AUTH_5sr4aqip4n,,,SAKIRU TOLANI OLOWOOKERE,OPay Digital Services Limited (OPay),7036387239,,,,,,,
6a60bf006403e8830f267ea3,695845161bafe7a105a68ceb,Deposit,SUCCESS,2026-07-22T13:00:48.839Z,2026-07-22T13:00:48.839Z,700000,BANK-TRF,2026-07-22T13:00:47.000Z,100004260722130026166057738968,AUTH_xgu2xwj2ay,,,PRAISE AYOMIDE OMOLAOLU,OPay Digital Services Limited (OPay),8071683955,,,,,,,
6a60f00c6403e8830f267fd2,6a26d519648daaea32bfa659,Withdrawal,SUCCESS,2026-07-22T16:30:04.680Z,2026-07-22T16:30:09.801Z,1500000,BANK-TRF,2026-07-22T16:30:04.000Z,TRF_9tdhz371ofuwjanr,7ceb97eb-e2aa-4f87-9b3a-c0e2ffeca955,food,🥑,,,,5835739953,Moniepoint MFB,AA RANO NIGERIA LIMITED - AA RANO LPG S S,505150101325171401,Gas,b9d2d41d-9ee3-40d7-9c28-04cfb4d787b2,7ceb97eb-e2aa-4f87-9b3a-c0e2ffeca955
6a60f68c6403e8830f26809d,6a26d519648daaea32bfa659,Withdrawal,SUCCESS,2026-07-22T16:57:48.845Z,2026-07-22T16:57:49.824Z,600000,BANK-TRF,2026-07-22T16:57:48.000Z,TRF_r7l1npb3p0tz6aj7,04d97d96-e5c5-477f-bbb5-b91f532dea34,food,🥑,,,,8156431310,OPay Digital Services Limited (OPay),ELIJAH OPEYEMI BABALOLA,9999910101325772001,Sticker,324d2d1c-4127-420c-9ba2-0f2a290a20e1,04d97d96-e5c5-477f-bbb5-b91f532dea34
6a60f75c6403e8830f2680ff,6a45120240a3aa8412698b72,Withdrawal,SUCCESS,2026-07-22T17:01:16.499Z,2026-07-22T17:01:18.509Z,1200000,BANK-TRF,2026-07-22T17:01:16.000Z,TRF_3dfugxyh5ze7xjqm,869e8376-6a8d-4f9f-af4b-558f1ed32b46,tools,🛠️,,,,8105666932,OPay Digital Services Limited (OPay),IFEANYI EMMANUEL NWOBODO,9999910101325851601,,8cd27da2-ccf4-4258-a19e-dc8ac5c2318a,869e8376-6a8d-4f9f-af4b-558f1ed32b46
6a60fecd6403e8830f268187,6a45120240a3aa8412698b72,Withdrawal,SUCCESS,2026-07-22T17:33:01.963Z,2026-07-22T17:33:02.915Z,1050000,BANK-TRF,2026-07-22T17:33:01.000Z,TRF_v77z7q863r9gug1j,d0d4c8f6-0e78-4ade-8c26-523e02b55339,fuel,⛽,,,,9046244332,OPay Digital Services Limited (OPay),TIMILEYIN ODEJOBI OWOLABI,9999910101326517201,,82100b2d-4726-44a2-8fba-b3ed5d6a1598,d0d4c8f6-0e78-4ade-8c26-523e02b55339
6a6102826403e8830f2681d9,692c2e0bc0076069f22e7a0d,Deposit,SUCCESS,2026-07-22T17:48:50.297Z,2026-07-22T17:48:50.297Z,100000,BANK-TRF,2026-07-22T17:48:49.000Z,100004260722174813166084201472,AUTH_00enap1rhx,,,ADEDOYIN ROSELINE ADESANYA,OPay Digital Services Limited (OPay),8025110373,,,,,,,
6a61039b6403e8830f26823b,6a45120240a3aa8412698b72,Withdrawal,SUCCESS,2026-07-22T17:53:31.249Z,2026-07-22T17:53:33.104Z,510000,BANK-TRF,2026-07-22T17:53:31.000Z,TRF_i2e22nqtavvqx503,c88b2d3e-524b-4f1f-a52f-29f00bc4cc76,fuel,⛽,,,,6108627567,OPay Digital Services Limited (OPay),REGDAM COMMUNICATIONS,110006260722175329101326965601,,d9108a82-fb78-41b0-bb57-8537dc5d9624,c88b2d3e-524b-4f1f-a52f-29f00bc4cc76
6a6127d56403e8830f2683a3,692c2e0bc0076069f22e7a0d,Withdrawal,SUCCESS,2026-07-22T20:28:05.460Z,2026-07-22T20:28:07.482Z,700000,BANK-TRF,2026-07-22T20:28:05.000Z,TRF_y73o0wx4m4j38j74,1dddbbaf-d787-4a14-803e-89215ef48bba,cleaning,🧼,,,,9027186784,OPay Digital Services Limited (OPay),MARYAM IYABO BAMGBOYE,9999910101330493001,,083f8fe6-c91a-44a4-a3d1-f28244891dad,1dddbbaf-d787-4a14-803e-89215ef48bba
6a613b0a6403e8830f26841b,6a26d519648daaea32bfa659,Withdrawal,SUCCESS,2026-07-22T21:50:02.577Z,2026-07-22T21:50:03.558Z,1250000,BANK-TRF,2026-07-22T21:50:02.000Z,TRF_mxhh8k5808koq6xm,2254687f-50cf-40ba-bcb6-27c0c0292702,food,🥑,,,,7047320273,OPay Digital Services Limited (OPay),PRECIOUS ABOSEDE ADEYEMO,9999910101332292201,,e3d7f9f5-d8cb-465c-97db-8380ba907df0,2254687f-50cf-40ba-bcb6-27c0c0292702
6a61c6ade07ce18470043a03,692c2e0bc0076069f22e7a0d,Deposit,SUCCESS,2026-07-23T07:45:49.123Z,2026-07-23T07:45:49.123Z,100000,BANK-TRF,2026-07-23T07:45:47.000Z,100004260723074532166118942917,AUTH_cyxptqi8xq,,,ADEDOYIN ROSELINE ADESANYA,OPay Digital Services Limited (OPay),8025110373,,,,,,,
6a61d839e07ce18470043a57,6a26d519648daaea32bfa659,Withdrawal,SUCCESS,2026-07-23T09:00:41.053Z,2026-07-23T09:00:43.212Z,1000000,BANK-TRF,2026-07-23T09:00:40.000Z,TRF_rz8goc4of61xnfly,87b6ef1a-e7be-4656-a036-c51df32b7c7f,food,🥑,,,,7080735815,OPay Digital Services Limited (OPay),ADERONKE OLAYINKA ADEFILA,9999910101340766701,Fuel,b0885d54-ae58-45e5-a541-2246896d8edb,87b6ef1a-e7be-4656-a036-c51df32b7c7f
6a61dcffe07ce18470043ac2,6a26d519648daaea32bfa659,Withdrawal,SUCCESS,2026-07-23T09:21:03.902Z,2026-07-23T09:23:17.807Z,1250000,BANK-TRF,2026-07-23T09:23:11.000Z,TRF_h1f1ajdm591swj72,cdd35a6f-3406-40e2-8866-f9c0b7aaf0f7,Drinks and sweet,🥂,,,,6555393809,OPay Digital Services Limited (OPay),MUMMY BEE NATURAL GLOBAL ENTERPRISES,110006260723092102101341358402,Fuel,c42e6383-2d1e-4091-920f-b7141c6a591d,cdd35a6f-3406-40e2-8866-f9c0b7aaf0f7
6a61e58ce07ce18470043b56,6a26d519648daaea32bfa659,Withdrawal,SUCCESS,2026-07-23T09:57:32.326Z,2026-07-23T09:57:34.220Z,950000,BANK-TRF,2026-07-23T09:57:32.000Z,TRF_r2s34uhn44678zbt,001a0bb9-a426-4394-935f-7f267e3e0c6c,food,🥑,,,,6103481948,OPay Digital Services Limited (OPay),ABDULWAHEED ALANI ALARAN,110006260723095730101342185501,Items,e20a3236-c147-4176-963a-aa62e9852433,001a0bb9-a426-4394-935f-7f267e3e0c6c
6a61e67be07ce18470043b88,6a26d519648daaea32bfa659,Withdrawal,SUCCESS,2026-07-23T10:01:31.446Z,2026-07-23T10:01:32.429Z,250000,BANK-TRF,2026-07-23T10:01:31.000Z,TRF_qi2qfpmc5ycfeh0p,b366ba1b-9ee9-4faf-ac27-5c533ca50ae3,Drinks and sweet,🥂,,,,5120642759,Moniepoint MFB,AL-YUSROH GLOBAL RESOURCES,505150101342278601,Items,9b4bd8b3-3d4c-4e9a-a70a-a112c5817fa4,b366ba1b-9ee9-4faf-ac27-5c533ca50ae3
6a61eb6ce07ce18470043c1c,6a26d519648daaea32bfa659,Withdrawal,SUCCESS,2026-07-23T10:22:36.040Z,2026-07-23T10:22:37.019Z,1790000,BANK-TRF,2026-07-23T10:22:35.000Z,TRF_y2xw5qwno8wwvpz0,18855e9a-4b04-4722-b33c-4ca741ec1e9f,Drinks and sweet,🥂,,,,7086511293,OPay Digital Services Limited (OPay),EZEMARK CHUKWUKA STANISLAUS,9999910101342751201,Items,91c2d14b-d1c8-45e0-8d1a-b747d8dd44dc,18855e9a-4b04-4722-b33c-4ca741ec1e9f
6a61ed9fe07ce18470043c61,6a26d519648daaea32bfa659,Withdrawal,SUCCESS,2026-07-23T10:31:59.975Z,2026-07-23T10:32:00.936Z,120000,BANK-TRF,2026-07-23T10:31:59.000Z,TRF_hmj8j52348m72d9n,c1e877eb-6504-4099-a5e6-918ce355e437,Drinks and sweet,🥂,,,,9071396222,OPay Digital Services Limited (OPay),QUDUS ADEDEJI LAWAL,9999910101342971001,Serviette,0c3f416a-99f3-4b32-911c-5d45e9f64da3,c1e877eb-6504-4099-a5e6-918ce355e437
6a61efede07ce18470043d76,6a11a8b96bb1f3d6587ce0cc,Deposit,SUCCESS,2026-07-23T10:41:49.530Z,2026-07-23T10:41:49.530Z,500000,BANK-TRF,2026-07-23T10:41:48.000Z,000015260723114136000001128720,AUTH_uuc7fduava,,,EVIDENCE ACTION DEVELOPMENT INITIAT,Zenith Bank,1016965004,,,,,,,
6a61f06de07ce18470043dae,6a26d519648daaea32bfa659,Withdrawal,SUCCESS,2026-07-23T10:43:57.807Z,2026-07-23T10:43:58.756Z,1330000,BANK-TRF,2026-07-23T10:43:57.000Z,TRF_albvwsy4jmzzeata,383332e3-de30-4f1d-af15-191dc569a64a,Drinks and sweet,🥂,,,,7063173225,Moniepoint MFB,ENIOLA OMOLADE SAKA,505150101343235801,Packaging,b06a0023-25ed-4fab-b190-7c44ef631975,383332e3-de30-4f1d-af15-191dc569a64a
6a61f16ce07ce18470043de2,6a26d519648daaea32bfa659,Withdrawal,SUCCESS,2026-07-23T10:48:12.503Z,2026-07-23T10:48:13.458Z,300000,BANK-TRF,2026-07-23T10:48:12.000Z,TRF_2qhnqvlbe3ir3cr7,1153a253-23ef-4aab-b02a-8fc196cd4871,Drinks and sweet,🥂,,,,9048081368,OPay Digital Services Limited (OPay),MUHAMMED  AMINU,9999910101343333901,Packaging,66213b21-0dbf-48a2-8235-71b5a91d5271,1153a253-23ef-4aab-b02a-8fc196cd4871
6a61f778e07ce18470043fca,6a26d519648daaea32bfa659,Withdrawal,SUCCESS,2026-07-23T11:14:00.487Z,2026-07-23T11:14:01.448Z,665000,BANK-TRF,2026-07-23T11:14:00.000Z,TRF_l4lijbd6ulglelar,0fb158f0-48c0-4b14-8376-1312a7ea920a,Drinks and sweet,🥂,,,,5159543197,Moniepoint MFB, DKAP NIGERIA ENTERPRISES - 3,505150101343880801,Drinks,29b855c0-ee4f-4edc-acc9-6260811c40c2,0fb158f0-48c0-4b14-8376-1312a7ea920a
6a61fe7be07ce18470044042,6a26d519648daaea32bfa659,Withdrawal,SUCCESS,2026-07-23T11:43:55.339Z,2026-07-23T11:43:56.331Z,8400000,BANK-TRF,2026-07-23T11:43:55.000Z,TRF_z2tyjxhnda1ths8r,84d25ff2-37a5-41de-9524-fd8587c46e7e,Drinks and sweet,🥂,,,,9031296974,OPay Digital Services Limited (OPay),Rukayat Olabisi Sulaiman,9999910101344533701,Drinks,9c7520ba-4093-4c7e-bb5a-1c60bcbcf0ce,84d25ff2-37a5-41de-9524-fd8587c46e7e
6a6205d1e07ce18470044112,6a26d519648daaea32bfa659,Withdrawal,SUCCESS,2026-07-23T12:15:13.759Z,2026-07-23T12:15:15.617Z,2500000,BANK-TRF,2026-07-23T12:15:13.000Z,TRF_1624s4th9o87rejo,d351c1d3-9179-41c0-880c-c842a935ae56,Drinks and sweet,🥂,,,,6425049730,OPay Digital Services Limited (OPay),FOLASHADE BOLANLE AHMADU,110006260723121511101345276601,Drinks,896e78eb-1d13-4069-9a51-fff07c13594c,d351c1d3-9179-41c0-880c-c842a935ae56
6a620fe2e07ce18470044324,6947e8c95dad1006b656f640,Withdrawal,SUCCESS,2026-07-23T12:58:10.755Z,2026-07-23T12:58:12.818Z,10000000,BANK-TRF,2026-07-23T12:58:10.000Z,TRF_7uhcd6ihp72jkrmp,563237dc-be37-449b-a680-b1496b12f549,loan,📉,,,,8156395874,OPay Digital Services Limited (OPay),BOLUWATIFE OMOWUNMI ADESINA,9999910101346237601,,22bb4158-ed6c-45b0-98e6-6efade21a3a8,563237dc-be37-449b-a680-b1496b12f549
6a6222f5e07ce18470044482,6a26d519648daaea32bfa659,Withdrawal,SUCCESS,2026-07-23T14:19:33.402Z,2026-07-23T14:19:34.380Z,1000000,BANK-TRF,2026-07-23T14:19:33.000Z,TRF_gzaqj2hbwyt5jplw,697f0262-709f-4868-bbfd-03db82bc2909,Drinks and sweet,🥂,,,,7047320273,OPay Digital Services Limited (OPay),PRECIOUS ABOSEDE ADEYEMO,9999910101348163801,Drinks,19e84f2c-d083-48ae-885b-687a53b8953b,697f0262-709f-4868-bbfd-03db82bc2909
6a62251fe07ce18470044517,6a26d519648daaea32bfa659,Withdrawal,SUCCESS,2026-07-23T14:28:47.935Z,2026-07-23T14:28:48.926Z,300000,BANK-TRF,2026-07-23T14:28:47.000Z,TRF_fnszbjwh0xlu1vhb,f3b87f02-11c9-4c77-ae39-1832360d237c,Drinks and sweet,🥂,,,,8123185197,OPay Digital Services Limited (OPay),PEACE ABIMBOLA KUDORO,9999910101348358001,E ma binu,f23cdc34-d8c6-4f09-92ba-42f0e79fdb0a,f3b87f02-11c9-4c77-ae39-1832360d237c
6a622f51e07ce184700445ac,6a45120240a3aa8412698b72,Deposit,SUCCESS,2026-07-23T15:12:17.071Z,2026-07-23T15:12:17.071Z,3500000,BANK-TRF,2026-07-23T15:12:15.000Z,090110260723161140363432819983,AUTH_lc7svtpm4z,,,Vant,VFD Microfinance Bank Limited,1026459314,,,,,,,
6a622faee07ce18470044601,6a45120240a3aa8412698b72,Withdrawal,SUCCESS,2026-07-23T15:13:50.832Z,2026-07-23T15:13:52.676Z,680000,BANK-TRF,2026-07-23T15:13:50.000Z,TRF_qfiga2qzo436wp3s,10eab8a3-10d3-46c0-b2ed-06c2418639b0,tools,🛠️,,,,6114716465,OPay Digital Services Limited (OPay),Sweet Sensation Ibara,110006260723151349101349351101,,5e061849-2a80-47b5-acaf-97739cab8013,10eab8a3-10d3-46c0-b2ed-06c2418639b0
6a625c56e07ce18470044760,6a26d519648daaea32bfa659,Withdrawal,SUCCESS,2026-07-23T18:24:22.682Z,2026-07-23T18:24:24.477Z,1600000,BANK-TRF,2026-07-23T18:24:22.000Z,TRF_avca5plsp0jugb0o,9b4c4ac7-9a19-4520-a279-0ec09a819a8e,food,🥑,,,,8103990637,OPay Digital Services Limited (OPay),CHRISTIANA AJOKE BANKOLE,9999910101353591001,,65db379d-4d3a-417f-a7b7-96f1838b0ab9,9b4c4ac7-9a19-4520-a279-0ec09a819a8e
6a62980ae07ce184700448b2,6a26d519648daaea32bfa659,Withdrawal,SUCCESS,2026-07-23T22:39:06.158Z,2026-07-23T22:39:07.137Z,800000,BANK-TRF,2026-07-23T22:39:06.000Z,TRF_7dveyh6jow0nhb0p,35b44898-df6d-4fb3-aad9-ca2c2a23bd39,food,🥑,,,,7043290842,OPay Digital Services Limited (OPay),PROMISE DORCAS ILORI,9999910101358462901,,537ae6c8-a91d-43c6-a38e-ff268ffbb312,35b44898-df6d-4fb3-aad9-ca2c2a23bd39
6a629939e07ce1847004493e,6a26d519648daaea32bfa659,Withdrawal,SUCCESS,2026-07-23T22:44:09.838Z,2026-07-23T22:44:11.654Z,1500000,BANK-TRF,2026-07-23T22:44:09.000Z,TRF_al3182s186f3etq9,7399fcaf-6159-4463-a99b-d0a59e4b98bc,food,🥑,,,,7039790510,OPay Digital Services Limited (OPay),OLUWABUNMI SAIDAT MUSTAPHA,9999910101358522001,Workmanship ,61a9ddd8-e07c-403b-9b6f-cca70257a86d,7399fcaf-6159-4463-a99b-d0a59e4b98bc
6a6299b2e07ce184700449bb,6a26d519648daaea32bfa659,Withdrawal,SUCCESS,2026-07-23T22:46:10.502Z,2026-07-23T22:46:12.309Z,150000,BANK-TRF,2026-07-23T22:46:10.000Z,TRF_s4ayy9mlgd4yyt2n,455f5bff-104c-4aa6-bf6b-3ce6bea41b8d,food,🥑,,,,8168609763,Moniepoint MFB,COVENANT OLUWAYINKA,505150101358551801,Workmanship ,cd4fbfa9-7825-4987-a886-e110acdff250,455f5bff-104c-4aa6-bf6b-3ce6bea41b8d
6a6330f7c976c71cc2cc5964,6a11a8b96bb1f3d6587ce0cc,Withdrawal,SUCCESS,2026-07-24T09:31:35.434Z,2026-07-24T09:31:36.433Z,200000,BANK-TRF,2026-07-24T09:31:35.000Z,TRF_05ksprdst0nrty78,6b4244b3-c57f-4ca4-8e8d-01ba64c44baa,gift,🎁,,,,8375597310,Carbon,TAIWO OLAWUMI IYIOLA,110006260724093130101366780601,Gift,c8bad47b-b61a-4ac3-b199-6526d370d1d7,6b4244b3-c57f-4ca4-8e8d-01ba64c44baa
6a6342b5c976c71cc2cc59d2,6a12e950b03e0745adb1b72e,Deposit,SUCCESS,2026-07-24T10:47:17.095Z,2026-07-24T10:47:17.095Z,500000,BANK-TRF,2026-07-24T10:47:15.000Z,100033260724104654439683598070,AUTH_x3onklqhtg,,,ADEJOKE OLUBUNMI OGUNDEJI,PalmPay,9168591160,,,,,,,
6a63594ec976c71cc2cc5a2c,6a11a8b96bb1f3d6587ce0cc,Withdrawal,SUCCESS,2026-07-24T12:23:42.613Z,2026-07-24T12:23:44.675Z,300000,BANK-TRF,2026-07-24T12:23:42.000Z,TRF_lmvpmgg7a6w1pnz6,db851fc1-b181-4ded-b163-48103ff9f618,gift,🎁,,,,0125547744,Guaranty Trust Bank,KENTADEBAYO TAIWO OLAWUMI,110006260724122341101371038701,Gift contribution (the Oluwabiyis'),8130b5fc-3459-4508-b0f4-ad6e207b86c9,db851fc1-b181-4ded-b163-48103ff9f618
6a637170c976c71cc2cc5c08,6a11a8b96bb1f3d6587ce0cc,Withdrawal,SUCCESS,2026-07-24T14:06:40.196Z,2026-07-24T14:06:42.228Z,800000,BANK-TRF,2026-07-24T14:06:40.000Z,TRF_o362nyklpfqiugx0,d3388b59-691e-412e-b552-a18ab6d89cbf,childcare,🍼,,,,2277693512,United Bank For Africa,ADEBAYO OLUFUNKE OMOWUNMI AND ADEBAYO ADENRELE OLALEKAN,110006260724140638101373499101,Staff gift ,3f6ef2ee-9aab-401f-9d16-cf16f2b72810,d3388b59-691e-412e-b552-a18ab6d89cbf
6a644827a813083acb759a6f,6a26d519648daaea32bfa659,Deposit,SUCCESS,2026-07-25T05:22:47.853Z,2026-07-25T05:22:47.853Z,6500000,BANK-TRF,2026-07-25T05:22:46.000Z,100004260725052227166301933775,AUTH_ncstbjgpsc,,,SAKIRU TOLANI OLOWOOKERE,OPay Digital Services Limited (OPay),8062306255,,,,,,,
6a645f94a813083acb759b12,6a26d519648daaea32bfa659,Withdrawal,SUCCESS,2026-07-25T07:02:44.414Z,2026-07-25T07:02:46.616Z,500000,BANK-TRF,2026-07-25T07:02:44.000Z,TRF_33igjl2ofw6ask06,2e0bdb97-094e-4554-a4e8-8aa49d0bc911,food,🥑,,,,7039790510,OPay Digital Services Limited (OPay),OLUWABUNMI SAIDAT MUSTAPHA,9999910101390765701,,450112c2-3fbc-4109-bb6b-06c118edcc04,2e0bdb97-094e-4554-a4e8-8aa49d0bc911
6a645fc7a813083acb759b41,6a26d519648daaea32bfa659,Withdrawal,SUCCESS,2026-07-25T07:03:35.953Z,2026-07-25T07:03:37.986Z,900000,BANK-TRF,2026-07-25T07:03:35.000Z,TRF_y7cnqywezq4l4gdg,18cb468e-0769-4ec9-83cd-a4a91776d05e,food,🥑,,,,8069091718,OPay Digital Services Limited (OPay),CONSTANCE ONYEKWULULECHI OLUWAYINKA,9999910101390791101,,31cf7a8f-70e7-4361-af16-960f766c3d34,18cb468e-0769-4ec9-83cd-a4a91776d05e
6a6460a2a813083acb759be9,6a26d519648daaea32bfa659,Withdrawal,SUCCESS,2026-07-25T07:07:14.539Z,2026-07-25T07:07:16.725Z,1000000,BANK-TRF,2026-07-25T07:07:14.000Z,TRF_vmfkvkdqhlzco4ue,8c68ad44-7934-4d2d-b6f8-614b22f74a76,food,🥑,,,,0010106940,Union Bank of Nigeria,EMM BAPT CHURCH,110006260725070712101390892001,Tithe,8a68255e-d52a-4e1d-a1ca-d7c86e731420,8c68ad44-7934-4d2d-b6f8-614b22f74a76
6a64b716a813083acb759d94,6a26d519648daaea32bfa659,Withdrawal,SUCCESS,2026-07-25T13:16:06.320Z,2026-07-25T13:16:08.932Z,510000,BANK-TRF,2026-07-25T13:16:06.000Z,TRF_n8pl8n0j5l70ib3r,c05755f6-2afc-46ba-a830-4eb1afd7c122,food,🥑,,,,6118274463,OPay Digital Services Limited (OPay),OLAMILEKAN OLUWADAMILARE OWOLABI,110006260725131603101399690401,,a8b9c5dd-cc55-473e-a52c-b8a350c53ee6,c05755f6-2afc-46ba-a830-4eb1afd7c122
6a64b864a813083acb759e15,6a26d519648daaea32bfa659,Withdrawal,SUCCESS,2026-07-25T13:21:40.292Z,2026-07-25T13:21:42.605Z,100000,BANK-TRF,2026-07-25T13:21:40.000Z,TRF_0ke3pvw2hyw9rc9h,1fcbd01c-3d2d-460a-b5f9-a968c8d639c4,food,🥑,,,,7086505545,OPay Digital Services Limited (OPay),PATIENCE NKEIRUKA UBANI,9999910101399814301,,26755a8a-b9ec-422b-a409-1c34f1531d26,1fcbd01c-3d2d-460a-b5f9-a968c8d639c4
6a64bd89a813083acb759e80,692f36032dfc48a0616410e7,Withdrawal,SUCCESS,2026-07-25T13:43:37.323Z,2026-07-25T13:43:38.281Z,50000,BANK-TRF,2026-07-25T13:43:37.000Z,TRF_7zibjixbw0nawtzf,bf2e8149-33fd-4f4f-8478-d28cbd532e12,food,🥑,,,,9113780950,Airtel Smartcash PSB,SAMUEL OLADUNJOYE,110006260725134335101400323701,S,217f6120-2133-4fba-8bdd-30f2db68e4d0,bf2e8149-33fd-4f4f-8478-d28cbd532e12
6a64bdeea813083acb759f13,692f36032dfc48a0616410e7,Withdrawal,SUCCESS,2026-07-25T13:45:18.064Z,2026-07-25T13:45:20.346Z,1600000,BANK-TRF,2026-07-25T13:45:17.000Z,TRF_bms30zca9igv691w,ce4b8f13-2129-425c-936f-bfee76e211bf,food,🥑,,,,0218467151,Guaranty Trust Bank,OLADUNJOYE  SAMUEL JESUTOFUNMI,110006260725134516101400375601,Hu,72d2665b-0299-4789-b740-449e3899c054,ce4b8f13-2129-425c-936f-bfee76e211bf
6a64e261a813083acb759ff8,692c2e0bc0076069f22e7a0d,Withdrawal,SUCCESS,2026-07-25T16:20:49.537Z,2026-07-25T16:20:51.585Z,100000,BANK-TRF,2026-07-25T16:20:49.000Z,TRF_0mpyfx7yl7829737,a20dadf0-dda8-4421-84ce-7b8d90e6fceb,bankFees,🏦,,,,8025110373,OPay Digital Services Limited (OPay),ADEDOYIN ROSELINE ADESANYA,9999910101404491301,,58a876ae-bd5a-42c4-a372-7717d7693968,a20dadf0-dda8-4421-84ce-7b8d90e6fceb
6a64ee5ca813083acb75a0ca,692f36032dfc48a0616410e7,Withdrawal,SUCCESS,2026-07-25T17:11:56.158Z,2026-07-25T17:11:58.073Z,150000,BANK-TRF,2026-07-25T17:11:56.000Z,TRF_bvxn3xrcg471i400,53d143f8-e696-4a28-96ae-f8519060ebec,food,🥑,,,,2355220072,United Bank For Africa,OLADUNJOYE TEMILOLUWA DAVID,110006260725171153101405772301,Hh,2c6d8e75-5ae5-49d8-bd38-2b7088af72d5,53d143f8-e696-4a28-96ae-f8519060ebec
6a64fee8a813083acb75a1c0,6a45120240a3aa8412698b72,Withdrawal,SUCCESS,2026-07-25T18:22:32.044Z,2026-07-25T18:22:34.072Z,1000000,BANK-TRF,2026-07-25T18:22:31.000Z,TRF_jpan22uub4r0vg2f,bc011b19-210c-459b-9b4c-bd284ca358a1,transportation,🚌,,,,5648686640,Moniepoint MFB,ENERGYSWITCH ALLIED OIL SERVICES LTD - ENERGYSWITCH ALLIED OIL SERVICES LTD IDI ABA 2,505150101407630601,,70595239-532d-4cf0-91a4-f136dbe5523c,bc011b19-210c-459b-9b4c-bd284ca358a1
6a650833a813083acb75a28f,6a45120240a3aa8412698b72,Withdrawal,SUCCESS,2026-07-25T19:02:11.334Z,2026-07-25T19:02:13.578Z,200000,BANK-TRF,2026-07-25T19:02:11.000Z,TRF_yv73ky8fokmzxvz1,89d576a6-6672-4ad0-bf31-fdc63bef53b9,transportation,🚌,,,,9055485433,OPay Digital Services Limited (OPay),PATRICK NFONOBONG SAMUEL,9999910101408622001,,c72d2f47-d8f1-4c78-a7f4-8944a2551efe,89d576a6-6672-4ad0-bf31-fdc63bef53b9
6a65216da813083acb75a2b2,6a26d519648daaea32bfa659,Deposit,SUCCESS,2026-07-25T20:49:49.339Z,2026-07-25T20:49:49.339Z,1000000,BANK-TRF,2026-07-25T20:49:48.000Z,100004260725204932166388681729,AUTH_6jhz0wg5p8,,,SAKIRU TOLANI OLOWOOKERE,OPay Digital Services Limited (OPay),8062306255,,,,,,,
6a660acf11530a6830ef4f9e,6a45120240a3aa8412698b72,Withdrawal,SUCCESS,2026-07-26T13:25:35.284Z,2026-07-26T13:25:36.245Z,200000,BANK-TRF,2026-07-26T13:25:35.000Z,TRF_l8yc393q27jd420y,5c1063ea-4281-452d-a150-81d00420afd7,transportation,🚌,,,,7081410005,OPay Digital Services Limited (OPay),OLUFUNMILAYO DAMILOLA JOHN,9999910101427919901,,d7908540-7222-438e-a326-2224fd0d8516,5c1063ea-4281-452d-a150-81d00420afd7
6a660ad611530a6830ef4fc2,6a22e229e4f1fd71697c620c,Withdrawal,SUCCESS,2026-07-26T13:25:42.607Z,2026-07-26T13:25:43.587Z,100000,BANK-TRF,2026-07-26T13:25:42.000Z,TRF_chew3oi2igf0n5xi,190eb2c3-87ea-47f5-b963-f96ef2409249,food,🥑,,,,9037349254,OPay Digital Services Limited (OPay),TEMILOLUWA MIRACLE ADENUGA,9999910101427923201,,c80a0053-8e5d-450c-82d3-c734e61c96bd,190eb2c3-87ea-47f5-b963-f96ef2409249
6a66140d11530a6830ef505b,692c2e0bc0076069f22e7a0d,Withdrawal,SUCCESS,2026-07-26T14:05:01.841Z,2026-07-26T14:05:04.057Z,600000,BANK-TRF,2026-07-26T14:05:01.000Z,TRF_0dfcanzlee3q4p8y,87bc24db-9274-4af2-8964-561ec3aec23f,alcohol,🍻,,,,8025110373,OPay Digital Services Limited (OPay),ADEDOYIN ROSELINE ADESANYA,9999910101428909301,,de23ccd6-bd5b-4ca6-abfd-4872939d7511,87bc24db-9274-4af2-8964-561ec3aec23f
6a6627f011530a6830ef511b,6a45120240a3aa8412698b72,Withdrawal,SUCCESS,2026-07-26T15:29:52.644Z,2026-07-26T15:29:53.595Z,690000,BANK-TRF,2026-07-26T15:29:52.000Z,TRF_c9zv6402f382s32f,0eb29e13-4f34-4aca-b8d9-d6d01b1adae7,transportation,🚌,,,,5415053477,Moniepoint MFB,FATGBEMS ABEOKUTA CHICKEN REPUBLIC,505150101431045801,,8d143ae3-190f-42be-abe1-eb207f02dbda,0eb29e13-4f34-4aca-b8d9-d6d01b1adae7
6a66293311530a6830ef51b1,6a26d519648daaea32bfa659,Withdrawal,SUCCESS,2026-07-26T15:35:15.568Z,2026-07-26T15:35:17.520Z,1000000,BANK-TRF,2026-07-26T15:35:15.000Z,TRF_71e6dv03l0gtpbt9,883d23ea-8c71-4c5c-a079-ab3275c6cef9,food,🥑,,,,6945324004,Moniepoint MFB,WALE ADEKANMI,505150101431170901,,5f3db466-9d33-4d46-a193-50a9af48a2ad,883d23ea-8c71-4c5c-a079-ab3275c6cef9
6a672c7a29f1ee8076f055e9,6a26d519648daaea32bfa659,Withdrawal,SUCCESS,2026-07-27T10:01:30.570Z,2026-07-27T10:01:31.571Z,700000,BANK-TRF,2026-07-27T10:01:30.000Z,TRF_juqlxs5hwiupf0rb,d6ed2b08-a9bf-4b62-9bb7-ff678829fee4,food,🥑,,,,5376889999,Moniepoint MFB,EMMA SQUARE,505150101454292301,,abaa09bc-b6ce-4717-9fb6-32765e80d778,d6ed2b08-a9bf-4b62-9bb7-ff678829fee4
6a672e0729f1ee8076f0565b,6a26d519648daaea32bfa659,Withdrawal,SUCCESS,2026-07-27T10:08:07.735Z,2026-07-27T10:08:09.600Z,1300000,BANK-TRF,2026-07-27T10:08:07.000Z,TRF_1uw1nc1s78s3flr3,54acc189-0960-4a18-b5b4-0e7a42363195,food,🥑,,,,8137427026,OPay Digital Services Limited (OPay),Chijioke Christian Onah,9999910101454482401,,7a0e29fc-5735-44c0-9fcf-cb835baf0762,54acc189-0960-4a18-b5b4-0e7a42363195
6a67318529f1ee8076f05709,6a26d519648daaea32bfa659,Withdrawal,SUCCESS,2026-07-27T10:23:01.043Z,2026-07-27T10:23:02.932Z,930000,BANK-TRF,2026-07-27T10:23:00.000Z,TRF_m9913juke6cmimuy,eed2e6b1-035a-43c3-b281-0d5505dfdaaa,food,🥑,,,,7067875738,PalmPay,EUGENE UGOCHUKWU ONAH,110006260727102258101454957501,,1646c5f5-c97a-40f2-815c-372e54cc5aa2,eed2e6b1-035a-43c3-b281-0d5505dfdaaa
6a67423c29f1ee8076f0572a,6a26d519648daaea32bfa659,Deposit,SUCCESS,2026-07-27T11:34:20.677Z,2026-07-27T11:34:20.677Z,4000000,BANK-TRF,2026-07-27T11:34:19.000Z,000023260727123346004220210118,AUTH_n2kijs2ylq,,,SAVVY STUDIOS,Providus Bank,1305910047,,,,,,,
6a6746fb29f1ee8076f05825,6a26d519648daaea32bfa659,Withdrawal,SUCCESS,2026-07-27T11:54:35.238Z,2026-07-27T11:54:37.279Z,900000,BANK-TRF,2026-07-27T11:54:35.000Z,TRF_ed9wzhhwqs4b5rt2,fa45846b-dee3-4b61-b596-950bfd4c7dab,food,🥑,,,,9159513702,Moniepoint MFB,NAIJASKILLUP ENTERPRISES,505150101457421001,For CapCut pro,d5c6aa14-f5fb-43c7-9339-ed91deb029f4,fa45846b-dee3-4b61-b596-950bfd4c7dab
6a674a9c29f1ee8076f05919,6a26d519648daaea32bfa659,Withdrawal,SUCCESS,2026-07-27T12:10:04.812Z,2026-07-27T12:10:06.897Z,600000,BANK-TRF,2026-07-27T12:10:04.000Z,TRF_f0bczxopuxcyz76n,7488c86e-8c15-457f-a8ca-0ffab9bf2d81,food,🥑,,,,8068726532,OPay Digital Services Limited (OPay),TESTIMONY MORENIKE BANKOLE,9999910101457809901,,854e7bbb-6a06-4a5c-8de9-3d094d889436,7488c86e-8c15-457f-a8ca-0ffab9bf2d81
6a675b6a29f1ee8076f05a1c,6a26d519648daaea32bfa659,Withdrawal,SUCCESS,2026-07-27T13:21:46.436Z,2026-07-27T13:21:48.478Z,275000,BANK-TRF,2026-07-27T13:21:46.000Z,TRF_ymmi78w9dv7ns3br,735b7625-4abc-4ba4-ab5d-a8a5817fdcab,food,🥑,,,,6425049730,OPay Digital Services Limited (OPay),FOLASHADE BOLANLE AHMADU,110006260727132144101459649501,,9da89579-9532-4372-9346-6711e65fcb1c,735b7625-4abc-4ba4-ab5d-a8a5817fdcab
6a676bec29f1ee8076f05a99,6a45120240a3aa8412698b72,Withdrawal,SUCCESS,2026-07-27T14:32:12.840Z,2026-07-27T14:32:13.843Z,400000,BANK-TRF,2026-07-27T14:32:12.000Z,TRF_t9y8gel1ousjcmz9,bfb8bea6-70a1-421c-9b6d-5d541390029b,transportation,🚌,,,,7032303627,OPay Digital Services Limited (OPay),ROFIAT ENIOLA OLAJIDE,9999910101461373001,,194e4a12-045b-46ca-8d8d-c0919a472acd,bfb8bea6-70a1-421c-9b6d-5d541390029b
6a676e0e29f1ee8076f05ab9,69f78c7bcc23bbbf0663dcf6,Deposit,SUCCESS,2026-07-27T14:41:18.571Z,2026-07-27T14:41:18.571Z,9000000,BANK-TRF,2026-07-27T14:41:17.000Z,090645260727144100153041916178,AUTH_gcm9z3119z,,,PROOVAL LTD,Nombank MFB,8762308293,,,,,,,
6a678fe629f1ee8076f05ba5,69f78c7bcc23bbbf0663dcf6,Withdrawal,SUCCESS,2026-07-27T17:05:42.875Z,2026-07-27T17:05:43.858Z,200000,BANK-TRF,2026-07-27T17:05:42.000Z,TRF_l6j1o37gobcnrvvk,a6c7d913-5176-44f9-93c0-e6acb2f72abf,food,🥑,,,,9137151006,OPay Digital Services Limited (OPay),VICTOR DOMINIC OGBODE,9999910101464846001,,9f74f018-3609-4820-a890-905064805867,a6c7d913-5176-44f9-93c0-e6acb2f72abf
6a67901b29f1ee8076f05be9,69f78c7bcc23bbbf0663dcf6,Withdrawal,SUCCESS,2026-07-27T17:06:35.926Z,2026-07-27T17:06:36.646Z,50000,BANK-TRF,2026-07-27T17:06:35.000Z,TRF_0qv8zbglu0nmhcsz,e97a6eb7-5f7e-4962-84f2-359ae5ddf8ea,food,🥑,,,,9137151006,MTN Momo PSB,GODWIN OGBODE,110006260727170633101464863201,,20be7848-37cc-4503-9cc5-83ec96115c8e,e97a6eb7-5f7e-4962-84f2-359ae5ddf8ea
6a67b1ef29f1ee8076f05d10,6a45120240a3aa8412698b72,Withdrawal,SUCCESS,2026-07-27T19:30:55.441Z,2026-07-27T19:30:57.378Z,700000,BANK-TRF,2026-07-27T19:30:55.000Z,TRF_vaerbka1t0y1ghc5,3c5a1bf3-096b-4119-9142-a13edd5fb372,transportation,🚌,,,,9131965226,OPay Digital Services Limited (OPay),ABDULAZEEZ GBOLAHAN ABDULWASIU,9999910101468316001,,10d846fd-53c7-4325-b3b2-12283b39c79f,3c5a1bf3-096b-4119-9142-a13edd5fb372
6a67b6ce29f1ee8076f05df0,69f78c7bcc23bbbf0663dcf6,Withdrawal,SUCCESS,2026-07-27T19:51:42.458Z,2026-07-27T19:51:43.411Z,250000,BANK-TRF,2026-07-27T19:51:42.000Z,TRF_jquguvkceton9oxo,ea8f8d5e-2b81-4853-8fc2-274206745221,maintenance,🔧,,,,9137151006,OPay Digital Services Limited (OPay),VICTOR DOMINIC OGBODE,9999910101468782201,,cbf0e153-4133-413a-b7b6-0260326b5037,ea8f8d5e-2b81-4853-8fc2-274206745221
6a67b78b29f1ee8076f05e45,69f78c7bcc23bbbf0663dcf6,Withdrawal,SUCCESS,2026-07-27T19:54:51.162Z,2026-07-27T19:54:53.240Z,250000,BANK-TRF,2026-07-27T19:54:51.000Z,TRF_fomrpdv5yv7zksed,bd02d263-8efb-41b8-af33-6b309abd8457,maintenance,🔧,,,,7061863587,OPay Digital Services Limited (OPay),AYOBAMI ABDULBAAQI OYEDE,9999910101468854001,,ae3aa054-044e-4b73-8029-4a34540b8740,bd02d263-8efb-41b8-af33-6b309abd8457
6a67ba2d29f1ee8076f05f36,69f78c7bcc23bbbf0663dcf6,Withdrawal,SUCCESS,2026-07-27T20:06:05.597Z,2026-07-27T20:06:07.799Z,3000000,BANK-TRF,2026-07-27T20:06:05.000Z,TRF_7fbtidb3laaaagun,68fb0bd2-b83e-45f7-be5c-79a521006749,savings,💰,,,,9137151006,OPay Digital Services Limited (OPay),VICTOR DOMINIC OGBODE,9999910101469121801,,3d2414ba-255f-43f2-9761-026adca81511,68fb0bd2-b83e-45f7-be5c-79a521006749
6a67bba229f1ee8076f05f8d,6a22e229e4f1fd71697c620c,Withdrawal,SUCCESS,2026-07-27T20:12:18.607Z,2026-07-27T20:12:19.599Z,100000,BANK-TRF,2026-07-27T20:12:18.000Z,TRF_7shvh4pjtfw0s1e3,548397d8-a299-4ed4-88f3-0a57edb3c39d,food,🥑,,,,0125547744,Guaranty Trust Bank,KENTADEBAYO TAIWO OLAWUMI,110006260727201217101469273001,,56699435-fcdf-418e-badf-68e499670f58,548397d8-a299-4ed4-88f3-0a57edb3c39d
6a67d8b729f1ee8076f0606f,69f78c7bcc23bbbf0663dcf6,Withdrawal,SUCCESS,2026-07-27T22:16:23.195Z,2026-07-27T22:16:25.317Z,250000,BANK-TRF,2026-07-27T22:16:23.000Z,TRF_16hhpc9d2wj2f8e8,def7dd19-483c-45c9-acde-0ada05d0755a,food,🥑,,,,9137151006,OPay Digital Services Limited (OPay),VICTOR DOMINIC OGBODE,9999910101471544301,,5e04f879-7104-42ab-bf30-f775f3054c10,def7dd19-483c-45c9-acde-0ada05d0755a
6a684fd854ad8bd317020d91,6a26d519648daaea32bfa659,Withdrawal,SUCCESS,2026-07-28T06:44:40.430Z,2026-07-28T06:44:42.468Z,700000,BANK-TRF,2026-07-28T06:44:40.000Z,TRF_jvozy7kalyy96wxn,f07c576b-1349-470d-a31b-3b0449f28188,food,🥑,,,,8069091718,OPay Digital Services Limited (OPay),CONSTANCE ONYEKWULULECHI OLUWAYINKA,9999910101477547501,,3bc80582-4133-4520-bda4-857f0d18f76e,f07c576b-1349-470d-a31b-3b0449f28188
6a687c4454ad8bd317020ec7,6a26d519648daaea32bfa659,Withdrawal,SUCCESS,2026-07-28T09:54:12.696Z,2026-07-28T09:54:14.719Z,4070000,BANK-TRF,2026-07-28T09:54:12.000Z,TRF_0xexrt4f96r61cv4,a21d5f3a-6de0-49a6-a450-c36cb7ab7257,food,🥑,,,,9014032827,OPay Digital Services Limited (OPay),OLAYIWOLA JULIUS OYEKUNLE,9999910101482336901,,00959c90-58ce-44be-9c82-37fbfdf48ab4,a21d5f3a-6de0-49a6-a450-c36cb7ab7257
6a687e8354ad8bd317020fa0,69f78c7bcc23bbbf0663dcf6,Withdrawal,SUCCESS,2026-07-28T10:03:47.139Z,2026-07-28T10:03:48.151Z,200000,BANK-TRF,2026-07-28T10:03:47.000Z,TRF_xjcr5ahgale8e6vb,31499035-74ed-4d73-abd2-1df5f82bdd15,home,🏚️,,,,8143804268,Moniepoint MFB,CHIKADIBIA JOSEPH ODOH,505150101482564201,,de4aea85-18fc-4383-b630-4b5da31dca89,31499035-74ed-4d73-abd2-1df5f82bdd15
6a6882ad54ad8bd31702100b,6a26d519648daaea32bfa659,Withdrawal,SUCCESS,2026-07-28T10:21:33.566Z,2026-07-28T10:21:35.574Z,1100000,BANK-TRF,2026-07-28T10:21:33.000Z,TRF_2djntnmmv7e086yw,ba5df8c2-6c18-41e1-9eaa-28a227b774a6,food,🥑,,,,6425049730,OPay Digital Services Limited (OPay),FOLASHADE BOLANLE AHMADU,110006260728102131101482983701,,0b6fd3c6-cc07-4ad6-a9c6-dc773ec7ce3a,ba5df8c2-6c18-41e1-9eaa-28a227b774a6
6a6896c754ad8bd31702104f,6a26d519648daaea32bfa659,Deposit,SUCCESS,2026-07-28T11:47:19.427Z,2026-07-28T11:47:19.427Z,10000000,BANK-TRF,2026-07-28T11:47:18.000Z,000016260728124650002433418980,AUTH_w648w6ivzg,,,AKONI OLUFUNKE IYABODE,First Bank of Nigeria,3021153946,,,,,,,
6a68a64154ad8bd3170210cb,6a26d519648daaea32bfa659,Withdrawal,SUCCESS,2026-07-28T12:53:21.243Z,2026-07-28T12:53:22.221Z,1000000,BANK-TRF,2026-07-28T12:53:21.000Z,TRF_141ltvsdsscg5mnd,1f09341c-9514-4de5-920b-e7aa505d31a4,food,🥑,,,,7039790510,OPay Digital Services Limited (OPay),OLUWABUNMI SAIDAT MUSTAPHA,9999910101486956101,,0d064203-263d-481e-b541-52aa2fa4a927,1f09341c-9514-4de5-920b-e7aa505d31a4
6a68a73254ad8bd31702114d,6a26d519648daaea32bfa659,Withdrawal,SUCCESS,2026-07-28T12:57:22.030Z,2026-07-28T12:57:24.057Z,7000000,BANK-TRF,2026-07-28T12:57:21.000Z,TRF_qmcs1mwesnvo5mzi,c888af98-5b28-4be3-bc77-2f129bb7299f,food,🥑,,,,2009206724,Zenith Bank,CONSTANCE ONYEKWULULECHI OLUWAYINKA,110006260728125720101487066901,Part payment for camera ,5bd51602-46de-4d2c-a573-4b8331e56b43,c888af98-5b28-4be3-bc77-2f129bb7299f
6a68cd7054ad8bd317021213,6a26d519648daaea32bfa659,Withdrawal,SUCCESS,2026-07-28T15:40:32.985Z,2026-07-28T15:40:34.793Z,400000,BANK-TRF,2026-07-28T15:40:32.000Z,TRF_5zew2ackh5pbkim3,4557ff4c-4a51-4449-8fc2-eb7e1b515fba,food,🥑,,,,8039157891,OPay Digital Services Limited (OPay),KOFOWOROLA RASHIDAT EDUN,9999910101491686201,Hair,0f66943c-07d7-4af4-8160-e0e1e535359c,4557ff4c-4a51-4449-8fc2-eb7e1b515fba
6a68d15154ad8bd31702127c,69f78c7bcc23bbbf0663dcf6,Withdrawal,SUCCESS,2026-07-28T15:57:05.748Z,2026-07-28T15:57:06.713Z,900000,BANK-TRF,2026-07-28T15:57:05.000Z,TRF_hn2ej7alldqfwrs0,803c3519-4f3a-4746-b345-f55f94738ad3,home,🏚️,,,,2073421762,Kuda Bank,"ERINLE, OLAYINKA OLUWATUNMISE",110006260728155701101492064901,,43aa7a34-8133-4936-94d9-fba65ceeab64,803c3519-4f3a-4746-b345-f55f94738ad3
6a68d5a954ad8bd317021310,69a5bbdf659708be74a8365c,Withdrawal,SUCCESS,2026-07-28T16:15:37.791Z,2026-07-28T16:15:39.830Z,100000,BANK-TRF,2026-07-28T16:15:37.000Z,TRF_1hspy64qjvnwdt9y,b4459baa-b698-4ce2-b03a-df199f2922c2,internet,🌐,,,,8147323999,OPay Digital Services Limited (OPay),JAMES JESUGBEMILEKE KEHINDE,9999910101492487301,,6bffb3ca-c26b-41ac-b5a0-d5c2fcd66e85,b4459baa-b698-4ce2-b03a-df199f2922c2
6a68dc7154ad8bd31702139a,6a26d519648daaea32bfa659,Withdrawal,SUCCESS,2026-07-28T16:44:33.381Z,2026-07-28T16:44:35.299Z,200000,BANK-TRF,2026-07-28T16:44:33.000Z,TRF_9pyqswy5snfspejg,d1dc1d78-e5d5-4fff-a9f8-0dbabc0e6c2e,food,🥑,,,,8064030862,OPay Digital Services Limited (OPay),MEDINAT OREOLUWA AKINOLA,9999910101493107601,Hair,543bc215-e288-4496-bfd4-a2ed464c626c,d1dc1d78-e5d5-4fff-a9f8-0dbabc0e6c2e
6a68e79d54ad8bd317021409,69f78c7bcc23bbbf0663dcf6,Withdrawal,SUCCESS,2026-07-28T17:32:13.526Z,2026-07-28T17:32:14.500Z,250000,BANK-TRF,2026-07-28T17:32:13.000Z,TRF_oh4k9fl7dknzy1c9,acb23586-fafd-47d4-8f17-c91acb3fc74a,home,🏚️,,,,9121202885,OPay Digital Services Limited (OPay),JOSEPH OLUCHUKWU OKOROAFOR,9999910101494257901,,1a6054b0-441c-406d-9f97-df96fbe66dcf,acb23586-fafd-47d4-8f17-c91acb3fc74a
6a68f85454ad8bd31702149c,6a26d519648daaea32bfa659,Withdrawal,SUCCESS,2026-07-28T18:43:32.657Z,2026-07-28T18:43:34.549Z,550000,BANK-TRF,2026-07-28T18:43:32.000Z,TRF_7u62tffdeu5pr7fa,c64a2c71-f6f4-4bcb-b615-926e799c1dbe,food,🥑,,,,6425049730,OPay Digital Services Limited (OPay),FOLASHADE BOLANLE AHMADU,110006260728184330101495936801,,cff9e206-211a-4470-90a3-724e8b96dc32,c64a2c71-f6f4-4bcb-b615-926e799c1dbe
6a68ffc854ad8bd317021540,69f78c7bcc23bbbf0663dcf6,Withdrawal,SUCCESS,2026-07-28T19:15:20.536Z,2026-07-28T19:15:22.605Z,2000000,BANK-TRF,2026-07-28T19:15:20.000Z,TRF_9ravdma1mqys7vnn,64c86f92-df66-4dc6-b860-a03b7ac42dc6,donation,🙏,,,,8034984979,OPay Digital Services Limited (OPay),GODWIN  OGBODE,9999910101496643501,,59a686b0-9dde-4fad-af9c-1eff977f16d6,64c86f92-df66-4dc6-b860-a03b7ac42dc6
6a6911d154ad8bd3170215db,69f78c7bcc23bbbf0663dcf6,Withdrawal,SUCCESS,2026-07-28T20:32:17.710Z,2026-07-28T20:32:18.704Z,80000,BANK-TRF,2026-07-28T20:32:17.000Z,TRF_apu4ggysps5h0ftr,e0bc0034-457e-497b-90d2-80fb2922247a,home,🏚️,,,,8059227220,OPay Digital Services Limited (OPay),OLUWAYEMISI JOKOTADE ISHOLA,9999910101498201201,,2a49db8e-5c26-4f4b-86a9-48ea3323ca23,e0bc0034-457e-497b-90d2-80fb2922247a
6a6999d754ad8bd31702172b,6a26d519648daaea32bfa659,Withdrawal,SUCCESS,2026-07-29T06:12:39.234Z,2026-07-29T06:12:41.100Z,3000000,BANK-TRF,2026-07-29T06:12:39.000Z,TRF_1vomvey8c2h0rywd,811f4d79-5c8b-4d30-99cf-cab8da46b9c6,food,🥑,,,,2009206724,Zenith Bank,CONSTANCE ONYEKWULULECHI OLUWAYINKA,110006260729061237101504311201,Part payment for camera ,9a1a611a-59c6-457a-b223-bec4b7942005,811f4d79-5c8b-4d30-99cf-cab8da46b9c6
6a699f2654ad8bd31702174c,6a12e950b03e0745adb1b72e,Deposit,SUCCESS,2026-07-29T06:35:18.668Z,2026-07-29T06:35:18.668Z,2000000,BANK-TRF,2026-07-29T06:35:17.000Z,090405260729073507015270759689,AUTH_7ulexg97k3,,,GABRIEL OLUWASEUN OLA,Moniepoint MFB,5249487354,,,,,,,
6a69a11354ad8bd3170218b4,6a12e950b03e0745adb1b72e,Withdrawal,SUCCESS,2026-07-29T06:43:31.799Z,2026-07-29T06:43:34.017Z,2000000,BANK-TRF,2026-07-29T06:43:31.000Z,TRF_dx0zh7s9p7yuws9g,ad31ab5a-6143-4591-a7af-b34b71d3fb93,alcohol,🍻,,,,9168591160,PalmPay,ADEJOKE OLUBUNMI OGUNDEJI,110006260729064329101504859701,,0d59ea95-caee-4271-b01f-e8cbe6d56c97,ad31ab5a-6143-4591-a7af-b34b71d3fb93
6a69a1db54ad8bd31702194a,69f78c7bcc23bbbf0663dcf6,Withdrawal,SUCCESS,2026-07-29T06:46:51.126Z,2026-07-29T06:46:52.098Z,20000,BANK-TRF,2026-07-29T06:46:51.000Z,TRF_1e7bryu7550438p5,b62ddc5a-e241-40ac-b826-21d3a4087efc,home,🏚️,,,,9137151006,MTN Momo PSB,GODWIN OGBODE,110006260729064649101504937501,,34c68f41-f341-4b71-969d-9d0e0df6053e,b62ddc5a-e241-40ac-b826-21d3a4087efc
6a69afe03f574ec7e0eca622,69f78c7bcc23bbbf0663dcf6,Withdrawal,SUCCESS,2026-07-29T07:46:40.686Z,2026-07-29T07:46:41.687Z,600000,BANK-TRF,2026-07-29T07:46:40.000Z,TRF_foax4c978yj3ciju,d9c52592-5225-47ba-baa4-9458b25f4930,home,🏚️,,,,9163981184,OPay Digital Services Limited (OPay),OPEYEMI BASIT TAJUDEEN,9999910101506061101,,a6624938-e048-498e-9bb2-11b11a41a4df,d9c52592-5225-47ba-baa4-9458b25f4930
6a69d7df3f574ec7e0eca778,6a26d519648daaea32bfa659,Withdrawal,SUCCESS,2026-07-29T10:37:19.413Z,2026-07-29T10:37:20.384Z,750000,BANK-TRF,2026-07-29T10:37:19.000Z,TRF_f4zlvttghyjoqis9,8e5193b5-48cc-4364-bd08-ba16b6ef8761,books,📚,,,,8112274753,OPay Digital Services Limited (OPay),PAUL MENYANGA JOHN,9999910101510167201,,a55ff67b-c03b-4d83-a121-5c459e9e7ad2,8e5193b5-48cc-4364-bd08-ba16b6ef8761
6a69ddfd3f574ec7e0eca7e4,69f78c7bcc23bbbf0663dcf6,Withdrawal,SUCCESS,2026-07-29T11:03:25.145Z,2026-07-29T11:03:26.134Z,110000,BANK-TRF,2026-07-29T11:03:25.000Z,TRF_yun3ofjwpgaifrt6,8d6e7242-fe18-4e55-9a49-00c51a61a3ff,home,🏚️,,,,8902045475,PalmPay,ABDULRASAQ AYOBAMI ISIAQ,110006260729110321101510737401,,df615da6-8f7a-405f-b938-8bcdc5673f92,8d6e7242-fe18-4e55-9a49-00c51a61a3ff
6a69fe153f574ec7e0eca846,6a26d519648daaea32bfa659,Withdrawal,SUCCESS,2026-07-29T13:20:21.299Z,2026-07-29T13:20:23.254Z,460000,BANK-TRF,2026-07-29T13:20:21.000Z,TRF_cqotqqd7gn2o1bhr,045b5aea-ab74-489b-9a89-84c1df7c3855,books,📚,,,,5224511814,Moniepoint MFB,"POS Transfer- IBRAHIM MUNIRAT, IZE",505150101514314001,,259b8b6a-a7cc-40a5-8e28-11a234abc422,045b5aea-ab74-489b-9a89-84c1df7c3855
6a6a16943f574ec7e0eca8a5,69f78c7bcc23bbbf0663dcf6,Withdrawal,SUCCESS,2026-07-29T15:04:52.258Z,2026-07-29T15:04:53.222Z,200000,BANK-TRF,2026-07-29T15:04:52.000Z,TRF_0mg18l3k431u0alb,cced176f-ee79-43a8-84f9-567294898050,home,🏚️,,,,9137151006,MTN Momo PSB,GODWIN OGBODE,110006260729150450101516869401,,6548e586-ae46-445c-96ee-7b7e4a29c852,cced176f-ee79-43a8-84f9-567294898050
6a6a1a4e3f574ec7e0eca940,69552eed63e6297e284eae5e,Deposit,SUCCESS,2026-07-29T15:20:46.523Z,2026-07-29T15:20:46.523Z,1000000,BANK-TRF,2026-07-29T15:20:45.000Z,000012260729162026658485920953,AUTH_ug8a3h8c0e,,,AYODELE JOHN OMOLAOLU,Stanbic IBTC Bank,0002234453,,,,,,,
6a6a38263f574ec7e0ecaad4,69f78c7bcc23bbbf0663dcf6,Withdrawal,SUCCESS,2026-07-29T17:28:06.267Z,2026-07-29T17:28:08.177Z,160000,BANK-TRF,2026-07-29T17:28:06.000Z,TRF_h5ionomcebybtl36,3fb86304-d175-4371-9d93-ea6a10fb1a5e,home,🏚️,,,,5743395948,Moniepoint MFB,POS Transfer- OLUJIMI TEMITOPE,505150101519870001,,bf450c84-b6cd-40f0-8e34-0c6bb6f8dc2a,3fb86304-d175-4371-9d93-ea6a10fb1a5e
6a6a3a853f574ec7e0ecab05,69f78c7bcc23bbbf0663dcf6,Deposit,SUCCESS,2026-07-29T17:38:13.076Z,2026-07-29T17:38:13.076Z,10000,BANK-TRF,2026-07-29T17:38:11.000Z,100004260729173801166728867799,AUTH_gl4palk3f0,,,VICTOR DOMINIC OGBODE,OPay Digital Services Limited (OPay),9137151006,,,,,,,
6a6a51383f574ec7e0ecab5a,69f78c7bcc23bbbf0663dcf6,Withdrawal,SUCCESS,2026-07-29T19:15:04.815Z,2026-07-29T19:15:06.797Z,30000,BANK-TRF,2026-07-29T19:15:04.000Z,TRF_hhyo4w9x9zqq5vzg,b087d2ca-13cd-4b5c-9b5e-22367c7bf04c,home,🏚️,,,,9137151006,OPay Digital Services Limited (OPay),VICTOR DOMINIC OGBODE,9999910101521849201,,351e30d8-23f1-4403-9b01-bcf9ebc8c9d4,b087d2ca-13cd-4b5c-9b5e-22367c7bf04c
6a6b0266667216ef5e79c271,69f78c7bcc23bbbf0663dcf6,Withdrawal,SUCCESS,2026-07-30T07:51:02.839Z,2026-07-30T07:51:04.938Z,100000,BANK-TRF,2026-07-30T07:51:02.000Z,TRF_id47zcgass62i5a8,fa8aecc0-fb4f-4cd0-bfdf-20a45a38dc10,home,🏚️,,,,9163981184,OPay Digital Services Limited (OPay),OPEYEMI BASIT TAJUDEEN,9999910101531780901,,285d105f-5a7b-4399-8718-f620e0d0253f,fa8aecc0-fb4f-4cd0-bfdf-20a45a38dc10
6a6b2b3d667216ef5e79c2e1,6a22e229e4f1fd71697c620c,Withdrawal,SUCCESS,2026-07-30T10:45:17.192Z,2026-07-30T10:45:18.218Z,100000,BANK-TRF,2026-07-30T10:45:17.000Z,TRF_d3y2pqyiv6lqzy9s,498548a8-6cec-4ead-9a21-1f1a7a7a5b36,food,🥑,,,,5043461068,Moniepoint MFB,POS Transfer-EMMANUEL OBIA AUGUSTINE,505150101537042101,,df07c5c8-b343-4806-ab9b-d5905b18ee0d,498548a8-6cec-4ead-9a21-1f1a7a7a5b36
6a6b2bdc667216ef5e79c32a,6a22e229e4f1fd71697c620c,Withdrawal,SUCCESS,2026-07-30T10:47:56.867Z,2026-07-30T10:47:57.858Z,60000,BANK-TRF,2026-07-30T10:47:56.000Z,TRF_k1afdo7n86g13gc7,ef6d104e-7c93-4ee2-b1f5-17bfffa67740,food,🥑,,,,6103013433,OPay Digital Services Limited (OPay),MOYOSORE RASHIDAT YEKU,110006260730104753101537165701,,370e467c-1443-4974-a849-325132aec448,ef6d104e-7c93-4ee2-b1f5-17bfffa67740
6a6b5078667216ef5e79c3e0,6a26d519648daaea32bfa659,Withdrawal,SUCCESS,2026-07-30T13:24:08.020Z,2026-07-30T13:24:10.086Z,1000000,BANK-TRF,2026-07-30T13:24:07.000Z,TRF_un7exhdm964j3fze,f42f8590-4761-4926-adf8-ead68651da99,books,📚,,,,8149221339,OPay Digital Services Limited (OPay),ABIMBOLA FATIMAH ANOBA,9999910101540795501,,280ff387-90f0-4493-87d5-5d5f3328558b,f42f8590-4761-4926-adf8-ead68651da99
6a6b76c3667216ef5e79c49f,6a26d519648daaea32bfa659,Withdrawal,SUCCESS,2026-07-30T16:07:31.631Z,2026-07-30T16:07:33.667Z,460000,BANK-TRF,2026-07-30T16:07:31.000Z,TRF_9ulsmtbjgph5rbu5,b2b98851-685e-4139-bc30-8f099dd7b69b,childcare,🍼,,,,6113157963,OPay Digital Services Limited (OPay),FAITH ASEMOTA ENTERPRISES,110006260730160728101544280001,,072ac3b6-635d-404b-8ea0-043d2c12ff96,b2b98851-685e-4139-bc30-8f099dd7b69b
6a6c8e81a23183bd00a977f8,69f78c7bcc23bbbf0663dcf6,Withdrawal,SUCCESS,2026-07-31T12:01:05.581Z,2026-07-31T12:01:07.514Z,200000,BANK-TRF,2026-07-31T12:01:05.000Z,TRF_irbtnoh3d7952yob,3e7b123c-25c1-45a6-a80a-c7f0cae8d1ba,home,🏚️,,,,2073421762,Kuda Bank,"ERINLE, OLAYINKA OLUWATUNMISE",110006260731120103101566153201,,5deb13ab-b38a-451d-b83b-bd2b8691bb3c,3e7b123c-25c1-45a6-a80a-c7f0cae8d1ba
6a6c99f1a23183bd00a978b5,6a26d519648daaea32bfa659,Withdrawal,SUCCESS,2026-07-31T12:49:53.346Z,2026-07-31T12:49:55.370Z,300000,BANK-TRF,2026-07-31T12:49:53.000Z,TRF_q080ib8ulyofb3z4,f56a6b95-58ea-4560-9506-1c9ac897dbf8,books,📚,,,,8066707080,OPay Digital Services Limited (OPay),OTASOWIE VIVIAN EHANIRE,9999910101567491901,,0c20eb8a-14c2-4fc5-a2b2-8c217a4ada50,f56a6b95-58ea-4560-9506-1c9ac897dbf8
6a6cac59a23183bd00a97947,6a26d519648daaea32bfa659,Withdrawal,SUCCESS,2026-07-31T14:08:25.241Z,2026-07-31T14:08:27.338Z,310000,BANK-TRF,2026-07-31T14:08:24.000Z,TRF_8kvi3rcc99s9hjjb,373469ef-e0de-45f7-89eb-c830bc8ce6fc,childcare,🍼,,,,6623679604,Moniepoint MFB, POPOOLA NOFISAT ADEOLA,505150101569731301,,c228a736-7759-4f42-9544-5cc1c56c877e,373469ef-e0de-45f7-89eb-c830bc8ce6fc
6a6cb4b6a23183bd00a9795f,6a22e229e4f1fd71697c620c,Deposit,SUCCESS,2026-07-31T14:44:06.186Z,2026-07-31T14:44:06.186Z,2500000,BANK-TRF,2026-07-31T14:44:04.000Z,00001320260731154400000000106126949,AUTH_4fz7gdbvb6,,,,,,,,,,,,
6a6cc8b2a23183bd00a979be,6a12e950b03e0745adb1b72e,Withdrawal,SUCCESS,2026-07-31T16:09:22.526Z,2026-07-31T16:09:23.542Z,2000000,BANK-TRF,2026-07-31T16:09:22.000Z,TRF_xjtdwuyo39n4pli1,46bcf672-4101-4605-9f5c-6911f1609bc0,donation,🙏,,,,1011991596,United Bank For Africa,OGUNDEJI ADEJOKE OLUBUNMI,110006260731160920101572839801,Clothes ,dc91ff5f-2c82-42d6-9fe9-8336e81db0b9,46bcf672-4101-4605-9f5c-6911f1609bc0
6a6cdb66a23183bd00a97a2a,69f78c7bcc23bbbf0663dcf6,Withdrawal,SUCCESS,2026-07-31T17:29:10.611Z,2026-07-31T17:29:12.512Z,60000,BANK-TRF,2026-07-31T17:29:10.000Z,TRF_br0u2r9ax0cgxhb4,049cad87-2810-4f07-8197-678a857ea504,home,🏚️,,,,9161416813,OPay Digital Services Limited (OPay),ABOLALE MOTUNRAYO SHOMEFUN,9999910101575023201,,646221a3-df06-4e55-91da-f84a404795f2,049cad87-2810-4f07-8197-678a857ea504
6a6d999a61bad63611ff8c4f,691ec63d24cf6022a24d9775,Deposit,SUCCESS,2026-08-01T07:00:42.371Z,2026-08-01T07:00:42.371Z,16000000,BANK-TRF,2026-08-01T07:00:41.000Z,00001320260801080033000000107918313,AUTH_mnpbal11wf,,,KENT-ADEBAYO JOHN IYANUOLUWA,Guaranty Trust Bank,0137605007,,,,,,,
6a6d9a4761bad63611ff8ccd,691ec63d24cf6022a24d9775,Withdrawal,SUCCESS,2026-08-01T07:03:35.976Z,2026-08-01T07:03:38.060Z,13005000,BANK-TRF,2026-08-01T07:03:35.000Z,TRF_xsddk6ydb2chjqtq,c6ee934d-ad30-4c20-9593-6092229de7a2,Thrift,🎲,,,,6104892331,OPay Digital Services Limited (OPay),MOYINOLUWA ELIZABETH OYENIYI,110006260801070333101589645901,,7ea88cff-32f6-4103-bf76-1191a1a1336c,c6ee934d-ad30-4c20-9593-6092229de7a2
6a6ddaa261bad63611ff8d84,69f78c7bcc23bbbf0663dcf6,Withdrawal,SUCCESS,2026-08-01T11:38:10.464Z,2026-08-01T11:38:12.372Z,20000,BANK-TRF,2026-08-01T11:38:10.000Z,TRF_uikpdawskgmcc0ui,b5ab225a-802b-48b0-8bf2-28ae176df8a1,home,🏚️,,,,9137151006,MTN Momo PSB,GODWIN OGBODE,110006260801113806101596637801,,2bdc2efb-87dc-4ffa-8d25-ee199a15c449,b5ab225a-802b-48b0-8bf2-28ae176df8a1
6a6df05761bad63611ff8e32,6a22e229e4f1fd71697c620c,Withdrawal,SUCCESS,2026-08-01T13:10:47.525Z,2026-08-01T13:10:49.561Z,100000,BANK-TRF,2026-08-01T13:10:47.000Z,TRF_nhjduj8vt5tf8jmn,12851e8e-8a87-4e4b-a9d1-2ef2a29ee941,books,📚,,,,7068342307,OPay Digital Services Limited (OPay),MICHAEL AREGHEHEFE OBRUOZIE,9999910101599153701,,7800ca71-c10e-4fa7-9d58-7baed5c56ae6,12851e8e-8a87-4e4b-a9d1-2ef2a29ee941
6a6e207061bad63611ff8f03,691ec63d24cf6022a24d9775,Withdrawal,SUCCESS,2026-08-01T16:36:00.708Z,2026-08-01T16:36:02.773Z,1500000,BANK-TRF,2026-08-01T16:36:00.000Z,TRF_ufu72p0f77vvidmh,a70edf25-df6a-4c02-a5bb-212c0c3cd3b3,fuel,⛽,,,,5260896821,Moniepoint MFB,ARDOVA PLC - IJAYE- ASHABI SIBLINGS,505150101604376101,,3a2ce383-c9cf-48a4-9c94-f2f317d4f034,a70edf25-df6a-4c02-a5bb-212c0c3cd3b3
6a6e277661bad63611ff8fc3,691ec63d24cf6022a24d9775,Withdrawal,SUCCESS,2026-08-01T17:05:58.170Z,2026-08-01T17:08:00.550Z,600000,BANK-TRF,2026-08-01T17:07:58.000Z,TRF_b31q4mr7tai0738c,ba7369f3-6ecb-40c5-9ed5-89609ae18e2d,food,🥑,,,,6561335284,OPay Digital Services Limited (OPay),AJAYI AJOKE BASIRA,110006260801170556101605197902,,867ff4d1-ee8a-4eb7-8a5d-fe856d9c0fcf,ba7369f3-6ecb-40c5-9ed5-89609ae18e2d
6a6e4e8661bad63611ff9025,69f78c7bcc23bbbf0663dcf6,Withdrawal,SUCCESS,2026-08-01T19:52:38.216Z,2026-08-01T19:52:40.137Z,20000,BANK-TRF,2026-08-01T19:52:38.000Z,TRF_xzh6f8dah45v2vq5,749d4d82-f894-43b1-a950-8a7922a3223c,home,🏚️,,,,9137151006,MTN Momo PSB,GODWIN OGBODE,110006260801195236101609938701,,22330038-0dbe-4616-b9d4-ec997beb009f,749d4d82-f894-43b1-a950-8a7922a3223c
6a6f13b7f4eb53c850103ac8,695845161bafe7a105a68ceb,Withdrawal,SUCCESS,2026-08-02T09:53:59.090Z,2026-08-02T09:53:59.090Z,400000,In-App-TRF,,69dffa34a252f847e2327899,b8199d72-d115-40b6-ba04-0b639c08ee6e,JCIN,🚌,,,,,,,,,,
6a6f193df4eb53c850103b31,69f78c7bcc23bbbf0663dcf6,Withdrawal,SUCCESS,2026-08-02T10:17:33.864Z,2026-08-02T10:17:35.804Z,30000,BANK-TRF,2026-08-02T10:17:33.000Z,TRF_3z65ode9allqr4aj,7b807e7b-13dd-4cb4-885f-ef30f7da0198,home,🏚️,,,,9137151006,MTN Momo PSB,GODWIN OGBODE,110006260802101732101622597201,,2a461ebc-6445-448a-94ac-6debb5f78ac5,7b807e7b-13dd-4cb4-885f-ef30f7da0198
6a6f1963f4eb53c850103b78,69f78c7bcc23bbbf0663dcf6,Withdrawal,SUCCESS,2026-08-02T10:18:11.672Z,2026-08-02T10:18:13.724Z,20000,BANK-TRF,2026-08-02T10:18:11.000Z,TRF_l4iq6us2tvo2a6cy,1012cd4e-5cec-4316-be6f-2c65d87ade28,home,🏚️,,,,9137151006,OPay Digital Services Limited (OPay),VICTOR DOMINIC OGBODE,9999910101622607801,,96324b8c-f787-4a50-8a58-507e0bc853c8,1012cd4e-5cec-4316-be6f-2c65d87ade28
6a6f59c0f4eb53c850103bba,6a11a8b96bb1f3d6587ce0cc,Deposit,SUCCESS,2026-08-02T14:52:48.700Z,2026-08-02T14:52:48.700Z,10100000,BANK-TRF,2026-08-02T14:52:47.000Z,100004260802145227167104697471,AUTH_b5d853q0tl,,,OLAYINKA OMOTAYO FABIYI,OPay Digital Services Limited (OPay),8062911637,,,,,,,
6a6f62daf4eb53c850103bf9,6a11a8b96bb1f3d6587ce0cc,Deposit,SUCCESS,2026-08-02T15:31:38.045Z,2026-08-02T15:31:38.045Z,5900000,BANK-TRF,2026-08-02T15:31:36.000Z,00001320260802163129000000111792466,AUTH_07utt1epzw,,,,,,,,,,,,
6a6f8cfaf4eb53c850104060,6a22e229e4f1fd71697c620c,Withdrawal,SUCCESS,2026-08-02T18:31:22.765Z,2026-08-02T18:31:24.935Z,1000000,BANK-TRF,2026-08-02T18:31:22.000Z,TRF_thzs3yrtpc3jnbvq,f15b721b-b22b-45fd-be2d-148e407d255d,beauty,💅,,,,9037349254,OPay Digital Services Limited (OPay),TEMILOLUWA MIRACLE ADENUGA,9999910101635160701,,fb856dd3-aa2b-4c60-b9d8-957e2000c546,f15b721b-b22b-45fd-be2d-148e407d255d
6a6fa12bf4eb53c8501040e5,6a5c9ccb46ee4f42fbe9ce45,Deposit,SUCCESS,2026-08-02T19:57:31.182Z,2026-08-02T19:57:31.182Z,300000,BANK-TRF,2026-08-02T19:57:29.000Z,00001320260802205726000000112429521,AUTH_j58ql59kku,,,,,,,,,,,,
6a70335d7c05022ba63face2,691ec63d24cf6022a24d9775,Withdrawal,SUCCESS,2026-08-03T06:21:17.724Z,2026-08-03T06:21:19.555Z,120000,BANK-TRF,2026-08-03T06:21:17.000Z,TRF_d2aeu5yfsxyagw80,5d045af6-fe9e-4e81-8459-d9f313a709df,food,🥑,,,,7052664930,OPay Digital Services Limited (OPay),REMILEKUN FUNMILAYO ANDREW,9999910101644852201,,756cbcac-2b40-405a-9dff-09b2c4d1d8e5,5d045af6-fe9e-4e81-8459-d9f313a709df
6a70664c7c05022ba63fadd3,6a11a8b96bb1f3d6587ce0cc,Withdrawal,SUCCESS,2026-08-03T09:58:36.526Z,2026-08-03T09:58:37.502Z,10000000,BANK-TRF,2026-08-03T09:58:36.000Z,TRF_rw5kuud0ssxq1n41,88407fac-9ce5-48c6-8cbf-3f4e740fdeb3,gardening,🌱,,,,3082336759,First Bank of Nigeria,OMONIJE JULIE OMODOLAPO,110006260803095834101651655401,Refund for Fertilizer ,36d3647f-f9a1-4d17-a224-c7a7fe1c7b47,88407fac-9ce5-48c6-8cbf-3f4e740fdeb3
6a708f247c05022ba63fb03d,691ec63d24cf6022a24d9775,Deposit,SUCCESS,2026-08-03T12:52:52.305Z,2026-08-03T12:52:52.305Z,73700000,BANK-TRF,2026-08-03T12:52:51.000Z,00001320260803135246000000113903393,AUTH_ofqnc6um9i,,,KENT-ADEBAYO JOHN IYANUOLUWA,Guaranty Trust Bank,0137605007,,,,,,,
6a70a43d7c05022ba63fb1be,69a5bbdf659708be74a8365c,Withdrawal,SUCCESS,2026-08-03T14:22:53.343Z,2026-08-03T14:22:55.400Z,1000000,BANK-TRF,2026-08-03T14:22:53.000Z,TRF_x91yga7cmz0tfes8,e95469f7-23c3-4f3e-900f-5873ec460952,Tithe,💧,,,,1013402490,Zenith Bank,DEEPER CHRISTIAN LIFE MIN-TIT.&OFF.,110006260803142251101659452001,"Member from Anobe District, Aregbe group",5b084c06-e1c3-4a8f-946e-f7881cbc71a4,e95469f7-23c3-4f3e-900f-5873ec460952
6a70a57b7c05022ba63fb246,69a5bbdf659708be74a8365c,Withdrawal,SUCCESS,2026-08-03T14:28:11.482Z,2026-08-03T14:28:13.435Z,1000000,BANK-TRF,2026-08-03T14:28:11.000Z,TRF_dg3bxh3vl2d59ffk,77f414d0-dff3-4d42-8107-9d5bcf8af4aa,internet,🌐,,,,8147323999,OPay Digital Services Limited (OPay),JAMES JESUGBEMILEKE KEHINDE,9999910101659588901,,0a3e64d4-c586-42e7-82b2-fc2c6cacd0ec,77f414d0-dff3-4d42-8107-9d5bcf8af4aa
6a70ae787c05022ba63fb3b9,691ec63d24cf6022a24d9775,Withdrawal,SUCCESS,2026-08-03T15:06:32.653Z,2026-08-03T15:06:34.409Z,700000,BANK-TRF,2026-08-03T15:06:32.000Z,TRF_f4kcmppjjx8s6uex,63382dd6-0e81-4e50-912d-f92ce6188b0c,food,🥑,,,,8146839672,OPay Digital Services Limited (OPay),OYINDAMOLA ELIZABETH TAIWO,9999910101660554101,,fd575e44-a620-4e22-ad64-9835dfd6e0d0,63382dd6-0e81-4e50-912d-f92ce6188b0c
6a70aea57c05022ba63fb3ea,6a11a8b96bb1f3d6587ce0cc,Withdrawal,SUCCESS,2026-08-03T15:07:17.996Z,2026-08-03T15:07:19.787Z,4000000,BANK-TRF,2026-08-03T15:07:17.000Z,TRF_2g2lgyldemf1zn2w,f02a5c95-b2e2-43b8-a8a9-ae43dfda7a20,gardening,🌱,,,,8165696419,Moniepoint MFB,OLUWAPELUMI OLUWAFUNMILAYO OMONIJE,505150101660571401,Refund ,d9935e3c-0638-4608-829b-f2da55d37e4b,f02a5c95-b2e2-43b8-a8a9-ae43dfda7a20
6a70aed87c05022ba63fb443,691ec63d24cf6022a24d9775,Withdrawal,SUCCESS,2026-08-03T15:08:08.976Z,2026-08-03T15:10:08.288Z,510000,BANK-TRF,2026-08-03T15:10:06.000Z,TRF_vu51pwntj6s9qhw3,4adf75c1-9c83-46a2-8b2f-ac64f9319a46,food,🥑,,,,6108627567,OPay Digital Services Limited (OPay),REGDAM COMMUNICATIONS,110006260803150806101660596001,,13754042-82d1-470b-88ce-c40dae639acd,4adf75c1-9c83-46a2-8b2f-ac64f9319a46
6a70aef97c05022ba63fb45b,6a11a8b96bb1f3d6587ce0cc,Withdrawal,SUCCESS,2026-08-03T15:08:41.163Z,2026-08-03T15:08:43.151Z,1000000,BANK-TRF,2026-08-03T15:08:41.000Z,TRF_s7cizcneoorq8k9i,6e99bfa1-9f96-45da-876c-d1da2d48aa68,gardening,🌱,,,,7013421511,OPay Digital Services Limited (OPay),DANIEL OLUWASEGUN ESEKHEGBE,9999910101660609101,Part Payment for brand nylon ,fe371015-8c2a-4218-ab66-cf0c440eba01,6e99bfa1-9f96-45da-876c-d1da2d48aa68
6a70b0007c05022ba63fb576,691ec63d24cf6022a24d9775,Withdrawal,SUCCESS,2026-08-03T15:13:04.667Z,2026-08-03T15:13:06.724Z,16120000,BANK-TRF,2026-08-03T15:13:04.000Z,TRF_yd2e2c3bdqdvfx7b,ca20f039-b798-462a-ade9-f0f62d7d007b,loan,📉,,,,1100018272,Kuda Bank,IYANUOLUWA JOHN ADEBAYO,110006260803151302101660713201,,7ed8842a-f712-4a66-8d15-e7e3b548f296,ca20f039-b798-462a-ade9-f0f62d7d007b
6a70dd5f7c05022ba63fb88e,691ec63d24cf6022a24d9775,Withdrawal,SUCCESS,2026-08-03T18:26:39.681Z,2026-08-03T18:26:41.464Z,10119500,BANK-TRF,2026-08-03T18:26:39.000Z,TRF_nk244atbkp504qoj,9a1f5e1c-bfd0-46f5-9450-43c6e0f32731,food,🥑,,,,5820653541,Moniepoint MFB,JUST RITE LIMITED - Justrite Kemta Abeokuta,505150101666866901,,e2c061cc-73b9-4dbb-bcfd-251029492fd8,9a1f5e1c-bfd0-46f5-9450-43c6e0f32731
6a70f8127c05022ba63fb938,69235443db9c0f9697a47d20,Withdrawal,SUCCESS,2026-08-03T20:20:34.441Z,2026-08-03T20:20:36.506Z,2400000,BANK-TRF,2026-08-03T20:20:34.000Z,TRF_w5w6c1qurwci09b9,9532247c-2830-4d90-8218-4b437e9e9ee8,tools,🛠️,,,,5032459939,Moniepoint MFB,POS Transfer-ONYA FANNY MICHAEL,505150101669682801,,4132361c-c8e5-45c1-a0e3-40f03bfba31a,9532247c-2830-4d90-8218-4b437e9e9ee8
6a7116997c05022ba63fb96a,691da422142342a5c3cf0c93,Deposit,SUCCESS,2026-08-03T22:30:49.417Z,2026-08-03T22:30:49.417Z,4000000,BANK-TRF,2026-08-03T22:30:47.000Z,100004260803223026167243558286,AUTH_rkrm6qtsvf,,,OREOLUWA FELICIAL SOYOYE,OPay Digital Services Limited (OPay),9138922033,,,,,,,
6a7120e67c05022ba63fbe1b,691da422142342a5c3cf0c93,Deposit,SUCCESS,2026-08-03T23:14:46.319Z,2026-08-03T23:14:46.319Z,240000,BANK-TRF,2026-08-03T23:14:45.000Z,100004260803231429167244447121,AUTH_1i0ebfmm8c,,,OREOLUWA FELICIAL SOYOYE,OPay Digital Services Limited (OPay),9138922033,,,,,,,
6a7122517c05022ba63fbe23,6a26d519648daaea32bfa659,Deposit,SUCCESS,2026-08-03T23:20:49.440Z,2026-08-03T23:20:49.440Z,3650000,BANK-TRF,2026-08-03T23:20:48.000Z,100004260803232033167244002955,AUTH_2ueyd6r0yf,,,FAITH FUNMILOLA AKIN-AMUSAN,OPay Digital Services Limited (OPay),8165300013,,,,,,,
6a718c5357ea2a4c599a6593,6a26d519648daaea32bfa659,Withdrawal,SUCCESS,2026-08-04T06:53:07.896Z,2026-08-04T06:53:08.873Z,500000,BANK-TRF,2026-08-04T06:53:07.000Z,TRF_ittzg0gxfa5zfw2d,6da8469f-ab15-477e-8ff9-e4f2a97c5dab,childcare,🍼,,,,5733111453,Moniepoint MFB,POS Transfer-ODUNAYO ABOSEDE BAMGBOYE,505150101678957901,,9c207e0c-6cd7-43b2-aab9-060a9f48e587,6da8469f-ab15-477e-8ff9-e4f2a97c5dab
6a71914d57ea2a4c599a65e8,6a26d519648daaea32bfa659,Withdrawal,SUCCESS,2026-08-04T07:14:21.720Z,2026-08-04T07:14:23.807Z,500000,BANK-TRF,2026-08-04T07:14:21.000Z,TRF_ropem5gaccj4vvj7,03d23da9-285a-49f3-ad2d-c7eca183212c,childcare,🍼,,,,6102897141,OPay Digital Services Limited (OPay),AWAISU IDRIS,110006260804071419101679512501,,b30f91e7-4482-4d29-90f7-8dbe2732b3c7,03d23da9-285a-49f3-ad2d-c7eca183212c
6a71935557ea2a4c599a666c,6a26d519648daaea32bfa659,Withdrawal,SUCCESS,2026-08-04T07:23:01.810Z,2026-08-04T07:23:03.859Z,1000000,BANK-TRF,2026-08-04T07:23:01.000Z,TRF_vlzf36l1o8eku0ay,02b5f33f-9122-4b6d-b01b-e544adef157c,books,📚,,,,6425049730,OPay Digital Services Limited (OPay),FOLASHADE BOLANLE AHMADU,110006260804072300101679788901,,cb973997-a2f8-4ac8-9dc8-a57fc5f14fcd,02b5f33f-9122-4b6d-b01b-e544adef157c
6a71b28857ea2a4c599a6751,6a26d519648daaea32bfa659,Withdrawal,SUCCESS,2026-08-04T09:36:08.382Z,2026-08-04T09:36:10.457Z,500000,BANK-TRF,2026-08-04T09:36:08.000Z,TRF_t015rsg4n44s9b9w,e2f845a1-8b9f-46f7-9ab9-f4f34052633f,childcare,🍼,,,,8135241099,OPay Digital Services Limited (OPay),ABIODUN IYABO  OLANIYI,9999910101683726301,,99a32506-423b-4039-89c5-cb8c03649fdf,e2f845a1-8b9f-46f7-9ab9-f4f34052633f
6a71d52e57ea2a4c599a67a7,6a26d519648daaea32bfa659,Deposit,SUCCESS,2026-08-04T12:03:58.279Z,2026-08-04T12:03:58.279Z,800000,BANK-TRF,2026-08-04T12:03:56.000Z,00001320260804130350000000116655176,AUTH_abtr9mj41h,,,,,,,,,,,,
6a71d75f57ea2a4c599a682a,6a26d519648daaea32bfa659,Deposit,SUCCESS,2026-08-04T12:13:19.575Z,2026-08-04T12:13:19.575Z,400000,BANK-TRF,2026-08-04T12:13:18.000Z,100004260804121307167281370498,AUTH_go11n70qk4,,,SAKIRU TOLANI OLOWOOKERE,OPay Digital Services Limited (OPay),8062306255,,,,,,,
6a71d76457ea2a4c599a6836,6a26d519648daaea32bfa659,Withdrawal,SUCCESS,2026-08-04T12:13:24.611Z,2026-08-04T12:13:26.420Z,400000,BANK-TRF,2026-08-04T12:13:24.000Z,TRF_gre403ukmh09s3wb,fac14503-5a57-4bd0-8fbf-5afcb1cf901d,childcare,🍼,,,,8037388388,OPay Digital Services Limited (OPay),IGBANG MONDAY INAKU,9999910101688592801,,1a8638ab-e9f2-44c6-aef8-24baed3ac2bb,fac14503-5a57-4bd0-8fbf-5afcb1cf901d
6a71dbc557ea2a4c599a68d6,691ec63d24cf6022a24d9775,Withdrawal,SUCCESS,2026-08-04T12:32:05.775Z,2026-08-04T12:32:07.798Z,20000000,BANK-TRF,2026-08-04T12:32:05.000Z,TRF_iaj3ductll56pi3p,97a6daaf-01de-4c50-8013-e846f6af3384,loan,📉,,,,1490630465,Access Bank,AYOMIDE BOLUWATIFE ONIFADE,110006260804123202101689359501,,f6e4fb1c-104b-48d0-a787-73eca6d44b79,97a6daaf-01de-4c50-8013-e846f6af3384
6a71fe6357ea2a4c599a6903,6a11a8b96bb1f3d6587ce0cc,Deposit,SUCCESS,2026-08-04T14:59:47.915Z,2026-08-04T14:59:47.915Z,2000000,BANK-TRF,2026-08-04T14:59:46.000Z,100004260804145936167299031621,AUTH_z28x0qtf80,,,MODUPE MOJIRADE ALUKO,OPay Digital Services Limited (OPay),8023360694,,,,,,,
6a7204ef57ea2a4c599a697a,691ec63d24cf6022a24d9775,Withdrawal,SUCCESS,2026-08-04T15:27:43.213Z,2026-08-04T15:27:45.243Z,1010000,BANK-TRF,2026-08-04T15:27:43.000Z,TRF_j4vc4mqovowt58jc,77002727-0f68-4fc6-8121-4ed24d1ff674,AYAF MAINTENANCE ,🔌,,,,8139305916,OPay Digital Services Limited (OPay),RICHARD OLUWAFEMI OGUNYEMI,9999910101695013001,,19ea8acd-d536-414e-a885-8c7593710a42,77002727-0f68-4fc6-8121-4ed24d1ff674
6a72074b57ea2a4c599a69ec,691ec63d24cf6022a24d9775,Withdrawal,SUCCESS,2026-08-04T15:37:47.750Z,2026-08-04T15:37:49.604Z,510000,BANK-TRF,2026-08-04T15:37:47.000Z,TRF_15g7v0of7rcvnedt,59b04827-0eac-4a71-83ca-23542a3f3723,food,🥑,,,,6108627567,OPay Digital Services Limited (OPay),REGDAM COMMUNICATIONS,110006260804153746101695380501,,760ed4a4-a057-4db1-98a0-60d32c232fa3,59b04827-0eac-4a71-83ca-23542a3f3723
6a72091057ea2a4c599a6ab3,6a26d519648daaea32bfa659,Withdrawal,SUCCESS,2026-08-04T15:45:20.553Z,2026-08-04T15:45:21.523Z,120000,BANK-TRF,2026-08-04T15:45:20.000Z,TRF_axl7sgc2h49yfsns,17036489-b0f1-4eb4-9044-aaf6af8651f5,childcare,🍼,,,,5379921500,Moniepoint MFB,JIM-SOIDAB ENTERPRISES,505150101695594901,Junks,f2e557c7-8f56-4387-937e-1e998350cec7,17036489-b0f1-4eb4-9044-aaf6af8651f5
6a720c0e57ea2a4c599a6b57,6a26d519648daaea32bfa659,Withdrawal,SUCCESS,2026-08-04T15:58:06.468Z,2026-08-04T15:58:07.451Z,150000,BANK-TRF,2026-08-04T15:58:06.000Z,TRF_pn0bksou5zmf0b7f,21257d7c-15bf-45d7-9df4-eedc13eb47a7,childcare,🍼,,,,8064840853,OPay Digital Services Limited (OPay),GANIYAT OPEYEMI TAIWO,9999910101695926001,Junks,a1b620ad-f9aa-4c51-914d-b47b8cb6c51f,21257d7c-15bf-45d7-9df4-eedc13eb47a7
6a720d8557ea2a4c599a6ba8,6a26d519648daaea32bfa659,Withdrawal,SUCCESS,2026-08-04T16:04:21.197Z,2026-08-04T16:04:23.084Z,400000,BANK-TRF,2026-08-04T16:04:21.000Z,TRF_18aqar3t03ma78mj,51520144-31dc-446e-bc9f-eda58ba3032e,childcare,🍼,,,,6425049730,OPay Digital Services Limited (OPay),FOLASHADE BOLANLE AHMADU,110006260804160419101696098701,Junks,e711f01d-5ea8-4246-9210-57887ef7c761,51520144-31dc-446e-bc9f-eda58ba3032e
6a725ef357ea2a4c599a6c6b,6947e8c95dad1006b656f640,Deposit,SUCCESS,2026-08-04T21:51:47.053Z,2026-08-04T21:51:47.053Z,7000000,BANK-TRF,2026-08-04T21:51:45.000Z,090405260804225132792732891831,AUTH_oevk5ed47b,,,GEORGE OMOGBOLAHAN IBITOYE,Moniepoint MFB,5232917055,,,,,,,
6a730c0c49d8dd6a1748a04e,6a26d519648daaea32bfa659,Withdrawal,SUCCESS,2026-08-05T10:10:20.731Z,2026-08-05T10:10:22.774Z,300000,BANK-TRF,2026-08-05T10:10:20.000Z,TRF_h303gscteafmtyvl,9e7d956b-fad9-4017-ab3b-5f19b848f6ae,books,📚,,,,9076635359,PalmPay,IFEOLUWA OLUWAPELUMI OLABISI,110006260805101018101713851101,Cake,43ca583a-8ae3-4119-9d7f-a80fbf6b96f5,9e7d956b-fad9-4017-ab3b-5f19b848f6ae
6a73182b49d8dd6a1748a0d9,6a12e950b03e0745adb1b72e,Withdrawal,SUCCESS,2026-08-05T11:02:03.593Z,2026-08-05T11:02:04.541Z,50000,BANK-TRF,2026-08-05T11:02:03.000Z,TRF_8awkx4e382t8wqh9,ad311f3c-3bbc-432a-b4fb-a5a63ffbc8a3,donation,🙏,,,,9168591160,PalmPay,ADEJOKE OLUBUNMI OGUNDEJI,110006260805110201101715077901,,dfbf20b6-0122-453f-9708-8798d195ac38,ad311f3c-3bbc-432a-b4fb-a5a63ffbc8a3
6a733f9249d8dd6a1748a1b9,6a26d519648daaea32bfa659,Withdrawal,SUCCESS,2026-08-05T13:50:10.929Z,2026-08-05T13:50:13.079Z,650000,BANK-TRF,2026-08-05T13:50:10.000Z,TRF_8zzgpwi2e0oldvpw,957aafa8-9b32-43ef-8429-0264b0cc9b14,childcare,🍼,,,,5114838823,Moniepoint MFB,POS Transfer-OYETAYO OLUWASEUN STEPHEN,505150101719080701,,a12066af-c8d1-4a0b-aeed-2d178d80a982,957aafa8-9b32-43ef-8429-0264b0cc9b14
6a73420e49d8dd6a1748a1d2,69347069c1fd4d52da87b63d,Deposit,SUCCESS,2026-08-05T14:00:46.950Z,2026-08-05T14:00:46.950Z,2500000,BANK-TRF,2026-08-05T14:00:45.000Z,100004260805140014167393408096,AUTH_fmqnfe9ihg,,,GABRIEL OLAOLUWA EGBEDINA,OPay Digital Services Limited (OPay),8148218646,,,,,,,
6a734c2449d8dd6a1748a221,6a26d519648daaea32bfa659,Deposit,SUCCESS,2026-08-05T14:43:48.022Z,2026-08-05T14:43:48.022Z,2850000,BANK-TRF,2026-08-05T14:43:46.000Z,000015260805154329000002815563,AUTH_l8guk5r4qh,,,COVENANT,Zenith Bank,2209958902,,,,,,,
6a736bbc49d8dd6a1748a33f,6a26d519648daaea32bfa659,Withdrawal,SUCCESS,2026-08-05T16:58:36.458Z,2026-08-05T16:58:38.545Z,300000,BANK-TRF,2026-08-05T16:58:36.000Z,TRF_f94wsymi6ikz1riu,77af0d4c-4c60-4717-8ce9-86c42290483e,childcare,🍼,,,,9076635359,PalmPay,IFEOLUWA OLUWAPELUMI OLABISI,110006260805165834101723138801,,78215564-fc91-40c3-88f8-36c604ac54cd,77af0d4c-4c60-4717-8ce9-86c42290483e
6a7374dd49d8dd6a1748a3dc,691ec63d24cf6022a24d9775,Withdrawal,SUCCESS,2026-08-05T17:37:33.716Z,2026-08-05T17:37:35.541Z,510000,BANK-TRF,2026-08-05T17:37:33.000Z,TRF_kl9dh0iqi7om8oav,a5e84695-9c5b-4f07-8535-e9ef6b1241ad,food,🥑,,,,6108627567,OPay Digital Services Limited (OPay),REGDAM COMMUNICATIONS,110006260805173731101723910301,,638cd014-1ac8-45f5-9d44-dc1c95667381,a5e84695-9c5b-4f07-8535-e9ef6b1241ad
6a7390c749d8dd6a1748a574,691da422142342a5c3cf0c93,Withdrawal,SUCCESS,2026-08-05T19:36:39.263Z,2026-08-05T19:36:41.288Z,240000,BANK-TRF,2026-08-05T19:36:39.000Z,TRF_a2ifolnsvo3jjbsr,f7c8efa9-3080-4afd-bea8-cf331ef17178,food,🥑,,,,9138922033,OPay Digital Services Limited (OPay),OREOLUWA FELICIAL SOYOYE,9999910101726584601,,625029e1-cade-4912-a3e4-0a847e7cca45,f7c8efa9-3080-4afd-bea8-cf331ef17178
6a7390d749d8dd6a1748a595,6a26d519648daaea32bfa659,Withdrawal,SUCCESS,2026-08-05T19:36:55.060Z,2026-08-05T19:36:55.788Z,250000,BANK-TRF,2026-08-05T19:36:54.000Z,TRF_20vzqgtpbry25ump,533b301c-ad3b-48d8-aa32-49ed7a52bea1,childcare,🍼,,,,8168609763,OPay Digital Services Limited (OPay),COVENANT PIPELOLUWA OLUWAYINKA,9999910101726591801,,4e4c3c4a-5ab6-4647-9070-637d0dfc6ebe,533b301c-ad3b-48d8-aa32-49ed7a52bea1
6a73a50549d8dd6a1748a61c,6a12e950b03e0745adb1b72e,Withdrawal,SUCCESS,2026-08-05T21:03:01.294Z,2026-08-05T21:03:02.251Z,1200000,BANK-TRF,2026-08-05T21:03:01.000Z,TRF_lcy68hgqq82eszpr,a1062f5e-4b22-403f-9293-bf8165ad007c,donation,🙏,,,,9168591160,PalmPay,ADEJOKE OLUBUNMI OGUNDEJI,110006260805210259101728760301,,b35a20f5-3a7f-4b75-aaf3-8a607289753e,a1062f5e-4b22-403f-9293-bf8165ad007c
6a73a9fe49d8dd6a1748a695,6a12e950b03e0745adb1b72e,Withdrawal,SUCCESS,2026-08-05T21:24:14.645Z,2026-08-05T21:24:15.606Z,200000,BANK-TRF,2026-08-05T21:24:14.000Z,TRF_56vqsj6n8p4yp7xf,2eabeca2-b836-4174-9653-798e747e5643,donation,🙏,,,,9153208589,PalmPay,CHINYEREUGO MERCY AKINOTAN,110006260805212412101729197801,Enjoy 😂🤭,86f7d9d3-0095-4011-b211-7a26ff29daf0,2eabeca2-b836-4174-9653-798e747e5643
6a745c662bdef4ff1e7df25e,6a26d519648daaea32bfa659,Withdrawal,SUCCESS,2026-08-06T10:05:26.948Z,2026-08-06T10:05:29.131Z,600000,BANK-TRF,2026-08-06T10:05:26.000Z,TRF_646sg30no7fmd7iz,71768be3-1cfa-4829-9367-dd63219b0008,childcare,🍼,,,,7010242696,OPay Digital Services Limited (OPay),SAMUEL OLUWASEUN OLA,9999910101740887301,,8569c60c-13fc-4226-b0a7-e415175ff066,71768be3-1cfa-4829-9367-dd63219b0008
6a7467122bdef4ff1e7df3a0,6a26d519648daaea32bfa659,Withdrawal,SUCCESS,2026-08-06T10:50:58.351Z,2026-08-06T10:51:00.271Z,1005000,BANK-TRF,2026-08-06T10:50:58.000Z,TRF_cajgu0rp2uvi5jl1,089c9ef6-1e8e-4c46-bb82-9c71bbb4253d,childcare,🍼,,,,6415006981,OPay Digital Services Limited (OPay),ROFIAT ABISOLA OYENIRAN,110006260806105056101741829101,,ba3b4b9c-d0e8-44b4-9141-db8bb84459a7,089c9ef6-1e8e-4c46-bb82-9c71bbb4253d
6a746cb02bdef4ff1e7df43f,6947e8c95dad1006b656f640,Withdrawal,SUCCESS,2026-08-06T11:14:56.545Z,2026-08-06T11:14:58.628Z,5000000,BANK-TRF,2026-08-06T11:14:56.000Z,TRF_ufs6gokeshj1hj9z,0a0d55b5-6777-4f0f-9b2e-8e1b840731cf,loan,📉,,,,8156395874,OPay Digital Services Limited (OPay),BOLUWATIFE OMOWUNMI ADESINA,9999910101742380001,Loan,9fd95771-cf0d-4ece-ad67-d9dca369a2ac,0a0d55b5-6777-4f0f-9b2e-8e1b840731cf
6a74c83b2bdef4ff1e7df532,691ec63d24cf6022a24d9775,Withdrawal,SUCCESS,2026-08-06T17:45:31.730Z,2026-08-06T17:45:33.941Z,500000,BANK-TRF,2026-08-06T17:45:31.000Z,TRF_mndx5b5233jry0hk,a1abee65-6146-47dc-934c-272f47a06590,gift,🎁,,,,7037338124,PalmPay,ODUNOLA SUSANNA OSENI,110006260806174527101751260201,,117233a0-508a-4188-b9cb-c2979bab68c2,a1abee65-6146-47dc-934c-272f47a06590
6a74d56d2bdef4ff1e7df5e8,6a26d519648daaea32bfa659,Withdrawal,SUCCESS,2026-08-06T18:41:49.487Z,2026-08-06T18:41:50.476Z,350000,BANK-TRF,2026-08-06T18:41:49.000Z,TRF_o64nsc79o0npbxe9,1665bdd8-c405-4886-a435-7fc4bb874840,books,📚,,,,8069091718,OPay Digital Services Limited (OPay),CONSTANCE ONYEKWULULECHI OLUWAYINKA,9999910101752706401,,316d8c6a-eee2-468d-8670-795d61211bad,1665bdd8-c405-4886-a435-7fc4bb874840
6a74d5a02bdef4ff1e7df63c,6a26d519648daaea32bfa659,Withdrawal,SUCCESS,2026-08-06T18:42:40.276Z,2026-08-06T18:42:42.410Z,150000,BANK-TRF,2026-08-06T18:42:40.000Z,TRF_qlaycpkuhm52n71n,15004f55-4bb6-42bd-bbdc-98dd634ed958,books,📚,,,,8037388388,OPay Digital Services Limited (OPay),IGBANG MONDAY INAKU,9999910101752726201,,b05aaaf2-94e2-4dc4-806d-fc34e1e21e20,15004f55-4bb6-42bd-bbdc-98dd634ed958
6a758f58bd65114e86c7973f,691ec63d24cf6022a24d9775,Withdrawal,SUCCESS,2026-08-07T07:55:04.323Z,2026-08-07T07:55:06.576Z,500000,BANK-TRF,2026-08-07T07:55:04.000Z,TRF_vcp2krnb3darpis9,e9b02570-8c2b-43ab-aa08-7fa29e68a0c0,gift,🎁,,,,8143995337,OPay Digital Services Limited (OPay),IGNATIUS ABIODUN ADIGUN,9999910101765946501,,05a13941-01dc-4871-a4b8-2427d51f6114,e9b02570-8c2b-43ab-aa08-7fa29e68a0c0
6a75bab2bd65114e86c79821,691ec63d24cf6022a24d9775,Withdrawal,SUCCESS,2026-08-07T11:00:02.288Z,2026-08-07T11:00:05.355Z,1000000,BANK-TRF,2026-08-07T11:00:01.000Z,TRF_odl0iqzhqzpwozhj,aa8ea50b-29eb-494c-a08e-bfe1d69643e8,fuel,⛽,,,,5204102588,Moniepoint MFB, LOPAF GLOBAL CONCEPTS LIMITED - Arolat Filling Station IdiAba3,505150101771402401,,72c7b97b-c349-4352-88bf-948198d9a6af,aa8ea50b-29eb-494c-a08e-bfe1d69643e8
6a75d053bd65114e86c79c3e,6a75ce33bd65114e86c79a1f,Deposit,SUCCESS,2026-08-07T12:32:19.217Z,2026-08-07T12:32:19.217Z,500000,BANK-TRF,2026-08-07T12:32:17.000Z,100004260807123136167585245012,AUTH_x9d480zgoy,,,RICHARD OLUWAFEMI OGUNYEMI,OPay Digital Services Limited (OPay),8139305916,,,,,,,
6a75d3e7bd65114e86c79e69,691ec63d24cf6022a24d9775,Deposit,SUCCESS,2026-08-07T12:47:35.024Z,2026-08-07T12:47:35.024Z,31000000,BANK-TRF,2026-08-07T12:47:33.000Z,00001320260807134728000000003758964,AUTH_iwb25ccvet,,,KENT-ADEBAYO JOHN IYANUOLUWA,Guaranty Trust Bank,0137605007,,,,,,,
6a75d85cbd65114e86c79ea6,6a75cde8bd65114e86c79a03,Withdrawal,SUCCESS,2026-08-07T13:06:36.566Z,2026-08-07T13:06:37.551Z,1540000,BANK-TRF,2026-08-07T13:06:36.000Z,TRF_eny9xc02ig6k3kk9,1a3be5f5-0343-4c81-99ca-8e7480203134,education,🎓,,,,6102596868,OPay Digital Services Limited (OPay),FOLAKE AJOKE OSIGWE,110006260807130633101775760001,,b01626f4-bbf1-49f6-9319-315977052f6e,1a3be5f5-0343-4c81-99ca-8e7480203134
6a75de02bd65114e86c79f07,6a75cde8bd65114e86c79a03,Withdrawal,SUCCESS,2026-08-07T13:30:42.367Z,2026-08-07T13:30:43.724Z,510000,BANK-TRF,2026-08-07T13:30:41.000Z,TRF_6jvayqrf7lyu3je2,b28e28d0-fb55-49d1-85ef-69a6bd914f65,education,🎓,,,,8152639602,OPay Digital Services Limited (OPay),BABATUNDE OLUWAFEMI AKINDIYA,9999910101776520701,,98d4ca2a-0994-463d-8d48-782c71c7d213,b28e28d0-fb55-49d1-85ef-69a6bd914f65
6a75e464bd65114e86c79f9d,6a75cde8bd65114e86c79a03,Withdrawal,SUCCESS,2026-08-07T13:57:56.950Z,2026-08-07T13:57:57.898Z,290000,BANK-TRF,2026-08-07T13:57:56.000Z,TRF_ik7x2cwwx5ylp67h,a42b9501-3451-4f96-8b77-4dd740f25329,education,🎓,,,,7059621340,OPay Digital Services Limited (OPay),TOYIN OMOLARA ODUKALE,9999910101777321201,,f90f6e2a-6eb3-44fb-9f1b-58243e0dbeb3,a42b9501-3451-4f96-8b77-4dd740f25329
6a75ea43bd65114e86c7a05f,6a75cde8bd65114e86c79a03,Withdrawal,SUCCESS,2026-08-07T14:22:59.103Z,2026-08-07T14:23:00.106Z,410000,BANK-TRF,2026-08-07T14:22:59.000Z,TRF_93jgmv6r5v0g1ytc,f2a6f87d-e7bc-4b20-b4d7-55dce60529fe,education,🎓,,,,7059621340,OPay Digital Services Limited (OPay),TOYIN OMOLARA ODUKALE,9999910101778127301,,8368ea9f-92f6-40b8-981e-daddf952d989,f2a6f87d-e7bc-4b20-b4d7-55dce60529fe
6a75edc2bd65114e86c7a0a6,6a75cde8bd65114e86c79a03,Withdrawal,SUCCESS,2026-08-07T14:37:54.051Z,2026-08-07T14:37:55.051Z,3500000,BANK-TRF,2026-08-07T14:37:53.000Z,TRF_xjyxgw84qmhvj6ol,dfcc293c-9d0b-405f-83f6-20dd6c142590,education,🎓,,,,7016490629,OPay Digital Services Limited (OPay),OPEYEMI ROKEEBAT AKINLABI,9999910101778568201,,150a5188-dd6b-4edf-b78f-29b82590ef9e,dfcc293c-9d0b-405f-83f6-20dd6c142590
6a760e01bd65114e86c7a16c,691ec63d24cf6022a24d9775,Withdrawal,SUCCESS,2026-08-07T16:55:29.876Z,2026-08-07T16:55:31.700Z,510000,BANK-TRF,2026-08-07T16:55:29.000Z,TRF_zy4yeje9vxukbtzk,02a80878-613b-452d-814d-0b4a9bf0f8a6,food,🥑,,,,6108627567,OPay Digital Services Limited (OPay),REGDAM COMMUNICATIONS,110006260807165528101782577501,,ce5987b6-52e9-4308-ba2c-c54a37c5e577,02a80878-613b-452d-814d-0b4a9bf0f8a6
6a7613b8bd65114e86c7a27a,691ec63d24cf6022a24d9775,Withdrawal,SUCCESS,2026-08-07T17:19:52.796Z,2026-08-07T17:19:55.069Z,850000,BANK-TRF,2026-08-07T17:19:52.000Z,TRF_aetf8rkgpao2hu3g,9134fd9d-6501-4c03-b1b1-57840cebaf55,AYAF MAINTENANCE ,🔌,,,,6108627567,OPay Digital Services Limited (OPay),REGDAM COMMUNICATIONS,110006260807171951101783242201,,e0b215ac-9002-401e-b10a-b6af02a55079,9134fd9d-6501-4c03-b1b1-57840cebaf55
6a763fdfbd65114e86c7a3cd,6a22e229e4f1fd71697c620c,Withdrawal,SUCCESS,2026-08-07T20:28:15.708Z,2026-08-07T20:28:16.686Z,500000,BANK-TRF,2026-08-07T20:28:15.000Z,TRF_8ptwumuv2f1ekt52,09c13cdc-da76-406a-8e4b-ea9ac3884356,donation,🙏,,,,6504467260,Providus Bank,ADENUGA ADENIKE BOSE,110006260807202813101788707301,,a37975e2-9f58-4a2a-a7ae-b208a334351f,09c13cdc-da76-406a-8e4b-ea9ac3884356
6a7664b9bd65114e86c7a47a,6a26d519648daaea32bfa659,Withdrawal,SUCCESS,2026-08-07T23:05:29.275Z,2026-08-07T23:05:31.600Z,220000,BANK-TRF,2026-08-07T23:05:29.000Z,TRF_ibjfvss9qha1081z,0cc44484-f5a7-4dc4-be08-ccc4cc762786,books,📚,,,,8168609763,OPay Digital Services Limited (OPay),COVENANT PIPELOLUWA OLUWAYINKA,9999910101793103601,,b3c6cd84-b52a-4bd6-81a3-f7cae8b3eec6,0cc44484-f5a7-4dc4-be08-ccc4cc762786
6a76d8d9e2c48f9088d2dabb,69f78c7bcc23bbbf0663dcf6,Withdrawal,SUCCESS,2026-08-08T07:20:57.026Z,2026-08-08T07:20:59.191Z,10000,BANK-TRF,2026-08-08T07:20:56.000Z,TRF_s6gdtwi3o7wcd43h,2109e7e6-23e1-4680-a3ff-d113e17d5e37,donation,🙏,,,,9137151006,MTN Momo PSB,GODWIN OGBODE,110006260808072055101799484901,,2c2e4ea3-595d-4512-a52c-15b6d1cf8174,2109e7e6-23e1-4680-a3ff-d113e17d5e37
6a76faa6e2c48f9088d2db72,691ec63d24cf6022a24d9775,Withdrawal,SUCCESS,2026-08-08T09:45:10.627Z,2026-08-08T09:45:12.670Z,1500000,BANK-TRF,2026-08-08T09:45:10.000Z,TRF_06owgowekjxkzzc3,66fc5a78-55c2-44dc-80f0-7fc139aff837,fuel,⛽,,,,5648686695,Moniepoint MFB,ENERGYSWITCH ALLIED OIL SERVICES LTD - ENERGYSWITCH ALLIED OIL SERVICES LTD IDI ABA 2,505150101803009601,,9fb05d2d-6988-4c03-b5d4-8189c3fc213f,66fc5a78-55c2-44dc-80f0-7fc139aff837
6a771254e2c48f9088d2dc2c,691ec63d24cf6022a24d9775,Withdrawal,SUCCESS,2026-08-08T11:26:12.515Z,2026-08-08T11:26:14.592Z,1000000,BANK-TRF,2026-08-08T11:26:12.000Z,TRF_bd5z1l1d0ydjp1vr,fb791fd0-81d2-4044-a880-b7dd6b908b54,food,🥑,,,,0125547744,Guaranty Trust Bank,KENTADEBAYO TAIWO OLAWUMI,110006260808112611101805532401,,1bf4bef4-f877-4cae-bbba-eda65b4e2430,fb791fd0-81d2-4044-a880-b7dd6b908b54
6a77176de2c48f9088d2dcad,691ec63d24cf6022a24d9775,Withdrawal,SUCCESS,2026-08-08T11:47:57.898Z,2026-08-08T11:48:01.520Z,335000,BANK-TRF,2026-08-08T11:47:57.000Z,TRF_pz62vu7lsx6a3908,b3130b5f-7dc9-4832-ba19-198356382065,food,🥑,,,,5392554347,Moniepoint MFB,MY GOD-DEY PHARMACY,505150101806079601,,ccc75bd9-221e-402d-88fd-088f6cebb646,b3130b5f-7dc9-4832-ba19-198356382065
6a772fe1e2c48f9088d2dd12,691da422142342a5c3cf0c93,Deposit,SUCCESS,2026-08-08T13:32:17.702Z,2026-08-08T13:32:17.702Z,1200000,BANK-TRF,2026-08-08T13:32:16.000Z,100004260808133147167688820913,AUTH_7bsowu9q6l,,,OREOLUWA FELICIAL SOYOYE,OPay Digital Services Limited (OPay),9138922033,,,,,,,
6a774290e2c48f9088d2ddb1,695845161bafe7a105a68ceb,Withdrawal,SUCCESS,2026-08-08T14:52:00.897Z,2026-08-08T14:52:00.897Z,200000,In-App-TRF,,69596b78cbdf6a5cb1bd0702,8e54f3b4-e3a3-4767-b02a-02c8ea61175d,SAVINGS ,💰,,,,,,,,,,
6a77547ae2c48f9088d2df47,691ec63d24cf6022a24d9775,Withdrawal,SUCCESS,2026-08-08T16:08:26.821Z,2026-08-08T16:08:28.757Z,510000,BANK-TRF,2026-08-08T16:08:26.000Z,TRF_w7g97wlwvpd603vw,63a6f060-e488-4454-a56d-e8da6ce1e928,food,🥑,,,,6108627567,OPay Digital Services Limited (OPay),REGDAM COMMUNICATIONS,110006260808160825101813429101,,236d9c60-2b13-439c-b732-603fc8ace9f9,63a6f060-e488-4454-a56d-e8da6ce1e928
6a775944e2c48f9088d2dfc7,695845161bafe7a105a68ceb,Withdrawal,SUCCESS,2026-08-08T16:28:52.525Z,2026-08-08T16:28:54.547Z,500000,BANK-TRF,2026-08-08T16:28:52.000Z,TRF_09k4mx0d8kg44q0z,c028c4d9-95b9-41a1-8cff-ea65b319d129,bankFees,🏦,,,,8071683955,OPay Digital Services Limited (OPay),PRAISE AYOMIDE OMOLAOLU,9999910101814102101,,108a7956-fb62-4644-b162-780b34656d52,c028c4d9-95b9-41a1-8cff-ea65b319d129
6a775c4ce2c48f9088d2dfde,691da422142342a5c3cf0c93,Deposit,SUCCESS,2026-08-08T16:41:48.976Z,2026-08-08T16:41:48.976Z,500000,BANK-TRF,2026-08-08T16:41:47.000Z,100004260808164116167708471138,AUTH_livs9ka9sd,,,OREOLUWA FELICIAL SOYOYE,OPay Digital Services Limited (OPay),9138922033,,,,,,,
6a776eeae2c48f9088d2dfe6,691da422142342a5c3cf0c93,Deposit,SUCCESS,2026-08-08T18:01:14.738Z,2026-08-08T18:01:14.738Z,300000,BANK-TRF,2026-08-08T18:01:13.000Z,100004260808180047167717406117,AUTH_za68bqr6lr,,,OREOLUWA FELICIAL SOYOYE,OPay Digital Services Limited (OPay),9138922033,,,,,,,
6a77746ee2c48f9088d2e083,6a26d519648daaea32bfa659,Withdrawal,SUCCESS,2026-08-08T18:24:46.712Z,2026-08-08T18:24:48.816Z,200000,BANK-TRF,2026-08-08T18:24:46.000Z,TRF_epuypsgqrvfcg2y9,ebef866d-fd96-4fae-bcc2-86debf21ca9f,books,📚,,,,8229356271,Moniepoint MFB,POS Transfer - KABIRAT ENITAN,505150101817950301,,dd926a7d-96be-4222-909c-2ea07361a8d9,ebef866d-fd96-4fae-bcc2-86debf21ca9f
6a7787dbe2c48f9088d2e139,691ec63d24cf6022a24d9775,Withdrawal,SUCCESS,2026-08-08T19:47:39.044Z,2026-08-08T19:48:35.916Z,510000,BANK-TRF,2026-08-08T19:47:38.000Z,TRF_pzajq029gncgfpy5,b6897b66-dbaf-4053-b754-e13d551c6f5f,food,🥑,,,,7059633409,Moniepoint MFB,AKINDIYA BABATUNDE OLUWAFEMI,505150101820229701,,7ede3bd3-f9eb-4b36-b200-00c2cfc12434,b6897b66-dbaf-4053-b754-e13d551c6f5f
6a778b0ce2c48f9088d2e292,691ec63d24cf6022a24d9775,Withdrawal,SUCCESS,2026-08-08T20:01:16.638Z,2026-08-08T20:01:18.456Z,200000,BANK-TRF,2026-08-08T20:01:16.000Z,TRF_r6pb3lapxkoykt56,bd08475f-1bf4-4733-a3f2-8bb05a109dfd,food,🥑,,,,9167117724,OPay Digital Services Limited (OPay),BUHARI  UMARU,9999910101820604301,,5ff81d9f-6384-4eb5-8d22-9b134ade7ce8,bd08475f-1bf4-4733-a3f2-8bb05a109dfd
6a77a6fbe2c48f9088d2e2fc,69e90ff90e3248acf149d236,Withdrawal,SUCCESS,2026-08-08T22:00:27.330Z,2026-08-08T22:00:29.479Z,100000,BANK-TRF,2026-08-08T22:00:27.000Z,TRF_6ppa3vw9rrarqkvv,6d863f28-03d7-4912-aae4-60fa6237394a,books,📚,,,,8168609763,OPay Digital Services Limited (OPay),COVENANT PIPELOLUWA OLUWAYINKA,110006260808220024101824009701,,2fec1a99-b67a-4b95-b659-4f5464c74b7c,6d863f28-03d7-4912-aae4-60fa6237394a
6a7825118fd169a05472018d,691ec63d24cf6022a24d9775,Withdrawal,SUCCESS,2026-08-09T06:58:25.135Z,2026-08-09T06:58:27.145Z,650000,BANK-TRF,2026-08-09T06:58:25.000Z,TRF_r1mx8w4nzetlraw8,1ad378fd-1d8e-424c-8bc9-3da993578b29,fuel,⛽,,,,5650867138,Moniepoint MFB,DATAAD PETROCHEMICALS LIMITED - DATAAD PETROCHEMICAL COY2,505150101830207601,,99d0b9eb-066a-4223-9e0a-913f0be00a2d,1ad378fd-1d8e-424c-8bc9-3da993578b29
6a784b5c8fd169a0547202f0,691da422142342a5c3cf0c93,Deposit,SUCCESS,2026-08-09T09:41:48.327Z,2026-08-09T09:41:48.327Z,200000,BANK-TRF,2026-08-09T09:41:47.000Z,100004260809094106167760084636,AUTH_ibsgkgehk0,,,OREOLUWA FELICIAL SOYOYE,OPay Digital Services Limited (OPay),9138922033,,,,,,,
6a784d338fd169a0547203e0,691da422142342a5c3cf0c93,Withdrawal,SUCCESS,2026-08-09T09:49:39.498Z,2026-08-09T09:49:41.624Z,2200000,BANK-TRF,2026-08-09T09:49:39.000Z,TRF_ntxn7vkwxw1h392i,401c86d2-8fb6-45cb-9583-6fc2e06a1b2d,donation,🙏,,,,7040526831,OPay Digital Services Limited (OPay),SEILAT TEMILOLA JIBONA,110006260809094937101833627301,,f9920823-36c6-4f42-9253-a632717a2bf7,401c86d2-8fb6-45cb-9583-6fc2e06a1b2d
6a78568b8fd169a054720511,6a22e229e4f1fd71697c620c,Withdrawal,SUCCESS,2026-08-09T10:29:31.763Z,2026-08-09T10:29:32.734Z,250000,BANK-TRF,2026-08-09T10:29:31.000Z,TRF_i8x5kz8m5wdihfly,067aa35f-440c-4459-b65d-4945afd869a8,groceries,🛒,,,,9037349254,OPay Digital Services Limited (OPay),TEMILOLUWA MIRACLE ADENUGA,110006260809102930101834462601,,74271fe7-6337-40ee-9495-78bcad0dd64c,067aa35f-440c-4459-b65d-4945afd869a8
6a78d3758fd169a05472079c,69e90ff90e3248acf149d236,Withdrawal,SUCCESS,2026-08-09T19:22:29.024Z,2026-08-09T19:22:31.241Z,200000,BANK-TRF,2026-08-09T19:22:28.000Z,TRF_4xfr5xxw3ojw6pk9,e484f417-7d85-480b-92d4-519fa2088d2c,alcohol,🍻,,,,7049666609,OPay Digital Services Limited (OPay),DEBORAH YEMISI ELESHIN,9999910101847892001,,63c88d6f-46ee-4be9-9f4f-c000d1c850d7,e484f417-7d85-480b-92d4-519fa2088d2c
6a78da228fd169a0547207db,6a26d519648daaea32bfa659,Deposit,SUCCESS,2026-08-09T19:50:58.488Z,2026-08-09T19:50:58.488Z,6000000,BANK-TRF,2026-08-09T19:50:57.000Z,000008260809205032432742441409,AUTH_appng0sybn,,,AKONI OLUFUNKE IYABODE,Polaris Bank,1761793696,,,,,,,
6a790fc58fd169a0547207e8,691da422142342a5c3cf0c93,Deposit,SUCCESS,2026-08-09T23:39:49.646Z,2026-08-09T23:39:49.646Z,800000,BANK-TRF,2026-08-09T23:39:48.000Z,100004260809081246167753733737,AUTH_syuuf42eyd,,,OREOLUWA FELICIAL SOYOYE,OPay Digital Services Limited (OPay),9138922033,,,,,,,
6a79766daa6cb54acf3d754e,691da422142342a5c3cf0c93,Withdrawal,SUCCESS,2026-08-10T06:57:49.984Z,2026-08-10T06:57:54.334Z,800000,BANK-TRF,2026-08-10T06:57:49.000Z,TRF_fyr3xgpbphmc8ny4,0e8b5196-9fb6-4854-b5fb-75e2026ece68,savings,💰,,,,7040526831,OPay Digital Services Limited (OPay),SEILAT TEMILOLA JIBONA,9999910101858536601,,c5bc6a45-889e-4ca0-90fd-4d0d34877a33,0e8b5196-9fb6-4854-b5fb-75e2026ece68
6a799253aa6cb54acf3d760b,6a26d519648daaea32bfa659,Withdrawal,SUCCESS,2026-08-10T08:56:51.651Z,2026-08-10T08:56:52.619Z,2800000,BANK-TRF,2026-08-10T08:56:51.000Z,TRF_czbq4r9c16ehxbae,f062a3c4-d43b-41dc-9e5a-e4ecb2d1ec71,food,🥑,,,,7038197258,OPay Digital Services Limited (OPay),TINA  ANENIH,9999910101862694601,Fish,7358497c-c453-4d43-811c-4834a3e3fa2e,f062a3c4-d43b-41dc-9e5a-e4ecb2d1ec71
6a7993e2aa6cb54acf3d763a,6a26d519648daaea32bfa659,Withdrawal,SUCCESS,2026-08-10T09:03:30.574Z,2026-08-10T09:03:32.625Z,550000,BANK-TRF,2026-08-10T09:03:30.000Z,TRF_dycn759ct5wn4hyb,a8142692-5ded-45c8-8271-6db197e3d75c,food,🥑,,,,7038197258,OPay Digital Services Limited (OPay),TINA  ANENIH,9999910101862931801,Fish,5cc89331-1f71-43c9-a04a-7fcf298266fb,a8142692-5ded-45c8-8271-6db197e3d75c
6a799489aa6cb54acf3d766e,6a26d519648daaea32bfa659,Withdrawal,SUCCESS,2026-08-10T09:06:17.721Z,2026-08-10T09:06:19.697Z,200000,BANK-TRF,2026-08-10T09:06:17.000Z,TRF_s4ynxhe1bz92z23y,012074fa-67f8-4ecb-89ec-ec6340c4e83d,food,🥑,,,,8129166258,OPay Digital Services Limited (OPay),SURAJO YAKUBU MUHAMMAD,9999910101863009601,Fish,03f63982-d20c-4f38-aec2-3f4e4c0f7c2c,012074fa-67f8-4ecb-89ec-ec6340c4e83d
6a799920aa6cb54acf3d76d4,6a26d519648daaea32bfa659,Withdrawal,SUCCESS,2026-08-10T09:25:52.812Z,2026-08-10T09:26:00.381Z,440000,BANK-TRF,2026-08-10T09:25:52.000Z,TRF_mqrx0k30f4enrhj9,4442ab9d-d2d9-4c87-b670-e57edaaf11c2,food,🥑,,,,6425049730,OPay Digital Services Limited (OPay),FOLASHADE BOLANLE AHMADU,110006260810092550101863580001,,c68d595a-398a-4d26-a27a-6eca7e47e02d,4442ab9d-d2d9-4c87-b670-e57edaaf11c2
6a79a27baa6cb54acf3d772f,6a26d519648daaea32bfa659,Deposit,SUCCESS,2026-08-10T10:05:47.296Z,2026-08-10T10:05:47.296Z,550000,BANK-TRF,2026-08-10T10:05:45.000Z,100004260810100536167848167874,AUTH_0v4tdxkpg7,,,SHADIAT MOTUNRAYO OLADEJO,OPay Digital Services Limited (OPay),9122743046,,,,,,,
6a79a5b9aa6cb54acf3d7795,6a75cde8bd65114e86c79a03,Withdrawal,SUCCESS,2026-08-10T10:19:37.593Z,2026-08-10T10:19:38.583Z,510000,BANK-TRF,2026-08-10T10:19:37.000Z,TRF_tvskve94hobnqdpy,5617bbbe-5ee3-4e1e-a6fb-ee56a859dd3c,education,🎓,,,,7059633409,Moniepoint MFB,AKINDIYA BABATUNDE OLUWAFEMI,505150101865288801,,98ccc3c6-b231-4412-9c9d-ba12dfc7fdc1,5617bbbe-5ee3-4e1e-a6fb-ee56a859dd3c
6a79a7ddaa6cb54acf3d7820,691ec63d24cf6022a24d9775,Withdrawal,SUCCESS,2026-08-10T10:28:45.564Z,2026-08-10T10:28:47.553Z,11500000,BANK-TRF,2026-08-10T10:28:45.000Z,TRF_phci0gfx8hshaw2a,586042d3-b037-4d3d-84bb-b6001810b472,loan,📉,,,,0125547744,Guaranty Trust Bank,KENTADEBAYO TAIWO OLAWUMI,110006260810102843101865573501,,7be481fb-ae8d-49a8-bbee-da91d10b7608,586042d3-b037-4d3d-84bb-b6001810b472
6a79b4e7aa6cb54acf3d78de,6a26d519648daaea32bfa659,Withdrawal,SUCCESS,2026-08-10T11:24:23.181Z,2026-08-10T11:24:24.998Z,320000,BANK-TRF,2026-08-10T11:24:23.000Z,TRF_0z60ai36o8185pq2,a5237f75-622b-4548-9584-19bdb7524e65,food,🥑,,,,8069091718,OPay Digital Services Limited (OPay),CONSTANCE ONYEKWULULECHI OLUWAYINKA,9999910101867384401,,141ca918-5938-4004-9bc8-cd0dfb6e6595,a5237f75-622b-4548-9584-19bdb7524e65
6a79b51eaa6cb54acf3d790f,6a26d519648daaea32bfa659,Withdrawal,SUCCESS,2026-08-10T11:25:18.924Z,2026-08-10T11:25:21.049Z,300000,BANK-TRF,2026-08-10T11:25:18.000Z,TRF_ciw6uwc41pb282qc,08a802da-9f26-4331-8b34-b5d7c641cfe6,food,🥑,,,,8037388388,OPay Digital Services Limited (OPay),IGBANG MONDAY INAKU,9999910101867411301,Delivery ,ed442a73-1648-49f5-ad6a-8cd3bebbbca7,08a802da-9f26-4331-8b34-b5d7c641cfe6
6a79b5caaa6cb54acf3d7980,6a26d519648daaea32bfa659,Withdrawal,SUCCESS,2026-08-10T11:28:10.441Z,2026-08-10T11:28:12.235Z,325000,BANK-TRF,2026-08-10T11:28:10.000Z,TRF_rjrike4bfvoif93d,1b301257-be75-40ba-8c37-e3a9d6587fb4,food,🥑,,,,6425049730,OPay Digital Services Limited (OPay),FOLASHADE BOLANLE AHMADU,110006260810112808101867497601,Delivery ,a9e5f068-122c-44e2-95ad-47ba2ca79e5c,1b301257-be75-40ba-8c37-e3a9d6587fb4
6a79c0cdaa6cb54acf3d7a43,6a26d519648daaea32bfa659,Withdrawal,SUCCESS,2026-08-10T12:15:09.889Z,2026-08-10T12:15:11.788Z,200000,BANK-TRF,2026-08-10T12:15:09.000Z,TRF_0gcpbpyw0yemdhff,00d12a58-79a1-47f1-9ae1-21338b07ce08,food,🥑,,,,8069091718,OPay Digital Services Limited (OPay),CONSTANCE ONYEKWULULECHI OLUWAYINKA,9999910101869061801,,6d65569b-a1f3-4cef-8ad8-fee30d0b3e9a,00d12a58-79a1-47f1-9ae1-21338b07ce08
6a79c1f2aa6cb54acf3d7ab1,6a22e229e4f1fd71697c620c,Withdrawal,SUCCESS,2026-08-10T12:20:02.510Z,2026-08-10T12:20:04.781Z,100000,BANK-TRF,2026-08-10T12:20:02.000Z,TRF_51agc1wmp41sufr5,1c257796-e4a7-4650-8695-86724fb3eb3e,food,🥑,,,,8038188476,OPay Digital Services Limited (OPay),DAMILOLA IYABO SORUNKE,9999910101869232501,,0d66c060-4df1-4ff4-a3b5-054fbaea453b,1c257796-e4a7-4650-8695-86724fb3eb3e
6a79c63aaa6cb54acf3d7bae,6a12e950b03e0745adb1b72e,Deposit,SUCCESS,2026-08-10T12:38:18.207Z,2026-08-10T12:38:18.207Z,4700000,BANK-TRF,2026-08-10T12:38:17.000Z,100004260810123742167862999113,AUTH_hwvla46cye,,,ENIOLA VICTORY OGUNDEJI,OPay Digital Services Limited (OPay),8164724389,,,,,,,
6a79dd6faa6cb54acf3d7c48,6a26d519648daaea32bfa659,Deposit,SUCCESS,2026-08-10T14:17:19.563Z,2026-08-10T14:17:19.563Z,800000,BANK-TRF,2026-08-10T14:17:18.000Z,100004260810141655167873304164,AUTH_j637vevb3s,,,OLUWABUNMI KHADIJAT OGUNTOLU,OPay Digital Services Limited (OPay),7088353767,,,,,,,
6a79f408aa6cb54acf3d7ce7,6a26d519648daaea32bfa659,Withdrawal,SUCCESS,2026-08-10T15:53:44.862Z,2026-08-10T15:53:46.850Z,300000,BANK-TRF,2026-08-10T15:53:44.000Z,TRF_1ll5nqigib5mblsy,253f0873-14e0-447a-8cf3-f5abf5a21590,food,🥑,,,,8038345009,OPay Digital Services Limited (OPay),MOTUNRAYO KIKELOMO SALAKO,9999910101875202201,,b9c652ff-3227-4391-b2d8-0d1ff5f8eb93,253f0873-14e0-447a-8cf3-f5abf5a21590
6a79fa29aa6cb54acf3d7d6c,6a5c9ccb46ee4f42fbe9ce45,Deposit,SUCCESS,2026-08-10T16:19:53.785Z,2026-08-10T16:19:53.785Z,1000000,BANK-TRF,2026-08-10T16:19:52.000Z,00001320260810171947000000011287912,AUTH_jke111xa8d,,,,,,,,,,,,
6a7a02b2aa6cb54acf3d7dfe,691ec63d24cf6022a24d9775,Withdrawal,SUCCESS,2026-08-10T16:56:18.615Z,2026-08-10T16:56:20.694Z,420000,BANK-TRF,2026-08-10T16:56:18.000Z,TRF_k17t5oya00rtc3xz,efbe9279-ca15-4a22-a4e1-89504730b60d,food,🥑,,,,5635193416,Moniepoint MFB,ADESANYA KEHINDE OLAJUMOKE,505150101876594301,,9d5d05db-0969-47bb-a628-edd329efcb11,efbe9279-ca15-4a22-a4e1-89504730b60d
6a7a030aaa6cb54acf3d7e64,691ec63d24cf6022a24d9775,Withdrawal,SUCCESS,2026-08-10T16:57:46.271Z,2026-08-10T16:57:48.221Z,150000,BANK-TRF,2026-08-10T16:57:46.000Z,TRF_dmgf50avo1i7m0xo,aaa75440-2e34-4fd8-b434-f5db0d463bd4,food,🥑,,,,9131965226,OPay Digital Services Limited (OPay),ABDULAZEEZ GBOLAHAN ABDULWASIU,9999910101876622201,,de580865-dfc2-4823-9674-82881afaa20e,aaa75440-2e34-4fd8-b434-f5db0d463bd4
6a7a2b2caa6cb54acf3d7f01,6a26d519648daaea32bfa659,Withdrawal,SUCCESS,2026-08-10T19:49:00.024Z,2026-08-10T19:49:01.825Z,500000,BANK-TRF,2026-08-10T19:48:59.000Z,TRF_tdhkyjm3dj2a1b44,f2b66a54-b806-4b99-b5f7-d95761e4c59b,food,🥑,,,,7049666609,OPay Digital Services Limited (OPay),DEBORAH YEMISI ELESHIN,9999910101880296901,Clothes,0679ce6f-7e80-428a-98b3-de05305dc375,f2b66a54-b806-4b99-b5f7-d95761e4c59b
6a7acf32469f5cdef3cc3866,692c2e0bc0076069f22e7a0d,Deposit,SUCCESS,2026-08-11T07:28:50.544Z,2026-08-11T07:28:50.544Z,200000,BANK-TRF,2026-08-11T07:28:49.000Z,100004260811072832167931837200,AUTH_0h1luia1vr,,,ADEDOYIN ROSELINE ADESANYA,OPay Digital Services Limited (OPay),8025110373,,,,,,,
6a7adc99469f5cdef3cc38f0,6a26d519648daaea32bfa659,Withdrawal,SUCCESS,2026-08-11T08:26:01.632Z,2026-08-11T08:26:03.799Z,460000,BANK-TRF,2026-08-11T08:26:01.000Z,TRF_tjtezvk8f8ragvmx,a1161258-ec13-4e23-a255-aa5169913636,food,🥑,,,,8133617019,PalmPay,Olamide Anjola Samuel,110006260811082558101890615401,,8faf2254-761a-4b2b-9ed3-c3460e95a728,a1161258-ec13-4e23-a255-aa5169913636
6a7adfc3469f5cdef3cc3a3a,6a26d519648daaea32bfa659,Withdrawal,SUCCESS,2026-08-11T08:39:31.311Z,2026-08-11T08:39:33.386Z,330000,BANK-TRF,2026-08-11T08:39:31.000Z,TRF_ck29mg7d2jpntwje,d7db0fac-d153-41af-af01-e07f51ebf97b,food,🥑,,,,6425049730,OPay Digital Services Limited (OPay),FOLASHADE BOLANLE AHMADU,110006260811083929101890909801,,dc6cbe59-4a05-4243-aa59-e5f9a797168c,d7db0fac-d153-41af-af01-e07f51ebf97b
6a7afbda469f5cdef3cc3abb,6a26d519648daaea32bfa659,Deposit,SUCCESS,2026-08-11T10:39:22.174Z,2026-08-11T10:39:22.174Z,500000,BANK-TRF,2026-08-11T10:39:20.000Z,000016260811113848002521462603,AUTH_gr5mxa5auz,,,SOTUNDE OLUWAMUYIWA AYOMIDE,First Bank of Nigeria,3226672712,,,,,,,
6a7afc15469f5cdef3cc3ad3,6a26d519648daaea32bfa659,Deposit,SUCCESS,2026-08-11T10:40:21.997Z,2026-08-11T10:40:21.997Z,150000,BANK-TRF,2026-08-11T10:40:20.000Z,100004260811103945167949729404,AUTH_7w72fiaimy,,,OLUWAMUYIWA AYOMIDE SOTUNDE,OPay Digital Services Limited (OPay),9070527783,,,,,,,
6a7b017e469f5cdef3cc3ae2,6a26d519648daaea32bfa659,Withdrawal,SUCCESS,2026-08-11T11:03:26.810Z,2026-08-11T11:03:27.790Z,400000,BANK-TRF,2026-08-11T11:03:26.000Z,TRF_rjufhzyislwl3q8p,69818f4d-5331-4b29-99f6-c4846bc9d807,childcare,🍼,,,,7039790510,OPay Digital Services Limited (OPay),OLUWABUNMI SAIDAT MUSTAPHA,9999910101894914301,,5f9e84c7-bb1d-4128-a542-b48952bc6584,69818f4d-5331-4b29-99f6-c4846bc9d807
6a7b01a3469f5cdef3cc3b06,6a26d519648daaea32bfa659,Withdrawal,SUCCESS,2026-08-11T11:04:03.886Z,2026-08-11T11:04:05.560Z,250000,BANK-TRF,2026-08-11T11:04:03.000Z,TRF_siftxr3zdx08lrdj,bf37cad2-3862-40da-8882-f97d49dd570d,childcare,🍼,,,,8037388388,OPay Digital Services Limited (OPay),IGBANG MONDAY INAKU,9999910101894931601,,1c4e4a87-fb7e-4275-990c-db7525a763e2,bf37cad2-3862-40da-8882-f97d49dd570d
6a7b1318469f5cdef3cc3b9c,6a22e229e4f1fd71697c620c,Withdrawal,SUCCESS,2026-08-11T12:18:32.631Z,2026-08-11T12:18:33.616Z,110000,BANK-TRF,2026-08-11T12:18:32.000Z,TRF_vs3iot7palbq0wrk,2de56a44-88dc-4d9e-8a87-7a753adc15a3,groceries,🛒,,,,9024068271,OPay Digital Services Limited (OPay),TEMITOPE ADEWUNMI ADENIYI,9999910101896904001,,88136804-723b-4719-b8c3-b9a3dc034524,2de56a44-88dc-4d9e-8a87-7a753adc15a3
6a7b1784469f5cdef3cc3c71,6a26d519648daaea32bfa659,Withdrawal,SUCCESS,2026-08-11T12:37:24.069Z,2026-08-11T12:37:26.120Z,250000,BANK-TRF,2026-08-11T12:37:23.000Z,TRF_xpkk7vy52pg8q99g,4bc76834-67b0-419f-8b19-b28a59ad2357,childcare,🍼,,,,8069091718,OPay Digital Services Limited (OPay),CONSTANCE ONYEKWULULECHI OLUWAYINKA,9999910101897349701,,cdfb28cd-65a8-43cc-890b-17461b36a298,4bc76834-67b0-419f-8b19-b28a59ad2357
6a7b4d56469f5cdef3cc3d5e,691ec63d24cf6022a24d9775,Withdrawal,SUCCESS,2026-08-11T16:27:02.642Z,2026-08-11T16:27:04.757Z,100000,BANK-TRF,2026-08-11T16:27:02.000Z,TRF_rvbvflhsxo21xisj,c1167a52-cf7b-4ffb-981c-a6fd3b6bff2f,food,🥑,,,,7052664930,OPay Digital Services Limited (OPay),REMILEKUN FUNMILAYO ANDREW,9999910101902813501,,6578a0f5-2d78-4c4c-b0ba-d24f655562cf,c1167a52-cf7b-4ffb-981c-a6fd3b6bff2f
6a7b8168469f5cdef3cc3e2e,691ec63d24cf6022a24d9775,Withdrawal,SUCCESS,2026-08-11T20:09:12.591Z,2026-08-11T20:09:14.767Z,250000,BANK-TRF,2026-08-11T20:09:12.000Z,TRF_jl8ady43tox52k7i,f984c40c-e914-4ef1-beb7-1fb0ab4a5218,food,🥑,,,,5011639624,Moniepoint MFB,IBRAHIM SULE,505150101908013101,,0e857313-8c3e-4cc8-bf4e-7ad7859961d3,f984c40c-e914-4ef1-beb7-1fb0ab4a5218
6a7b8a57469f5cdef3cc3e47,6a26d519648daaea32bfa659,Deposit,SUCCESS,2026-08-11T20:47:19.216Z,2026-08-11T20:47:19.216Z,550000,BANK-TRF,2026-08-11T20:47:17.000Z,100004260811204710168012587400,AUTH_trkro1u98i,,,OLUWASEYI EMMANUEL ADEPEGBA,OPay Digital Services Limited (OPay),9074200565,,,,,,,
6a7c2983b4b3fafee22f0c74,6a26d519648daaea32bfa659,Withdrawal,SUCCESS,2026-08-12T08:06:27.880Z,2026-08-12T08:06:28.892Z,250000,BANK-TRF,2026-08-12T08:06:27.000Z,TRF_ns636pejdzy3z9bo,a8da2bfb-eca2-4f40-8f25-06d110fcfe91,childcare,🍼,,,,8037388388,OPay Digital Services Limited (OPay),IGBANG MONDAY INAKU,9999910101918695601,,26531a54-132b-4be2-bc3d-a8bd3b9e77c1,a8da2bfb-eca2-4f40-8f25-06d110fcfe91
6a7c4226b4b3fafee22f0dc7,691ec63d24cf6022a24d9775,Withdrawal,SUCCESS,2026-08-12T09:51:34.712Z,2026-08-12T09:51:36.532Z,639000,BANK-TRF,2026-08-12T09:51:34.000Z,TRF_k96jb8j621bvwezi,ea0b5c97-3e4b-4444-85c3-04af759dac4b,transportation,🚌,,,,9726534397,Paystack-Titan,PAYSTACK CHECKOUT,110006260812095131101921578301,,d5514168-2e96-40b9-a510-7397ddedc534,ea0b5c97-3e4b-4444-85c3-04af759dac4b
6a7c4858b4b3fafee22f0e58,692c2e0bc0076069f22e7a0d,Withdrawal,SUCCESS,2026-08-12T10:18:00.401Z,2026-08-12T10:18:02.505Z,200000,BANK-TRF,2026-08-12T10:18:00.000Z,TRF_9ziduc04bimxtgnj,fbd3252d-a9bc-4ef5-9098-af35d58aa8c6,beauty,💅,,,,8025110373,OPay Digital Services Limited (OPay),ADEDOYIN ROSELINE ADESANYA,9999910101922175101,,0a74445d-1aed-4e53-b638-0128c2514ac5,fbd3252d-a9bc-4ef5-9098-af35d58aa8c6
6a7c4b02b4b3fafee22f0f19,69a5bbdf659708be74a8365c,Withdrawal,SUCCESS,2026-08-12T10:29:22.937Z,2026-08-12T10:29:25.030Z,1000000,BANK-TRF,2026-08-12T10:29:22.000Z,TRF_lfjckp8aqe7eb0uo,9927de7e-290f-465f-b3a5-cc2cf8cff39d,internet,🌐,,,,8147323999,OPay Digital Services Limited (OPay),JAMES JESUGBEMILEKE KEHINDE,9999910101922442201,,63dc0212-cd1c-4e09-a21c-afac24759ad3,9927de7e-290f-465f-b3a5-cc2cf8cff39d
6a7c6f4fb4b3fafee22f0fe6,691ec63d24cf6022a24d9775,Withdrawal,SUCCESS,2026-08-12T13:04:15.948Z,2026-08-12T13:04:18.059Z,300000,BANK-TRF,2026-08-12T13:04:15.000Z,TRF_977i20k03owh4l6w,0fa22cf3-95d0-465c-baf8-00c1c07716fe,beauty,💅,,,,9131965226,OPay Digital Services Limited (OPay),ABDULAZEEZ GBOLAHAN ABDULWASIU,9999910101926151001,,b0979ccc-4215-4868-9bfd-639bbc88efb2,0fa22cf3-95d0-465c-baf8-00c1c07716fe
6a7c95c5b4b3fafee22f1061,691ec63d24cf6022a24d9775,Withdrawal,SUCCESS,2026-08-12T15:48:21.556Z,2026-08-12T15:48:23.581Z,510000,BANK-TRF,2026-08-12T15:48:21.000Z,TRF_cqc5dfpgxwm9aj63,29197a82-1e45-438b-9021-cbd10c84b9aa,transportation,🚌,,,,8062483819,OPay Digital Services Limited (OPay),ABOSEDE OLUWABUKOLA SANUSI,9999910101929970501,,70811329-0e90-45f1-bf79-074a922c1974,29197a82-1e45-438b-9021-cbd10c84b9aa
6a7d6b86b078f566b649bc79,6a5c9ccb46ee4f42fbe9ce45,Deposit,SUCCESS,2026-08-13T07:00:22.538Z,2026-08-13T07:00:22.538Z,3000000,BANK-TRF,2026-08-13T07:00:21.000Z,100004260813065949168120692292,AUTH_lxy9hp7pjy,,,OLUFUNKE OMOWUNMI ADEBAYO,OPay Digital Services Limited (OPay),8035661285,,,,,,,
6a7d9809b078f566b649bd0e,691ec63d24cf6022a24d9775,Withdrawal,SUCCESS,2026-08-13T10:10:17.030Z,2026-08-13T10:10:18.988Z,319500,BANK-TRF,2026-08-13T10:10:16.000Z,TRF_z2tj0f4wzecxi4c9,62653a09-8752-490d-8d72-13951b2f99a2,transportation,🚌,,,,7800423715,Paystack MFB,PAYSTACK CHECKOUT,110006260813101014101950651401,,607a61ab-3c79-4159-b5c6-5d8348d0b26b,62653a09-8752-490d-8d72-13951b2f99a2
6a7d98a6b078f566b649bd5a,691ec63d24cf6022a24d9775,Withdrawal,SUCCESS,2026-08-13T10:12:54.309Z,2026-08-13T10:12:56.340Z,319500,BANK-TRF,2026-08-13T10:12:54.000Z,TRF_j4psycdegu7wz5w8,1f8926c2-175d-4d72-b476-8ae3e2ad0c11,transportation,🚌,,,,9889781874,Paystack-Titan,PAYSTACK CHECKOUT,110006260813101251101950725501,,a6c0355a-bfd5-499d-a02f-9f857d115859,1f8926c2-175d-4d72-b476-8ae3e2ad0c11
6a7dfabbb078f566b649c044,6a26d519648daaea32bfa659,Withdrawal,SUCCESS,2026-08-13T17:11:23.285Z,2026-08-13T17:11:24.279Z,430000,BANK-TRF,2026-08-13T17:11:23.000Z,TRF_yo46e06dzmhdl8cq,bdc42823-bc2a-4088-a94c-ae0d4f9b9475,alcohol,🍻,,,,6102897141,OPay Digital Services Limited (OPay),AWAISU IDRIS,110006260813171121101961232701,,dcf79ef4-9ab1-49fd-bd94-573287f8e87c,bdc42823-bc2a-4088-a94c-ae0d4f9b9475
6a7e29b9b078f566b649c0ad,6a26d519648daaea32bfa659,Deposit,SUCCESS,2026-08-13T20:31:53.052Z,2026-08-13T20:31:53.052Z,350000,BANK-TRF,2026-08-13T20:31:51.000Z,100004260813203133168203662723,AUTH_m6h74h168s,,,OLUWASEYI EMMANUEL ADEPEGBA,OPay Digital Services Limited (OPay),9074200565,,,,,,,
6a7ece4c20b8f9ad50d4109d,691ec63d24cf6022a24d9775,Withdrawal,SUCCESS,2026-08-14T08:14:04.003Z,2026-08-14T08:14:06.139Z,1562500,BANK-TRF,2026-08-14T08:14:03.000Z,TRF_3m5pmiexfomujhfn,79423cfa-2e54-4f2e-840a-67ada28dde89,shopping,🛍️,,,,9001841880,Guaranty Trust Bank,SQUAD ECOGAS  ENERGY RESOURCES LTD,110006260814081355101977484101,,d3d475ef-8d3f-407d-8742-e44446d55542,79423cfa-2e54-4f2e-840a-67ada28dde89
6a7f000f20b8f9ad50d41195,6a26d519648daaea32bfa659,Withdrawal,SUCCESS,2026-08-14T11:46:23.968Z,2026-08-14T11:46:26.011Z,300000,BANK-TRF,2026-08-14T11:46:23.000Z,TRF_zilh1iifcj7qgu3c,d9d4ab62-f874-46ba-a55c-4c9dd77bf39e,alcohol,🍻,,,,6425049730,OPay Digital Services Limited (OPay),FOLASHADE BOLANLE AHMADU,110006260814114622101984262801,,2b1fd677-50f4-4288-aea3-6161f3ebb086,d9d4ab62-f874-46ba-a55c-4c9dd77bf39e
6a7f019220b8f9ad50d41243,6a11a8b96bb1f3d6587ce0cc,Withdrawal,SUCCESS,2026-08-14T11:52:50.175Z,2026-08-14T11:52:51.139Z,1800000,BANK-TRF,2026-08-14T11:52:50.000Z,TRF_0zyttbg4g961gvqk,7511e5b0-906c-449d-b744-8b430a5e672d,maintenance,🔧,,,,9653727500,Providus Bank,VANT(Template Networks),110006260814115246101984567801,Tithe and offering ,d579e5f0-029c-45d1-b863-3a161af1b1fa,7511e5b0-906c-449d-b744-8b430a5e672d
6a7f025220b8f9ad50d412a8,6a11a8b96bb1f3d6587ce0cc,Withdrawal,SUCCESS,2026-08-14T11:56:02.234Z,2026-08-14T11:56:03.578Z,200000,BANK-TRF,2026-08-14T11:56:02.000Z,TRF_dl981nyqublr9see,c1ae80e2-03c8-4238-8c44-3c7c3d8cd62d,maintenance,🔧,,,,8131802019,PalmPay,OLAMIDE SEUN OLUWAFEMI,110006260814115559101984691501,Choir due,d7d12d79-d759-4bc0-a6ce-d2b0c29f9cf1,c1ae80e2-03c8-4238-8c44-3c7c3d8cd62d
6a7f02dc20b8f9ad50d412df,6a11a8b96bb1f3d6587ce0cc,Withdrawal,SUCCESS,2026-08-14T11:58:20.325Z,2026-08-14T11:58:22.373Z,1000000,BANK-TRF,2026-08-14T11:58:20.000Z,TRF_rma6vty8mag0muvx,61a46415-4032-4f95-a5c8-10a4eeb9e9ac,maintenance,🔧,,,,8165696419,Moniepoint MFB,OLUWAPELUMI OLUWAFUNMILAYO OMONIJE,505150101984784701,Home,45e50794-f3d4-4321-99ef-c39589e957a2,61a46415-4032-4f95-a5c8-10a4eeb9e9ac
6a7f152e20b8f9ad50d413e2,6a26d519648daaea32bfa659,Withdrawal,SUCCESS,2026-08-14T13:16:30.705Z,2026-08-14T13:16:32.813Z,360000,BANK-TRF,2026-08-14T13:16:30.000Z,TRF_nlja1dckaigavsix,2c750f36-67d1-4353-9e26-d7f2cd40549c,alcohol,🍻,,,,7010242696,OPay Digital Services Limited (OPay),SAMUEL OLUWASEUN OLA,9999910101987808501,,cb2474cc-dcb4-478e-a8e7-5f7f16b15600,2c750f36-67d1-4353-9e26-d7f2cd40549c
6a7f56ad20b8f9ad50d414e0,691ec63d24cf6022a24d9775,Withdrawal,SUCCESS,2026-08-14T17:55:57.169Z,2026-08-14T17:55:59.397Z,570000,BANK-TRF,2026-08-14T17:55:57.000Z,TRF_kkl4h79uzoffelqc,653f4ed4-d5ca-40dd-a2c3-7cf4db4a8718,food,🥑,,,,6116975574,OPay Digital Services Limited (OPay),The Place Ikoyi Plaza,110006260814175555101994545501,,3ba2a851-2501-4bb8-9964-f77b147e4b70,653f4ed4-d5ca-40dd-a2c3-7cf4db4a8718
6a8063621749580a364d1247,691ec63d24cf6022a24d9775,Deposit,SUCCESS,2026-08-15T13:02:26.975Z,2026-08-15T13:02:26.975Z,50000000,BANK-TRF,2026-08-15T13:02:25.000Z,00001320260815140221000000023213450,AUTH_l0svr4m4ip,,,KENT-ADEBAYO TAIWO OLAWUMI,Guaranty Trust Bank,0125547744,,,,,,,
6a809cb41749580a364d1376,6a5c9ccb46ee4f42fbe9ce45,Withdrawal,SUCCESS,2026-08-15T17:07:00.031Z,2026-08-15T17:07:02.148Z,5000000,BANK-TRF,2026-08-15T17:06:59.000Z,TRF_azbtj0r5nlxfies2,cd4d21e9-2172-46ef-8748-646942d4b664,Conference Hall,💳,,,,0050913166,Guaranty Trust Bank,OKUNEYE MOJOYIN YINKA,110006260815170657102024861601,LDT Conference ,a49b2c8e-9cbc-492a-ad22-2486f5ac02f9,cd4d21e9-2172-46ef-8748-646942d4b664
6a80ab341749580a364d1422,691ec63d24cf6022a24d9775,Deposit,SUCCESS,2026-08-15T18:08:52.323Z,2026-08-15T18:08:52.323Z,570000,BANK-TRF,2026-08-15T18:08:48.000Z,090267260815175355441100018272,AUTH_eeccsv63t2,,,IYANUOLUWA JOHN ADEBAYO,Kuda Bank,1100018272,,,,,,,
6a80cfa81749580a364d1505,691ec63d24cf6022a24d9775,Deposit,SUCCESS,2026-08-15T20:44:24.243Z,2026-08-15T20:44:24.243Z,15000000,BANK-TRF,2026-08-15T20:44:22.000Z,110006260815204401102031482001,AUTH_l7sl49za26,,,Paystack,,1017692813,,,,,,,
6a80d0391749580a364d158c,691ec63d24cf6022a24d9775,Withdrawal,SUCCESS,2026-08-15T20:46:49.912Z,2026-08-15T20:46:51.945Z,70000000,BANK-TRF,2026-08-15T20:46:49.000Z,TRF_djbw4z4f2swvqfms,595062d8-d305-4255-8f36-c8dfda0a9693,rent,🏠,,,,2006522850,Kuda Bank,Hafeez Opeyemi Adebiyi,110006260815204647102031582601,,050e1eab-9fe0-4718-9f7e-bab6dc6f8a43,595062d8-d305-4255-8f36-c8dfda0a9693
6a80de491749580a364d15aa,6a5c9ccb46ee4f42fbe9ce45,Deposit,SUCCESS,2026-08-15T21:46:49.545Z,2026-08-15T21:46:49.545Z,1000000,BANK-TRF,2026-08-15T21:46:48.000Z,100004260815214632168400315834,AUTH_kxpid0nv6a,,,OLUFUNKE OMOWUNMI ADEBAYO,OPay Digital Services Limited (OPay),8035661285,,,,,,,
6a80e7731749580a364d1639,691ec63d24cf6022a24d9775,Withdrawal,SUCCESS,2026-08-15T22:25:55.979Z,2026-08-15T22:25:57.946Z,1170000,BANK-TRF,2026-08-15T22:25:55.000Z,TRF_jv3u8yolol1pzd2j,8c7c65fe-f767-46b6-8a35-ed0ba3d8e653,food,🥑,,,,1408870785,Access Bank,EMMANUEL OLUWATOSIN OKOH,110006260815222554102035195001,,f61adc13-42ac-4d10-9311-bf28b8e6e05a,8c7c65fe-f767-46b6-8a35-ed0ba3d8e653
6a80e9561749580a364d1716,69a5bbdf659708be74a8365c,Withdrawal,SUCCESS,2026-08-15T22:33:58.875Z,2026-08-15T22:34:00.900Z,1000000,BANK-TRF,2026-08-15T22:33:58.000Z,TRF_oithuq4or3sqselw,ff235801-1b19-4552-be1c-60f3d846ebb5,internet,🌐,,,,8147323999,OPay Digital Services Limited (OPay),JAMES JESUGBEMILEKE KEHINDE,9999910102035362801,,b606d92a-0b7f-4b28-9fea-e342a4700b26,ff235801-1b19-4552-be1c-60f3d846ebb5
6a81585748f2dcfb0bfd8e84,691ec63d24cf6022a24d9775,Withdrawal,SUCCESS,2026-08-16T06:27:35.767Z,2026-08-16T06:27:37.658Z,1000000,BANK-TRF,2026-08-16T06:27:35.000Z,TRF_n9oshsbmv2glq14x,b65121ac-e2a5-4dea-9120-f036dd9fab1a,fuel,⛽,,,,8141548864,Moniepoint MFB,KEHINDE DAMILOLA SAMSON,505150102040844001,,2c0abf3e-e1f3-4853-9fe3-88df4c2b31aa,b65121ac-e2a5-4dea-9120-f036dd9fab1a
6a81a19048f2dcfb0bfd8f3d,691ec63d24cf6022a24d9775,Withdrawal,SUCCESS,2026-08-16T11:40:00.183Z,2026-08-16T11:40:02.230Z,500000,BANK-TRF,2026-08-16T11:39:59.000Z,TRF_jshnbwpub7rhnzzj,26889049-afe8-41fe-8b35-a9108ec11bf6,food,🥑,,,,8024357295,Moniepoint MFB,GRACE OLAKUNLE TAIWO,505150102047716501,,388b50db-bf83-4e27-baee-5f730b73d95b,26889049-afe8-41fe-8b35-a9108ec11bf6
6a81a54448f2dcfb0bfd8f8a,691ec63d24cf6022a24d9775,Withdrawal,SUCCESS,2026-08-16T11:55:48.309Z,2026-08-16T11:55:50.339Z,100000,BANK-TRF,2026-08-16T11:55:48.000Z,TRF_zh1r8ydcll5mvp1p,3cb1cd88-5538-4742-add0-e2ea23028dcf,transportation,🚌,,,,8025110373,OPay Digital Services Limited (OPay),ADEDOYIN ROSELINE ADESANYA,9999910102048081301,,3d289b3e-50d2-4fac-92d6-c8f8e3aacdd1,3cb1cd88-5538-4742-add0-e2ea23028dcf
6a81ae9848f2dcfb0bfd9088,691ec63d24cf6022a24d9775,Withdrawal,SUCCESS,2026-08-16T12:35:36.674Z,2026-08-16T12:35:38.659Z,1080000,BANK-TRF,2026-08-16T12:35:36.000Z,TRF_37pk6y3p630ncfrs,b424ab4c-cd1b-498a-a8fa-d69272780a05,food,🥑,,,,5415053477,Moniepoint MFB,FATGBEMS ABEOKUTA CHICKEN REPUBLIC,505150102049092901,,be9af6b3-de94-42bd-bd95-a9c300cc90fa,b424ab4c-cd1b-498a-a8fa-d69272780a05
6a81cfe548f2dcfb0bfd919a,69a5bbdf659708be74a8365c,Withdrawal,SUCCESS,2026-08-16T14:57:41.700Z,2026-08-16T14:57:43.960Z,1350000,BANK-TRF,2026-08-16T14:57:41.000Z,TRF_0aim85rfiv5mdrti,6118eb97-6445-40b1-b796-8dd07c80e2c9,food,🥑,,,,7036617718,OPay Digital Services Limited (OPay),ESTHER OMOREMI KEHINDE,9999910102052796901,,445bf6cf-cf03-4412-92db-349d842baa8c,6118eb97-6445-40b1-b796-8dd07c80e2c9
6a8203da48f2dcfb0bfd923b,691ec63d24cf6022a24d9775,Withdrawal,SUCCESS,2026-08-16T18:39:22.237Z,2026-08-16T18:39:24.450Z,150000,BANK-TRF,2026-08-16T18:39:22.000Z,TRF_gzu23isa3zva2gbu,01242fa3-701d-4bf0-8b98-667327bc7d00,transportation,🚌,,,,7052664930,OPay Digital Services Limited (OPay),REMILEKUN FUNMILAYO ANDREW,9999910102060352501,,7ad9f61b-fb3e-4c1a-ac4d-97bcd528e80e,01242fa3-701d-4bf0-8b98-667327bc7d00
6a82164048f2dcfb0bfd92a7,6a22e229e4f1fd71697c620c,Withdrawal,SUCCESS,2026-08-16T19:57:52.406Z,2026-08-16T19:57:54.622Z,600000,BANK-TRF,2026-08-16T19:57:52.000Z,TRF_4wj8omoe8gg2ddcd,61b0f779-1edf-484f-994a-a1f5ffbe6213,groceries,🛒,,,,9037349254,Moniepoint MFB,TEMILOLUWA MIRACLE ADENUGA,505150102062923501,,a10fb3f1-319e-4018-b9be-b86eeffa97f2,61b0f779-1edf-484f-994a-a1f5ffbe6213
6a828e643bf5e74944cb4623,69e90ff90e3248acf149d236,Deposit,SUCCESS,2026-08-17T04:30:28.882Z,2026-08-17T04:30:28.882Z,2500000,BANK-TRF,2026-08-17T04:30:27.000Z,00002720260817052951225312273294109,AUTH_ieiuz440k7,,,,,,,,,,,,
6a8297153bf5e74944cb46ad,69e90ff90e3248acf149d236,Withdrawal,SUCCESS,2026-08-17T05:07:33.474Z,2026-08-17T05:07:35.635Z,500000,BANK-TRF,2026-08-17T05:07:33.000Z,TRF_1yj74zlpmywxw20f,a607119f-63e6-44c8-a422-2370bdeb24bb,food,🥑,,,,8168609763,Moniepoint MFB,COVENANT OLUWAYINKA,505150102070860801,,8ff7a048-599d-4954-9d8d-2c8800afa19f,a607119f-63e6-44c8-a422-2370bdeb24bb
6a82d4523bf5e74944cb4764,691ec63d24cf6022a24d9775,Withdrawal,SUCCESS,2026-08-17T09:28:50.642Z,2026-08-17T09:28:52.701Z,2500000,BANK-TRF,2026-08-17T09:28:50.000Z,TRF_j8egdth3t5c50qn1,568d1349-35c2-466f-a512-787743a33413,internet,🌐,,,,9881423503,Paystack-Titan,PAYSTACK CHECKOUT,110006260817092848102077875801,,118a97e9-a34e-4057-b343-1bf1ebc3cd4d,568d1349-35c2-466f-a512-787743a33413
6a82d9953bf5e74944cb47e6,691ec63d24cf6022a24d9775,Withdrawal,SUCCESS,2026-08-17T09:51:17.339Z,2026-08-17T09:51:19.375Z,200000,BANK-TRF,2026-08-17T09:51:17.000Z,TRF_40q2kosz63u68684,0021d9bd-6873-4590-9d62-d289798599f0,transportation,🚌,,,,5290948570,Moniepoint MFB,IYANUOLUWA JOHN ADEBAYO,505150102078502401,,b7089494-b20e-42d3-a0c8-1e19391ba18b,0021d9bd-6873-4590-9d62-d289798599f0
6a82dbb13bf5e74944cb4871,691ec63d24cf6022a24d9775,Withdrawal,SUCCESS,2026-08-17T10:00:17.133Z,2026-08-17T10:00:19.144Z,150000,BANK-TRF,2026-08-17T10:00:17.000Z,TRF_91zij28u3ymznv2i,207ed1e4-562a-4d72-b62c-9352ba1561cf,food,🥑,,,,8137537408,OPay Digital Services Limited (OPay),KEMI SOBAYO,110006260817100014102078750401,,b7e3f4a5-3239-49ef-a293-7718da434cbc,207ed1e4-562a-4d72-b62c-9352ba1561cf
6a82ddeb3bf5e74944cb48fb,6a12e950b03e0745adb1b72e,Withdrawal,SUCCESS,2026-08-17T10:09:47.757Z,2026-08-17T10:09:49.824Z,1450000,BANK-TRF,2026-08-17T10:09:47.000Z,TRF_lek49agfg4dkh1aa,c473a3e5-97f0-4575-a04a-dd92b0d97bcd,donation,🙏,,,,3042611620,Polaris Bank,"OPTIMUM STANDARD, SCHOOL FINANCE",110006260817100946102079041901,School uniform ,5e46ad18-0126-4555-81f7-ed1f27f2b948,c473a3e5-97f0-4575-a04a-dd92b0d97bcd
6a82df083bf5e74944cb49ca,6a12e950b03e0745adb1b72e,Withdrawal,SUCCESS,2026-08-17T10:14:32.706Z,2026-08-17T10:14:34.653Z,3350000,BANK-TRF,2026-08-17T10:14:32.000Z,TRF_de41enjozh9iim73,4f1b6557-4ac9-4c4c-b99c-809bc70f0731,bankFees,🏦,,,,8169246099,OPay Digital Services Limited (OPay),BUKOLA JANET JEGEDE,110006260817101429102079194201,School uniform ,0c51fe0b-37ed-46f9-be25-d9c525f72e3a,4f1b6557-4ac9-4c4c-b99c-809bc70f0731
6a82df6d3bf5e74944cb4a1d,6a12e950b03e0745adb1b72e,Withdrawal,SUCCESS,2026-08-17T10:16:13.593Z,2026-08-17T10:16:15.634Z,200000,BANK-TRF,2026-08-17T10:16:13.000Z,TRF_qnsnxfhpswnned2k,95461c89-2d24-4a01-ba4c-c616326afd97,bankFees,🏦,,,,3042611620,Polaris Bank,"OPTIMUM STANDARD, SCHOOL FINANCE",110006260817101611102079251601,School uniform ,1fda54d3-6425-4950-8070-adf07f32dd52,95461c89-2d24-4a01-ba4c-c616326afd97
6a82dfd43bf5e74944cb4a6f,6a12e950b03e0745adb1b72e,Withdrawal,SUCCESS,2026-08-17T10:17:56.780Z,2026-08-17T10:17:58.793Z,200000,BANK-TRF,2026-08-17T10:17:56.000Z,TRF_rii1it8oagrj8pfw,f194e67f-d41f-4f80-8725-9abe00c26788,bankFees,🏦,,,,8169246099,OPay Digital Services Limited (OPay),BUKOLA JANET JEGEDE,110006260817101755102079298301,,954c27ca-595d-4c79-82a2-de7b6d936dcb,f194e67f-d41f-4f80-8725-9abe00c26788
6a82e2853bf5e74944cb4b01,6a12e950b03e0745adb1b72e,Withdrawal,SUCCESS,2026-08-17T10:29:25.769Z,2026-08-17T10:29:27.915Z,50000,BANK-TRF,2026-08-17T10:29:25.000Z,TRF_9ecil0xeykadrvb4,30e2da67-e688-47b4-8371-2cc13d6c40f5,bankFees,🏦,,,,8026953519,OPay Digital Services Limited (OPay),CHINENYE SALOME SAMUEL,110006260817102923102079593101,,a9edc4cf-d233-4b77-a9aa-25bf112b885d,30e2da67-e688-47b4-8371-2cc13d6c40f5
6a82e4513bf5e74944cb4bb2,6a75cde8bd65114e86c79a03,Withdrawal,SUCCESS,2026-08-17T10:37:05.027Z,2026-08-17T10:37:06.021Z,200000,BANK-TRF,2026-08-17T10:37:04.000Z,TRF_dmvt6zu8243usxvp,fab7df73-1707-45a4-8487-54f6927c394e,books,📚,,,,5600238863,Moniepoint MFB,POS Transfer - AMAKA EZEOBI,505150102079814401,,73cc1613-4757-48dd-bae0-b11206e3b30a,fab7df73-1707-45a4-8487-54f6927c394e
6a82e6603bf5e74944cb4bcb,6a12e950b03e0745adb1b72e,Deposit,SUCCESS,2026-08-17T10:45:52.335Z,2026-08-17T10:45:52.335Z,400000,BANK-TRF,2026-08-17T10:45:50.000Z,100033260817104542260225313814,AUTH_2ts38ninns,,,ADEJOKE OLUBUNMI OGUNDEJI,PalmPay,9168591160,,,,,,,
6a82e6bc3bf5e74944cb4c25,6a75cde8bd65114e86c79a03,Withdrawal,SUCCESS,2026-08-17T10:47:24.037Z,2026-08-17T10:47:25.024Z,20000,BANK-TRF,2026-08-17T10:47:23.000Z,TRF_te6kblys4cpopv67,ba697a40-4c33-472b-b499-0ebfc6841f0a,books,📚,,,,8181369636,OPay Digital Services Limited (OPay),KABIRU  SHITTU,110006260817104721102080105201,,a9671e0b-ea39-4a7b-8fce-74dad2d20707,ba697a40-4c33-472b-b499-0ebfc6841f0a
6a82e7bc3bf5e74944cb4c6e,6a75cde8bd65114e86c79a03,Withdrawal,SUCCESS,2026-08-17T10:51:40.671Z,2026-08-17T10:51:41.669Z,130000,BANK-TRF,2026-08-17T10:51:40.000Z,TRF_qfzk5n4zsvvjy313,25506ab5-4ad0-444d-bd38-b55e6d65d892,books,📚,,,,6142323223,OPay Digital Services Limited (OPay),AISHAT OLAYINKA OLAYEMI,110006260817105138102080218401,,73d7edd1-912e-4a3b-8a91-b806c1d81a00,25506ab5-4ad0-444d-bd38-b55e6d65d892
6a82e7d03bf5e74944cb4c85,6a12e950b03e0745adb1b72e,Deposit,SUCCESS,2026-08-17T10:52:00.970Z,2026-08-17T10:52:00.970Z,200000,BANK-TRF,2026-08-17T10:51:50.000Z,090405260817115142594470264268,AUTH_6zbuj22bvi,,,GABRIEL OLUWASEUN OLA,Moniepoint MFB,5249487354,,,,,,,
6a82e8a23bf5e74944cb4d86,6a12e950b03e0745adb1b72e,Withdrawal,SUCCESS,2026-08-17T10:55:30.648Z,2026-08-17T10:55:32.730Z,1000000,BANK-TRF,2026-08-17T10:55:30.000Z,TRF_1vztiebbcee6ar7a,95c052ee-e848-4881-8e75-4f1d12470207,books,📚,,,,9168591160,PalmPay,ADEJOKE OLUBUNMI OGUNDEJI,110006260817105528102080321801,,4f85c579-d02a-4b61-8552-b361edd163f4,95c052ee-e848-4881-8e75-4f1d12470207
6a82e8cf3bf5e74944cb4dcf,6a12e950b03e0745adb1b72e,Withdrawal,SUCCESS,2026-08-17T10:56:15.870Z,2026-08-17T10:56:17.905Z,360000,BANK-TRF,2026-08-17T10:56:15.000Z,TRF_jte8hvnp9md1jwbp,cd633298-e4e0-413d-9fab-13baf1ca0b80,donation,🙏,,,,9168591160,PalmPay,ADEJOKE OLUBUNMI OGUNDEJI,110006260817105613102080341701,,d5d487ec-fb82-4e77-b3ab-fd4c598537ca,cd633298-e4e0-413d-9fab-13baf1ca0b80
6a82e9003bf5e74944cb4e17,6a12e950b03e0745adb1b72e,Withdrawal,SUCCESS,2026-08-17T10:57:04.917Z,2026-08-17T10:57:06.968Z,200000,BANK-TRF,2026-08-17T10:57:04.000Z,TRF_012txdcl3rho1y9s,753c09f0-855e-4851-adb1-d430198e08a2,bankFees,🏦,,,,9168591160,PalmPay,ADEJOKE OLUBUNMI OGUNDEJI,110006260817105702102080365401,,fcdf5a38-d908-45ad-ab15-38af715a0092,753c09f0-855e-4851-adb1-d430198e08a2
6a82e94b3bf5e74944cb4e49,6a12e950b03e0745adb1b72e,Deposit,SUCCESS,2026-08-17T10:58:19.636Z,2026-08-17T10:58:19.636Z,800000,BANK-TRF,2026-08-17T10:58:18.000Z,100033260817105802874715798321,AUTH_jqe7rym0c1,,,ADEJOKE OLUBUNMI OGUNDEJI,PalmPay,9168591160,,,,,,,
6a82e96a3bf5e74944cb4e51,6a12e950b03e0745adb1b72e,Deposit,SUCCESS,2026-08-17T10:58:50.804Z,2026-08-17T10:58:50.804Z,750000,BANK-TRF,2026-08-17T10:58:49.000Z,100033260817105819569093855142,AUTH_s0c0qty5zp,,,ADEJOKE OLUBUNMI OGUNDEJI,PalmPay,9168591160,,,,,,,
6a82ead03bf5e74944cb4f53,6a75cde8bd65114e86c79a03,Withdrawal,SUCCESS,2026-08-17T11:04:48.001Z,2026-08-17T11:04:48.973Z,270000,BANK-TRF,2026-08-17T11:04:47.000Z,TRF_plor4gn8dsrj6f9l,42fa6552-fdd4-4f1d-857a-4598cf94a7f2,books,📚,,,,5235622523,Moniepoint MFB,POS Transfer-ABOSEDE CHRISTIANA SOMUYIWA,505150102080583301,,7aee05e2-34bb-42a4-af55-bfdbec767234,42fa6552-fdd4-4f1d-857a-4598cf94a7f2
6a82eb0d3bf5e74944cb4f98,6a12e950b03e0745adb1b72e,Withdrawal,SUCCESS,2026-08-17T11:05:49.826Z,2026-08-17T11:05:50.826Z,500000,BANK-TRF,2026-08-17T11:05:49.000Z,TRF_4h3bbzn9kzbwzqkq,ee4dc274-5743-4ad2-88a6-b1d0a5b3e5f4,education,🎓,,,,9168591160,PalmPay,ADEJOKE OLUBUNMI OGUNDEJI,110006260817110547102080608201,,6645cb88-b0f2-45aa-b336-8889ded617c7,ee4dc274-5743-4ad2-88a6-b1d0a5b3e5f4
6a82eb4b3bf5e74944cb5003,6a12e950b03e0745adb1b72e,Deposit,SUCCESS,2026-08-17T11:06:51.045Z,2026-08-17T11:06:51.045Z,500000,BANK-TRF,2026-08-17T11:06:49.000Z,100033260817110618632459951029,AUTH_6valnpjklm,,,ADEJOKE OLUBUNMI OGUNDEJI,PalmPay,9168591160,,,,,,,
6a82ecea3bf5e74944cb5094,6a75cde8bd65114e86c79a03,Withdrawal,SUCCESS,2026-08-17T11:13:46.140Z,2026-08-17T11:13:48.194Z,2020000,BANK-TRF,2026-08-17T11:13:46.000Z,TRF_f8dd9xx8otn8yy1y,f82eba80-747f-426b-aac5-6b9f0a60024a,books,📚,,,,9160675332,OPay Digital Services Limited (OPay),AISHAT OLUWAKEMI MORAKINYO,110006260817111343102080814201,,241de0dc-2ca8-4ca8-bbce-0a5282d8e02a,f82eba80-747f-426b-aac5-6b9f0a60024a
6a8317a03bf5e74944cb51e9,691ec63d24cf6022a24d9775,Withdrawal,SUCCESS,2026-08-17T14:16:00.404Z,2026-08-17T14:16:02.539Z,10000,BANK-TRF,2026-08-17T14:16:00.000Z,TRF_tjdmxieeyhqwzvp8,e9103551-a30c-4756-82b1-b2cc32d2fd90,transportation,🚌,,,,8101799492,OPay Digital Services Limited (OPay),IYANUOLUWA JOHN ADEBAYO,110006260817141557102085283001,,aa1d25fd-72a8-4141-8e2a-9884e1f07467,e9103551-a30c-4756-82b1-b2cc32d2fd90
6a8337773bf5e74944cb52f3,69f78c7bcc23bbbf0663dcf6,Deposit,SUCCESS,2026-08-17T16:31:51.002Z,2026-08-17T16:31:51.002Z,150000,BANK-TRF,2026-08-17T16:31:49.000Z,100004260817163129168544727819,AUTH_kq4xiprr6f,,,VICTOR DOMINIC OGBODE,OPay Digital Services Limited (OPay),9137151006,,,,,,,
6a83759d3bf5e74944cb54ba,69f78c7bcc23bbbf0663dcf6,Withdrawal,SUCCESS,2026-08-17T20:57:01.499Z,2026-08-17T20:57:02.487Z,80000,BANK-TRF,2026-08-17T20:57:01.000Z,TRF_bzr9ob2nkuww6esy,822b679a-2935-478a-8e2e-c4f6e0172a63,food,🥑,,,,8059227220,OPay Digital Services Limited (OPay),OLUWAYEMISI JOKOTADE ISHOLA,110006260817205659102095189701,,c44f94df-b414-4633-a586-bea34e6aa13b,822b679a-2935-478a-8e2e-c4f6e0172a63
6a840ae2b5b312268a727971,6a22e229e4f1fd71697c620c,Deposit,SUCCESS,2026-08-18T07:33:54.352Z,2026-08-18T07:33:54.352Z,100000,BANK-TRF,2026-08-18T07:33:53.000Z,100033260818073323111724415191,AUTH_qgrz0svlyi,,,ADENIKE BOSE ADENUGA,PalmPay,8154656380,,,,,,,
6a840b1db5b312268a727979,6a22e229e4f1fd71697c620c,Deposit,SUCCESS,2026-08-18T07:34:53.060Z,2026-08-18T07:34:53.060Z,300000,BANK-TRF,2026-08-18T07:34:51.000Z,100033260818073443256655731494,AUTH_9jqv4ukixa,,,ADENIKE BOSE ADENUGA,PalmPay,8154656380,,,,,,,
6a842486b5b312268a7279bd,6a11a8b96bb1f3d6587ce0cc,Deposit,SUCCESS,2026-08-18T09:23:18.202Z,2026-08-18T09:23:18.202Z,2500000,BANK-TRF,2026-08-18T09:23:17.000Z,000008260818102245365452066309,AUTH_buhqpi1zb4,,,ADEGBUYI OLUBUNMI OLAJUMOKE,Polaris Bank,1761120698,,,,,,,
6a8468bab5b312268a727af9,6947e8c95dad1006b656f640,Deposit,SUCCESS,2026-08-18T14:14:18.293Z,2026-08-18T14:14:18.293Z,15000000,BANK-TRF,2026-08-18T14:14:17.000Z,100004260818141346168625864282,AUTH_4877gwzmqk,,,GEORGE OMOGBOLAHAN IBITOYE,OPay Digital Services Limited (OPay),9035255620,,,,,,,
6a84699cb5b312268a727b7f,691ec63d24cf6022a24d9775,Withdrawal,SUCCESS,2026-08-18T14:18:04.845Z,2026-08-18T14:18:06.714Z,1000000,BANK-TRF,2026-08-18T14:18:04.000Z,TRF_bt7v653cju1gimqu,5ae219f5-f6ff-410a-8c67-1ac277a9c5c4,Car Maintenance ,🚲,,,,1516903016,Access Bank,WARIS ABIODUN SOBOLA,110006260818141802102116042701,,b274b8d0-1e26-4b01-b9a4-c54621ccaff1,5ae219f5-f6ff-410a-8c67-1ac277a9c5c4
6a84710eb5b312268a727c04,691ec63d24cf6022a24d9775,Withdrawal,SUCCESS,2026-08-18T14:49:50.457Z,2026-08-18T14:49:52.575Z,510000,BANK-TRF,2026-08-18T14:49:50.000Z,TRF_vhp4wj0b4ecvvkg4,e5d7b58b-df2b-41a7-b8ee-bda562b8ea0d,electricity,💡,,,,9001921995,BuyPower MFB,BuyPower-45702665436,110006260818144946102117346301,,882bd1f9-b416-4022-ad4a-e748f554d125,e5d7b58b-df2b-41a7-b8ee-bda562b8ea0d
6a847608b5b312268a727cce,69f78c7bcc23bbbf0663dcf6,Withdrawal,SUCCESS,2026-08-18T15:11:04.137Z,2026-08-18T15:11:06.244Z,70000,BANK-TRF,2026-08-18T15:11:04.000Z,TRF_qydfl0hevbt29940,eba9dde6-ecce-4d3a-9c5b-9727bf82305f,food,🥑,,,,9021971769,OPay Digital Services Limited (OPay),GABRIEL ONAH UNAH,110006260818151102102118523401,,8fd4f1ea-b3ee-4d4f-a719-4cf2ae160c41,eba9dde6-ecce-4d3a-9c5b-9727bf82305f
6a848544b5b312268a727db0,69a5bbdf659708be74a8365c,Withdrawal,SUCCESS,2026-08-18T16:16:04.854Z,2026-08-18T16:16:06.932Z,1000000,BANK-TRF,2026-08-18T16:16:04.000Z,TRF_06nps6om067c4t2s,ef49734c-8633-4963-87ee-2b472b0f8254,internet,🌐,,,,8147323999,OPay Digital Services Limited (OPay),JAMES JESUGBEMILEKE KEHINDE,110006260818161602102121715501,,d0292b93-4768-4788-b983-5e2912fa1553,ef49734c-8633-4963-87ee-2b472b0f8254
6a85538b6be729102ac63e90,6a36a8e6521b171c1c7bb2ac,Withdrawal,SUCCESS,2026-08-19T06:56:11.100Z,2026-08-19T06:56:13.207Z,500000,BANK-TRF,2026-08-19T06:56:10.000Z,TRF_xnntg7cr7pnv0y3n,6fc4f226-9b1f-4b82-9af2-9a3f007487b6,food,🥑,,,,8109141481,OPay Digital Services Limited (OPay),OLUWAKOYIPADA EWAOLUWA OKE,110006260819065608102135140201,Food,c367a8d1-7582-4569-a064-f51c2202d6ff,6fc4f226-9b1f-4b82-9af2-9a3f007487b6
6a8579486be729102ac63f43,69e90ff90e3248acf149d236,Withdrawal,SUCCESS,2026-08-19T09:37:12.691Z,2026-08-19T09:37:13.712Z,260000,BANK-TRF,2026-08-19T09:37:12.000Z,TRF_wtosh80nip3qottr,54b7d5f0-4018-430d-b037-ab778f4381f5,food,🥑,,,,8068726532,OPay Digital Services Limited (OPay),TESTIMONY MORENIKE BANKOLE,110006260819093710102139130901,,964e69a0-79ae-440f-a4c6-2248d9834b76,54b7d5f0-4018-430d-b037-ab778f4381f5
6a8579fe6be729102ac63f8a,69e90ff90e3248acf149d236,Withdrawal,SUCCESS,2026-08-19T09:40:14.931Z,2026-08-19T09:40:16.974Z,200000,BANK-TRF,2026-08-19T09:40:14.000Z,TRF_y5i06qgitt7chlgg,445a540b-b5d0-474a-b9b2-edb713676e10,food,🥑,,,,8069091718,OPay Digital Services Limited (OPay),CONSTANCE ONYEKWULULECHI OLUWAYINKA,110006260819094012102139203001,,c54a6c8c-aa53-4799-bb15-44e62108695c,445a540b-b5d0-474a-b9b2-edb713676e10
6a8587076be729102ac6408a,6a8585776be729102ac6400f,Deposit,SUCCESS,2026-08-19T10:35:51.031Z,2026-08-19T10:35:51.031Z,50000,BANK-TRF,2026-08-19T10:35:49.000Z,100004260819103525168699448177,AUTH_9bgjkct6ba,,,BRIGHT OLUWADARASIMI OMOLAOLU,OPay Digital Services Limited (OPay),8067545392,,,,,,,
6a85e0016be729102ac64241,691ec63d24cf6022a24d9775,Withdrawal,SUCCESS,2026-08-19T16:55:29.910Z,2026-08-19T16:55:32.039Z,1000000,BANK-TRF,2026-08-19T16:55:29.000Z,TRF_b8qmc5p0uqxik7v1,8d484e87-89c5-40ad-a195-f766d2637d96,insurance,🛡️,,,,3054020345,First Bank of Nigeria,ODUOLA TEMITOPE SERAH,110006260819165527102150072801,,b2741e0e-9b45-4e4a-8bc0-562d4648790d,8d484e87-89c5-40ad-a195-f766d2637d96
6a85e17d6be729102ac6425d,691ec63d24cf6022a24d9775,Deposit,SUCCESS,2026-08-19T17:01:49.056Z,2026-08-19T17:01:49.056Z,2000000,BANK-TRF,2026-08-19T17:01:47.000Z,110006260819170122102150195201,AUTH_g9v5c1s2ek,,,Paystack,,1017692813,,,,,,,
6a85e4366be729102ac642d9,691ec63d24cf6022a24d9775,Withdrawal,SUCCESS,2026-08-19T17:13:26.308Z,2026-08-19T17:13:28.317Z,1764500,BANK-TRF,2026-08-19T17:13:26.000Z,TRF_rriwmmxj6ajgsosk,d34a7bb4-75f6-425d-9209-3b4a74661fd6,food,🥑,,,,5820653541,Moniepoint MFB,JUST RITE LIMITED - Justrite Kemta Abeokuta,505150102150474901,,30f95445-881c-4570-b7eb-8e93fb2937dd,d34a7bb4-75f6-425d-9209-3b4a74661fd6
6a86243b6be729102ac643e0,69a5bbdf659708be74a8365c,Withdrawal,SUCCESS,2026-08-19T21:46:35.795Z,2026-08-19T21:46:37.917Z,1000000,BANK-TRF,2026-08-19T21:46:35.000Z,TRF_efkubq94y9xsn9gf,e76c72d5-03c4-4371-a018-8b1075daa62c,internet,🌐,,,,8147323999,OPay Digital Services Limited (OPay),JAMES JESUGBEMILEKE KEHINDE,110006260819214634102157926201,,3585e7a3-bcf0-4eac-8eb7-ad8cb1e90121,e76c72d5-03c4-4371-a018-8b1075daa62c
6a86d64da027a2d26d9deb85,691ec63d24cf6022a24d9775,Deposit,SUCCESS,2026-08-20T10:26:21.969Z,2026-08-20T10:26:21.969Z,200000000,BANK-TRF,2026-08-20T10:26:20.000Z,000013260820112609000034552633,AUTH_n2zmmar6i4,,,ADEBAYO JONATHAN ADEREMI,Guaranty Trust Bank,0050909989,,,,,,,
6a86ff49a027a2d26d9deb94,69f78c7bcc23bbbf0663dcf6,Deposit,SUCCESS,2026-08-20T13:21:13.732Z,2026-08-20T13:21:13.732Z,10000,BANK-TRF,2026-08-20T13:21:12.000Z,09FG260729183610835V6RL60,AUTH_3vkz1nd1jl,,,,,,,,,,,,
6a870e87a027a2d26d9dec8e,6947e8c95dad1006b656f640,Withdrawal,SUCCESS,2026-08-20T14:26:15.420Z,2026-08-20T14:26:17.542Z,25000000,BANK-TRF,2026-08-20T14:26:15.000Z,TRF_fov22cq6n4ei9n0v,13cb9656-413c-4862-91cf-e30700987ce2,rent,🏠,,,,0037836532,Access Bank,SARAFADEEN AJANI BADA,110006260820142613102179286201,Part payment for rent ,93b18abc-05c7-4e98-814f-cf3a375414e6,13cb9656-413c-4862-91cf-e30700987ce2
6a873eb5a027a2d26d9ded60,6a3f049ecf0a45b0826a06fb,Deposit,SUCCESS,2026-08-20T17:51:49.169Z,2026-08-20T17:51:49.169Z,99766500,BANK-TRF,2026-08-20T17:51:47.000Z,090405260820185116831612810723,AUTH_8dqj5hhc4v,,,Grey L2L,Moniepoint MFB,5293028398,,,,,,,
6a88858ccd6d0a415384c857,691ec63d24cf6022a24d9775,Deposit,PENDING,2026-08-21T17:06:20.811Z,2026-08-21T17:06:20.811Z,10000,,,,,,,,,,,,,,,,
6a89c0e44e2608b51b753bc2,6947e8c95dad1006b656f640,Deposit,SUCCESS,2026-08-22T15:31:48.160Z,2026-08-22T15:31:48.160Z,8500000,BANK-TRF,2026-08-22T15:31:46.000Z,100033260822153125139752115480,AUTH_pcgasbjgan,,,BOLUWATIFE OMOWUNMI ADESINA,PalmPay,8156395874,,,,,,,
6a8b34ba2cdab3f4b65e7ab6,69e90ff90e3248acf149d236,Deposit,SUCCESS,2026-08-23T17:58:18.532Z,2026-08-23T17:58:18.532Z,6000000,BANK-TRF,2026-08-23T17:58:17.000Z,100004260823175811169111758174,AUTH_qxvnumz09i,,,OLUBUKUNOLA OLABAMIDE ODUWOBI,OPay Digital Services Limited (OPay),8111282296,,,,,,,
6a8b41252cdab3f4b65e7abe,69e90ff90e3248acf149d236,Deposit,SUCCESS,2026-08-23T18:51:17.869Z,2026-08-23T18:51:17.869Z,5500000,BANK-TRF,2026-08-23T18:51:16.000Z,000014260823195107236433294702,AUTH_v8r0riop47,,,OLUWAMUYIWA AYOMIDE SOTUNDE,Access Bank,1986914327,,,,,,,
6a8c28806c6b01f894ea95d8,69a5bbdf659708be74a8365c,Withdrawal,SUCCESS,2026-08-24T11:18:24.349Z,2026-08-24T11:18:26.501Z,800000,BANK-TRF,2026-08-24T11:18:24.000Z,TRF_ha553299rdprpuvl,3857bf32-916e-42ec-b4c5-a8c6dd599dcf,internet,🌐,,,,8143843240,OPay Digital Services Limited (OPay),JAMES JESUGBEMILEKE KEHINDE,110006260824111822102315693101,,b4f638d5-e4c3-458f-a7a9-249abafc1972,3857bf32-916e-42ec-b4c5-a8c6dd599dcf
6a8c3dfd6c6b01f894ea96f8,69e90ff90e3248acf149d236,Withdrawal,SUCCESS,2026-08-24T12:50:05.764Z,2026-08-24T12:50:07.841Z,500000,BANK-TRF,2026-08-24T12:50:05.000Z,TRF_v2dbfgkmdhmqhh7h,6fc0f68b-2f49-4578-a8bd-7b1d4be2fb8c,food,🥑,,,,8168609763,Moniepoint MFB,COVENANT OLUWAYINKA,505150102319045301,,d0749979-d795-43c1-aab4-7161a5bd0445,6fc0f68b-2f49-4578-a8bd-7b1d4be2fb8c
6a8c55b66c6b01f894ea9781,69e90ff90e3248acf149d236,Withdrawal,SUCCESS,2026-08-24T14:31:18.835Z,2026-08-24T14:31:19.798Z,540000,BANK-TRF,2026-08-24T14:31:18.000Z,TRF_x7g5f6j3c4wsozg3,9c2fb35e-5916-40cd-9dad-3b8baac480d2,food,🥑,,,,8168609763,Moniepoint MFB,COVENANT OLUWAYINKA,505150102322392101,,a13abdd9-4adc-45d8-9579-6ebd9ae97829,9c2fb35e-5916-40cd-9dad-3b8baac480d2
6a8c63976c6b01f894ea982e,69e90ff90e3248acf149d236,Withdrawal,SUCCESS,2026-08-24T15:30:31.891Z,2026-08-24T15:30:34.204Z,5500000,BANK-TRF,2026-08-24T15:30:31.000Z,TRF_ujqlogcz4r4zjdi6,043c574b-3e27-4e3f-a842-3a6104543903,food,🥑,,,,2122077272,Zenith Bank,EMMANUEL OLUSEGUN ADOUWEKONOU,110006260824153028102324201301,French class,22ee9a8b-94d9-4d11-ad8c-2452bd0602ff,043c574b-3e27-4e3f-a842-3a6104543903
6a8c8ae06c6b01f894ea98fe,691ec63d24cf6022a24d9775,Withdrawal,SUCCESS,2026-08-24T18:18:08.417Z,2026-08-24T18:18:10.662Z,5000000,BANK-TRF,2026-08-24T18:18:08.000Z,TRF_9r1s3qi8oyxixtx4,e7cd403a-8620-4ff0-aba1-a16ff2a11494,entertainment,🎮,,,,8101799492,OPay Digital Services Limited (OPay),IYANUOLUWA JOHN ADEBAYO,110006260824181806102329062201,,92757d10-2005-4a7f-9532-8fddf1fc97dd,e7cd403a-8620-4ff0-aba1-a16ff2a11494
6a8c925e6c6b01f894ea997a,691ec63d24cf6022a24d9775,Withdrawal,SUCCESS,2026-08-24T18:50:06.601Z,2026-08-24T18:50:08.863Z,650000,BANK-TRF,2026-08-24T18:50:06.000Z,TRF_nns96gxcdg9enzk1,b4821818-849e-4dbc-9186-df35f4fdcd39,entertainment,🎮,,,,5290948570,Moniepoint MFB,IYANUOLUWA JOHN ADEBAYO,505150102330129901,,a4d19f4b-91fe-4551-b02d-50315ba49779,b4821818-849e-4dbc-9186-df35f4fdcd39
6a8ccbdd6c6b01f894ea9b1f,69e90ff90e3248acf149d236,Withdrawal,SUCCESS,2026-08-24T22:55:25.043Z,2026-08-24T22:55:27.122Z,4000000,BANK-TRF,2026-08-24T22:55:24.000Z,TRF_tno579ag45aybzvs,0fba641e-dcaa-4b3d-bc42-9fb084203b9c,food,🥑,,,,8168609763,OPay Digital Services Limited (OPay),COVENANT PIPELOLUWA OLUWAYINKA,110006260824225523102340621901,,3765cd8b-34d9-4bb5-9ded-57f0e869c41e,0fba641e-dcaa-4b3d-bc42-9fb084203b9c
6a8cf1fea593e0d845e5e260,691ec63d24cf6022a24d9775,Withdrawal,SUCCESS,2026-08-25T01:38:06.324Z,2026-08-25T01:38:07.277Z,7100000,BANK-TRF,2026-08-25T01:38:06.000Z,TRF_dib5db50z500q4fv,4e1edda1-1092-4184-aec0-732911e4f9b8,loan,📉,,,,9653727500,Providus Bank,VANT(Template Networks),110006260825013804102343461501,,aac5c993-af92-49dd-8674-66eda46ac098,4e1edda1-1092-4184-aec0-732911e4f9b8
6a8cf284a593e0d845e5e30e,691ec63d24cf6022a24d9775,Withdrawal,FAILED,2026-08-25T01:40:20.596Z,2026-08-25T01:41:52.459Z,72900000,BANK-TRF,2026-08-25T01:41:03.000Z,TRF_hhuuc4gi1c912ab1,0f58204d-0f1b-4e05-8339-50675c23b57c,loan,📉,,,,1100018272,Kuda Bank,IYANUOLUWA JOHN ADEBAYO,100039260825014019102343483802,,9e61f317-aa46-45bd-a925-13ac5f64955c,0f58204d-0f1b-4e05-8339-50675c23b57c
6a8cf321a593e0d845e5e3ce,691ec63d24cf6022a24d9775,Withdrawal,SUCCESS,2026-08-25T01:42:57.299Z,2026-08-25T01:42:59.298Z,110000000,BANK-TRF,2026-08-25T01:42:57.000Z,TRF_tmgtrnwx3t1nculb,67f20638-aeef-41fb-90b2-69c83ed3fba5,investment,📈,,,,1000605383,Globus Bank,SAVEY TECHNOLOGIES LTD,110006260825014250102343509001,,6c7c2f30-21a9-4bd2-8da1-15442972eae2,67f20638-aeef-41fb-90b2-69c83ed3fba5
6a8cf76ea593e0d845e5e532,6a3f049ecf0a45b0826a06fb,Withdrawal,SUCCESS,2026-08-25T02:01:18.448Z,2026-08-25T02:01:20.502Z,99774500,BANK-TRF,2026-08-25T02:01:18.000Z,TRF_xj6v1qx14iabcpea,e08d5e4b-9906-49ad-b6c1-e1456e1d0bb9,make-a-thon,🫶,,,,1100018272,Kuda Bank,IYANUOLUWA JOHN ADEBAYO,110006260825020116102343698201,,d1680863-7e5a-4d30-a044-0f4afb9a68cd,e08d5e4b-9906-49ad-b6c1-e1456e1d0bb9
6a8cfa8e3879a5b285c9aa0c,691ec63d24cf6022a24d9775,Withdrawal,SUCCESS,2026-08-25T02:14:38.285Z,2026-08-25T02:14:40.309Z,6061935,BANK-TRF,2026-08-25T02:14:38.000Z,TRF_yocw4ghc8vf85og9,d5cc9bdb-3bad-49e0-b929-520cd2028254,Caleb_Leadway,🥂,,,,9854991565,Paystack-Titan,LEADWAYASSURA/ETP25009696 IYANUOLUWA KENTADEBAYO,110006260825021435102343830601,For 3 months ,e0c29034-1c7d-4fa7-a896-6bad739842e7,d5cc9bdb-3bad-49e0-b929-520cd2028254
6a8d385d3879a5b285c9ace0,6a5c9ccb46ee4f42fbe9ce45,Deposit,SUCCESS,2026-08-25T06:38:21.538Z,2026-08-25T06:38:21.538Z,1000000,BANK-TRF,2026-08-25T06:38:20.000Z,100004260825063800169238832045,AUTH_4qjk83br8e,,,OLUFUNKE OMOWUNMI ADEBAYO,OPay Digital Services Limited (OPay),8035661285,,,,,,,
6a8d47cd3879a5b285c9ad60,6a142818a5da2e9880dbf101,Withdrawal,SUCCESS,2026-08-25T07:44:13.193Z,2026-08-25T07:44:15.319Z,1000000,BANK-TRF,2026-08-25T07:44:13.000Z,TRF_4gbhx49cihyc9i6l,36dd993e-3301-485c-9d2b-de3a75ea0a6b,alcohol,🍻,,,,8108159299,OPay Digital Services Limited (OPay),TOMILADE MOTUNRAYO OLOKEDE,110006260825074410102349282501,,9722dd83-92d8-4e70-a8b7-9bdf384815d8,36dd993e-3301-485c-9d2b-de3a75ea0a6b
6a8d5ff23879a5b285c9ae05,6947e8c95dad1006b656f640,Withdrawal,SUCCESS,2026-08-25T09:27:14.404Z,2026-08-25T09:27:16.575Z,15000000,BANK-TRF,2026-08-25T09:27:14.000Z,TRF_u8fsjmiu9hwlmvt9,13eb72fe-9ebd-4587-a1d5-c9329f2fdcb2,rent,🏠,,,,8100192727,OPay Digital Services Limited (OPay),BLESSING ESTHER IBIDAPO,110006260825092712102352842101,Loan refund ,8ce819a6-9ff8-40f9-a630-7452d3f713e1,13eb72fe-9ebd-4587-a1d5-c9329f2fdcb2
6a8d829e3879a5b285c9af03,6a75ce33bd65114e86c79a1f,Withdrawal,SUCCESS,2026-08-25T11:55:10.490Z,2026-08-25T11:55:11.580Z,200000,BANK-TRF,2026-08-25T11:55:10.000Z,TRF_lcaquihe05m80hn8,d0a31a68-c8ff-45c7-ab72-63fa083b1e64,gift,🎁,,,,8149930554,OPay Digital Services Limited (OPay),DANIEL TEMITOPE OKE,110006260825115508102357486201,Gift ,64622a1b-b86e-427f-a1cc-fb521ffa1267,d0a31a68-c8ff-45c7-ab72-63fa083b1e64
6a8e92a7dc2c579fcdf6266f,6a26d519648daaea32bfa659,Deposit,SUCCESS,2026-08-26T07:15:51.214Z,2026-08-26T07:15:51.214Z,20000000,BANK-TRF,2026-08-26T07:15:49.000Z,000027260826071512220142454576,AUTH_gmihnn9qkv,,,SAVEY TECHNOLOGIES LTD,Globus Bank,1000605383,,,,,,,
6a8e9908dc2c579fcdf626e4,6a26d519648daaea32bfa659,Withdrawal,SUCCESS,2026-08-26T07:43:04.331Z,2026-08-26T07:43:05.299Z,2500000,BANK-TRF,2026-08-26T07:43:04.000Z,TRF_3t5dsbzsg0svbeyw,2f923082-5a05-49bb-8359-97ae70f1aa13,entertainment,🎮,,,,8168609763,OPay Digital Services Limited (OPay),COVENANT PIPELOLUWA OLUWAYINKA,110006260826074302102393649201,,d81a4874-67c0-440d-ac8b-9eeaa3c6c2a8,2f923082-5a05-49bb-8359-97ae70f1aa13
6a8eb6b5dc2c579fcdf62889,6a75cde8bd65114e86c79a03,Withdrawal,SUCCESS,2026-08-26T09:49:41.228Z,2026-08-26T09:49:43.394Z,595000,BANK-TRF,2026-08-26T09:49:41.000Z,TRF_yvstct6i8frnxt9o,f59575d0-1e83-43f2-9c45-5e09c2f4e05c,books,📚,,,,9160675332,OPay Digital Services Limited (OPay),AISHAT OLUWAKEMI MORAKINYO,110006260826094939102398426901,,5a7bf209-460e-4ff0-8ef2-3e6e06edae19,f59575d0-1e83-43f2-9c45-5e09c2f4e05c
6a8ebd2fdc2c579fcdf628a1,6a26d519648daaea32bfa659,Deposit,SUCCESS,2026-08-26T10:17:19.681Z,2026-08-26T10:17:19.681Z,450000,BANK-TRF,2026-08-26T10:17:18.000Z,000004260826101656690966783442,AUTH_9qxkbfhypa,,,JOHNSON FELICIA OREOFE,United Bank For Africa,2115298932,,,,,,,
6a8ed9c6dc2c579fcdf62ae1,6a75ce33bd65114e86c79a1f,Deposit,SUCCESS,2026-08-26T12:19:18.733Z,2026-08-26T12:19:18.733Z,200000,BANK-TRF,2026-08-26T12:19:17.000Z,100004260826121907169367906432,AUTH_wuyz0duv97,,,RICHARD OLUWAFEMI OGUNYEMI,OPay Digital Services Limited (OPay),8139305916,,,,,,,
6a8efaf3dc2c579fcdf62c06,6a11a8b96bb1f3d6587ce0cc,Deposit,SUCCESS,2026-08-26T14:40:51.415Z,2026-08-26T14:40:51.415Z,400000,BANK-TRF,2026-08-26T14:40:49.000Z,090405260826154023621671117019,AUTH_tqw074j24v,,,OLUWAPELUMI OLUWAFUNMILAYO OMONIJE,Moniepoint MFB,5245631829,,,,,,,
6a8f16b7dc2c579fcdf62c96,6947e8c95dad1006b656f640,Withdrawal,SUCCESS,2026-08-26T16:39:19.678Z,2026-08-26T16:39:21.896Z,3000000,BANK-TRF,2026-08-26T16:39:19.000Z,TRF_7rycir1t2vbie24q,31ebb783-0c62-4dba-99d3-cfd8fbe0ec09,home,🏚️,,,,9035255620,OPay Digital Services Limited (OPay),GEORGE OMOGBOLAHAN IBITOYE,110006260826163917102412752801,,56c7c98f-f987-4d24-8d0f-1427485563e3,31ebb783-0c62-4dba-99d3-cfd8fbe0ec09
6a8f296adc2c579fcdf62d7b,6a26d519648daaea32bfa659,Withdrawal,SUCCESS,2026-08-26T17:59:06.450Z,2026-08-26T17:59:07.434Z,450000,BANK-TRF,2026-08-26T17:59:06.000Z,TRF_r4z2bnhv0s3xujtt,f09d3bbb-bba5-4a19-8d6e-a013ef035b49,entertainment,🎮,,,,9019936808,OPay Digital Services Limited (OPay),SUNDAY JEREMIAH OGBODOR,110006260826175903102415052601,,2739748c-7ab3-440a-af2a-6056f0432b20,f09d3bbb-bba5-4a19-8d6e-a013ef035b49
6a8f61fadc2c579fcdf62ded,6a26d519648daaea32bfa659,Deposit,SUCCESS,2026-08-26T22:00:26.138Z,2026-08-26T22:00:26.138Z,4500000,BANK-TRF,2026-08-26T22:00:24.000Z,000014260826230009231475827171,AUTH_sss8xdcgbt,,, ABOSEDE  OPEOLUWA OGUNYINKA,Access Bank,1950719361,,,,,,,
6a8fd5a9c2d2e8a30ced3461,6a12e950b03e0745adb1b72e,Withdrawal,SUCCESS,2026-08-27T06:14:01.114Z,2026-08-27T06:14:03.244Z,1800000,BANK-TRF,2026-08-27T06:14:01.000Z,TRF_m2ci0q1aub6a11tx,43419f9c-0ebc-4d71-a65e-ea0fe373fddb,beauty,💅,,,,1011991596,United Bank For Africa,OGUNDEJI ADEJOKE OLUBUNMI,110006260827061359102436574001,,8b576aea-0483-4dee-b7b2-0b56042fda86,43419f9c-0ebc-4d71-a65e-ea0fe373fddb
6a8fd5d6c2d2e8a30ced34ad,6a12e950b03e0745adb1b72e,Withdrawal,SUCCESS,2026-08-27T06:14:46.649Z,2026-08-27T06:14:49.034Z,200000,BANK-TRF,2026-08-27T06:14:46.000Z,TRF_3b42qgu4zc0k6h91,01bee848-9582-4525-88b0-837f92da35e8,clothing,👕,,,,1011991596,United Bank For Africa,OGUNDEJI ADEJOKE OLUBUNMI,110006260827061445102436588601,,202e0b28-5555-4d9e-b7bd-a82babb9a3ef,01bee848-9582-4525-88b0-837f92da35e8
6a8ff947c2d2e8a30ced3555,6a26d519648daaea32bfa659,Withdrawal,SUCCESS,2026-08-27T08:45:59.199Z,2026-08-27T08:46:00.168Z,1875000,BANK-TRF,2026-08-27T08:45:59.000Z,TRF_kil44vqbncn7iegn,b97fdf6b-7df9-4c91-afc3-6b9c6165b0da,entertainment,🎮,,,,6555393809,OPay Digital Services Limited (OPay),MUMMY BEE NATURAL GLOBAL ENTERPRISES,110006260827084556102441368401,Pepper,c564e690-efb4-4613-a35a-60bfd0812e00,b97fdf6b-7df9-4c91-afc3-6b9c6165b0da
6a90088cc2d2e8a30ced35aa,6a26d519648daaea32bfa659,Withdrawal,SUCCESS,2026-08-27T09:51:08.303Z,2026-08-27T09:51:09.274Z,600000,BANK-TRF,2026-08-27T09:51:08.000Z,TRF_73xp2q1m70ibp9ig,617dc7c2-d10e-48ce-8f70-25dbedf50e61,entertainment,🎮,,,,8133617019,PalmPay,Olamide Anjola Samuel,110006260827095105102443689601,Pepper,89eaadcf-4e16-4d2a-8ffe-199fcce6bbe6,617dc7c2-d10e-48ce-8f70-25dbedf50e61
6a900ba8c2d2e8a30ced35d7,6a26d519648daaea32bfa659,Withdrawal,SUCCESS,2026-08-27T10:04:24.374Z,2026-08-27T10:04:25.350Z,1625000,BANK-TRF,2026-08-27T10:04:24.000Z,TRF_axaknhbnlfm3p89p,3242c936-a021-464f-8dc3-b5d519c79599,entertainment,🎮,,,,6425049730,OPay Digital Services Limited (OPay),FOLASHADE BOLANLE AHMADU,110006260827100421102444158501,Pepper,c7379e9b-56e1-4b74-9eaf-651876f2a92a,3242c936-a021-464f-8dc3-b5d519c79599
6a90117ec2d2e8a30ced3632,6a22e229e4f1fd71697c620c,Deposit,SUCCESS,2026-08-27T10:29:18.769Z,2026-08-27T10:29:18.769Z,10000,BANK-TRF,2026-08-27T10:29:17.000Z,100033260827102911489777109434,AUTH_jxvgw0xtve,,,ADENIKE BOSE ADENUGA,PalmPay,8154656380,,,,,,,
6a9011f6c2d2e8a30ced3671,6a22e229e4f1fd71697c620c,Deposit,SUCCESS,2026-08-27T10:31:18.535Z,2026-08-27T10:31:18.535Z,660000,BANK-TRF,2026-08-27T10:31:17.000Z,100033260827103046687229441093,AUTH_zen7yb07eb,,,ADENIKE BOSE ADENUGA,PalmPay,8154656380,,,,,,,
6a901652c2d2e8a30ced36f2,6a12e950b03e0745adb1b72e,Withdrawal,SUCCESS,2026-08-27T10:49:54.211Z,2026-08-27T10:49:55.211Z,2000000,BANK-TRF,2026-08-27T10:49:54.000Z,TRF_p41x2xbdlxhbhhrc,7ba77e6e-73aa-4102-a0fe-eb7fc1cf0ab7,education,🎓,,,,3042611620,Polaris Bank,"OPTIMUM STANDARD, SCHOOL FINANCE",110006260827104952102445560901,Stationary ,35184d99-a7bc-4128-a173-4c336d2d7ad6,7ba77e6e-73aa-4102-a0fe-eb7fc1cf0ab7
6a902a57c2d2e8a30ced376c,6a26d519648daaea32bfa659,Withdrawal,SUCCESS,2026-08-27T12:15:19.072Z,2026-08-27T12:15:20.075Z,1200000,BANK-TRF,2026-08-27T12:15:18.000Z,TRF_6wdfows8k96z4f0x,18aaf4d4-c1aa-486a-abd9-92051a9e46a4,entertainment,🎮,,,,8103990637,OPay Digital Services Limited (OPay),CHRISTIANA AJOKE BANKOLE,110006260827121516102448309001,,07799c0e-985a-4587-8ee1-06edccb14461,18aaf4d4-c1aa-486a-abd9-92051a9e46a4
6a90434dc2d2e8a30ced3828,6a26d519648daaea32bfa659,Withdrawal,SUCCESS,2026-08-27T14:01:49.229Z,2026-08-27T14:01:50.193Z,100000,BANK-TRF,2026-08-27T14:01:49.000Z,TRF_f54gkkbgwiivaxl3,b360d5ad-f4ab-4c97-bfc0-f1f61c51992f,entertainment,🎮,,,,8026160321,OPay Digital Services Limited (OPay),JAMIU OLALEKAN ODEGBARO,110006260827140146102451723601,,9d5104cd-07c5-478b-a074-cbdf615f2b98,b360d5ad-f4ab-4c97-bfc0-f1f61c51992f
6a906382c2d2e8a30ced3900,6a26d519648daaea32bfa659,Withdrawal,SUCCESS,2026-08-27T16:19:14.882Z,2026-08-27T16:19:15.884Z,6300000,BANK-TRF,2026-08-27T16:19:14.000Z,TRF_lg08ha69tfw0izob,34005bc9-6e3f-4d86-aeb5-044cbfbb5de1,entertainment,🎮,,,,6425049730,OPay Digital Services Limited (OPay),FOLASHADE BOLANLE AHMADU,110006260827161912102455739901,,aa630358-9e69-4fec-9fad-f7f6f54f310d,34005bc9-6e3f-4d86-aeb5-044cbfbb5de1
6a906433c2d2e8a30ced3974,6a26d519648daaea32bfa659,Withdrawal,SUCCESS,2026-08-27T16:22:11.067Z,2026-08-27T16:22:12.037Z,600000,BANK-TRF,2026-08-27T16:22:10.000Z,TRF_ifml9fdzdqur39xp,270b6193-bde2-4d65-ad9f-b4b242774c54,entertainment,🎮,,,,8111282296,OPay Digital Services Limited (OPay),OLUBUKUNOLA OLABAMIDE ODUWOBI,110006260827162208102455821501,,086c1e73-b968-4cb3-ae3a-f8d46bdadd0f,270b6193-bde2-4d65-ad9f-b4b242774c54
6a90674cc2d2e8a30ced3a2d,6a26d519648daaea32bfa659,Withdrawal,SUCCESS,2026-08-27T16:35:24.739Z,2026-08-27T16:35:26.891Z,150000,BANK-TRF,2026-08-27T16:35:24.000Z,TRF_6qps375yg9mqudch,1c0dc2ba-7d97-4b81-85df-f9f623ec7d49,entertainment,🎮,,,,9052059992,OPay Digital Services Limited (OPay),ISMAIL DAMILARE ALAMU,110006260827163521102456176501,,e9c0720e-d3ac-4d5c-88f9-a90de396f586,1c0dc2ba-7d97-4b81-85df-f9f623ec7d49
6a9067bbc2d2e8a30ced3aa2,6a26d519648daaea32bfa659,Withdrawal,SUCCESS,2026-08-27T16:37:15.482Z,2026-08-27T16:37:17.554Z,150000,BANK-TRF,2026-08-27T16:37:15.000Z,TRF_d24zuw3lgc7yk0gd,405253f3-a124-435d-b8fa-b44331760171,entertainment,🎮,,,,6425049730,OPay Digital Services Limited (OPay),FOLASHADE BOLANLE AHMADU,110006260827163713102456226601,,9bfaddcd-f730-4c98-93f5-ac395b1879ec,405253f3-a124-435d-b8fa-b44331760171
6a9070a7c2d2e8a30ced3b7e,6a26d519648daaea32bfa659,Withdrawal,SUCCESS,2026-08-27T17:15:19.339Z,2026-08-27T17:15:20.289Z,3600000,BANK-TRF,2026-08-27T17:15:19.000Z,TRF_nxp8fu9q7705elwh,50e8b1a1-0384-4424-b3aa-8a63c9b1c939,entertainment,🎮,,,,8168609763,OPay Digital Services Limited (OPay),COVENANT PIPELOLUWA OLUWAYINKA,110006260827171517102457314201,,d0c2c993-bb63-4423-b8d6-a4be9cb6e464,50e8b1a1-0384-4424-b3aa-8a63c9b1c939
6a907c14c2d2e8a30ced3bd4,6a26d519648daaea32bfa659,Deposit,SUCCESS,2026-08-27T18:04:04.138Z,2026-08-27T18:04:04.138Z,430000,BANK-TRF,2026-08-27T18:04:02.000Z,000017260827190409095651109638,AUTH_051sjgxdlz,,,CRE8NGDIGITAL/DUNMOMIS KITCHEN,ALAT by WEMA,ALAT TRANSFER TO CRE8NGDIGITAL,,,,,,,
6a9087e3c2d2e8a30ced3c9b,6a26d519648daaea32bfa659,Withdrawal,SUCCESS,2026-08-27T18:54:27.727Z,2026-08-27T18:54:28.710Z,250000,BANK-TRF,2026-08-27T18:54:27.000Z,TRF_kkqepiccn59pspzo,36997baf-017e-47b3-8905-71d253fd5bc7,entertainment,🎮,,,,8156431310,OPay Digital Services Limited (OPay),ELIJAH OPEYEMI BABALOLA,110006260827185425102460405601,,73250943-60f7-4f89-a7e6-b202dadcd2dd,36997baf-017e-47b3-8905-71d253fd5bc7
6a908803c2d2e8a30ced3cc4,6a26d519648daaea32bfa659,Withdrawal,SUCCESS,2026-08-27T18:54:59.694Z,2026-08-27T18:55:00.418Z,600000,BANK-TRF,2026-08-27T18:54:59.000Z,TRF_t2fh6bl4dm2vinai,43731bdb-43fa-4cd1-bdd6-4dca58ab46af,entertainment,🎮,,,,8069091718,OPay Digital Services Limited (OPay),CONSTANCE ONYEKWULULECHI OLUWAYINKA,110006260827185457102460442601,,3c468e3a-2fca-4f00-959c-c0d37bb5d8e2,43731bdb-43fa-4cd1-bdd6-4dca58ab46af
6a916595311face62415dcdd,6a26d519648daaea32bfa659,Withdrawal,SUCCESS,2026-08-28T10:40:21.042Z,2026-08-28T10:40:23.380Z,1780000,BANK-TRF,2026-08-28T10:40:20.000Z,TRF_slua39oxz14bhwku,29a42492-d7c0-4939-b8fe-7c7b8361f689,entertainment,🎮,,,,7086511293,OPay Digital Services Limited (OPay),EZEMARK CHUKWUKA STANISLAUS,110006260828104017102487842401,,7f8f4c09-df04-49fc-84ca-6a42ded988ba,29a42492-d7c0-4939-b8fe-7c7b8361f689
6a9169b7311face62415dde5,6a26d519648daaea32bfa659,Withdrawal,SUCCESS,2026-08-28T10:57:59.763Z,2026-08-28T10:58:02.029Z,380000,BANK-TRF,2026-08-28T10:57:59.000Z,TRF_xatmzynboexpx712,80748f80-b844-4dfa-bd84-6191d0cdfe18,entertainment,🎮,,,,8039232357,OPay Digital Services Limited (OPay),OLUWAFUNMILAYO OLUWAKEMI TELLA,110006260828105757102488372601,,87226d1d-e902-44e1-b89f-39f87d1c39a5,80748f80-b844-4dfa-bd84-6191d0cdfe18
6a916c6a311face62415deb9,6a26d519648daaea32bfa659,Withdrawal,SUCCESS,2026-08-28T11:09:30.589Z,2026-08-28T11:09:32.433Z,1520000,BANK-TRF,2026-08-28T11:09:30.000Z,TRF_5rfkaxab5tdyfvof,7dcb34fd-9cdf-40a1-ae8e-73d1c0402a1b,entertainment,🎮,,,,6109504228,OPay Digital Services Limited (OPay),ENIOLA OMOLADE SAKA,110006260828110927102488694201,,e948de8d-d454-462b-a097-a8b2c30ce5fc,7dcb34fd-9cdf-40a1-ae8e-73d1c0402a1b
6a9185c0311face62415df75,6a26d519648daaea32bfa659,Withdrawal,SUCCESS,2026-08-28T12:57:36.963Z,2026-08-28T12:57:39.090Z,700000,BANK-TRF,2026-08-28T12:57:36.000Z,TRF_cy95lv62645arju1,ad4e4cee-f300-4508-904c-5d10ac7a7f7a,entertainment,🎮,,,,7039790510,OPay Digital Services Limited (OPay),OLUWABUNMI SAIDAT MUSTAPHA,110006260828125734102492716301,Business pay,a75a31db-0c83-4723-9f9f-7903f10dae0b,ad4e4cee-f300-4508-904c-5d10ac7a7f7a
6a918609311face62415df9c,6a26d519648daaea32bfa659,Withdrawal,SUCCESS,2026-08-28T12:58:49.669Z,2026-08-28T12:58:51.885Z,250000,BANK-TRF,2026-08-28T12:58:49.000Z,TRF_ipawn2a8uuqk6bd0,decead88-32eb-4667-b8d7-9f7834a027ed,entertainment,🎮,,,,8168609763,OPay Digital Services Limited (OPay),COVENANT PIPELOLUWA OLUWAYINKA,110006260828125847102492766601,Business pay,41bd14c0-b957-4316-a23f-dcec823a787c,decead88-32eb-4667-b8d7-9f7834a027ed
6a918c9a311face62415dfb6,6a26d519648daaea32bfa659,Deposit,SUCCESS,2026-08-28T13:26:50.745Z,2026-08-28T13:26:50.745Z,350000,BANK-TRF,2026-08-28T13:26:49.000Z,100004260828132621169572379644,AUTH_4428b5j5iu,,,GANIYAT OPEYEMI TAIWO,OPay Digital Services Limited (OPay),8064840853,,,,,,,
6a919448311face62415e03f,6a26d519648daaea32bfa659,Withdrawal,SUCCESS,2026-08-28T13:59:36.269Z,2026-08-28T13:59:38.107Z,826000,BANK-TRF,2026-08-28T13:59:36.000Z,TRF_00tnz7pxsegi9fjf,911ead15-0fe7-4525-b0d7-53d9a539c7a6,entertainment,🎮,,,,5503531201,Moniepoint MFB,AA RANO NIGERIA LIMITED - AA RANO LPG S S,505150102495072001,,53682e04-f779-4869-9623-603698e737bd,911ead15-0fe7-4525-b0d7-53d9a539c7a6
6a91f64f311face62415e056,6a26d519648daaea32bfa659,Deposit,SUCCESS,2026-08-28T20:57:51.873Z,2026-08-28T20:57:51.873Z,450000,BANK-TRF,2026-08-28T20:57:50.000Z,100004260828205721169619662574,AUTH_pqwlmzhibn,,,olaoluwa olawunmi adenuga,OPay Digital Services Limited (OPay),7068086137,,,,,,,
6a928b1f2a045e74410f81bc,6a26d519648daaea32bfa659,Deposit,SUCCESS,2026-08-29T07:32:47.144Z,2026-08-29T07:32:47.144Z,400000,BANK-TRF,2026-08-29T07:32:45.000Z,090110260829083233343500526549,AUTH_maw3na7ly7,,,PocketApp-FOLASADE DAMILOLA KEHINDE,VFD Microfinance Bank Limited,1029451814,,,,,,,
6a92e5162a045e74410f8271,6a26d519648daaea32bfa659,Withdrawal,SUCCESS,2026-08-29T13:56:38.208Z,2026-08-29T13:56:40.054Z,350000,BANK-TRF,2026-08-29T13:56:38.000Z,TRF_sh9gikw2bln41am0,b1b5bcef-b436-40bf-ae02-d2c7120d5ef6,entertainment,🎮,,,,8037388388,OPay Digital Services Limited (OPay),IGBANG MONDAY INAKU,9999910102551401501,,427e1dcf-f18b-43d1-a2d3-03ad0fedf158,b1b5bcef-b436-40bf-ae02-d2c7120d5ef6
6a92e53f2a045e74410f8298,6a26d519648daaea32bfa659,Withdrawal,SUCCESS,2026-08-29T13:57:19.047Z,2026-08-29T13:57:21.172Z,500000,BANK-TRF,2026-08-29T13:57:18.000Z,TRF_wpzuzbqxbkkkddt4,12474838-787f-4836-888e-8ff746055b0f,entertainment,🎮,,,,7047320273,OPay Digital Services Limited (OPay),PRECIOUS ABOSEDE ADEYEMO,9999910102551426701,,fcf10dc7-b6e7-4dcb-a0af-9c3591ef1558,12474838-787f-4836-888e-8ff746055b0f
6a92e58b2a045e74410f831a,6a26d519648daaea32bfa659,Withdrawal,SUCCESS,2026-08-29T13:58:35.302Z,2026-08-29T13:58:37.424Z,300000,BANK-TRF,2026-08-29T13:58:35.000Z,TRF_kzq3f48ynuchekcn,6f90e473-c242-4b4e-af4b-8c053bd754aa,entertainment,🎮,,,,6425049730,OPay Digital Services Limited (OPay),FOLASHADE BOLANLE AHMADU,100039260829135832102551471401,,35169d81-8a6d-42ac-9a57-8748efd7bbf3,6f90e473-c242-4b4e-af4b-8c053bd754aa
6a92e71f2a045e74410f8334,6a26d519648daaea32bfa659,Deposit,SUCCESS,2026-08-29T14:05:19.629Z,2026-08-29T14:05:19.629Z,1600000,BANK-TRF,2026-08-29T14:05:18.000Z,100004260829140507169674903563,AUTH_98zf5dx07i,,,SAKIRU TOLANI OLOWOOKERE,OPay Digital Services Limited (OPay),8062306255,,,,,,,
6a92e7b72a045e74410f8340,6a26d519648daaea32bfa659,Deposit,SUCCESS,2026-08-29T14:07:51.415Z,2026-08-29T14:07:51.415Z,350000,BANK-TRF,2026-08-29T14:07:50.000Z,000010260829140710111196863250,AUTH_y87ch45dz9,,,ADIRE PLANET APPAREL,Ecobank Nigeria,0990151347,,,,,,,
6a92e91f2a045e74410f8404,6a26d519648daaea32bfa659,Withdrawal,SUCCESS,2026-08-29T14:13:51.998Z,2026-08-29T14:14:06.816Z,475000,BANK-TRF,2026-08-29T14:14:04.000Z,TRF_oyzqnndk2i2xhb9g,015ac7e4-bece-44cc-adcc-b0a9c653677e,entertainment,🎮,,,,6555393809,OPay Digital Services Limited (OPay),MUMMY BEE NATURAL GLOBAL ENTERPRISES,100039260829141351102552050202,Pepper,0bf2f8cf-cc59-4e2d-962d-4e289a29a319,015ac7e4-bece-44cc-adcc-b0a9c653677e
6a92ef1a2a045e74410f8481,6a26d519648daaea32bfa659,Withdrawal,SUCCESS,2026-08-29T14:39:22.203Z,2026-08-29T14:39:24.353Z,600000,BANK-TRF,2026-08-29T14:39:22.000Z,TRF_xgno0vh3f3mc4gk2,894f27a9-0be3-4e3d-903a-15ebc9106b00,entertainment,🎮,,,,6425049730,OPay Digital Services Limited (OPay),FOLASHADE BOLANLE AHMADU,100039260829143920102552890901,Pepper,19f0478f-c763-44ca-8e6a-22145ddf4c32,894f27a9-0be3-4e3d-903a-15ebc9106b00
6a93c426c1e1809eb2de98ee,6a26d519648daaea32bfa659,Withdrawal,SUCCESS,2026-08-30T05:48:22.423Z,2026-08-30T05:48:24.648Z,350000,BANK-TRF,2026-08-30T05:48:22.000Z,TRF_6bw38n1vm6u4zblt,3551f890-3e47-4dc9-bb83-8ec2c8100da0,entertainment,🎮,,,,7039790510,OPay Digital Services Limited (OPay),OLUWABUNMI SAIDAT MUSTAPHA,9999910102598236401,,0930daf5-b678-4b3e-a6dd-d65fd31447bc,3551f890-3e47-4dc9-bb83-8ec2c8100da0
6a94003fc1e1809eb2de9905,6a26d519648daaea32bfa659,Deposit,SUCCESS,2026-08-30T10:04:47.540Z,2026-08-30T10:04:47.540Z,400000,BANK-TRF,2026-08-30T10:04:45.000Z,100004260830100438169748907464,AUTH_1nd73daaoo,,,OLUWATOSIN ADEOLA TELLA,OPay Digital Services Limited (OPay),8024617470,,,,,,,
6a94119dc1e1809eb2de9aed,6a26d519648daaea32bfa659,Withdrawal,SUCCESS,2026-08-30T11:18:53.462Z,2026-08-30T11:18:55.593Z,500000,BANK-TRF,2026-08-30T11:18:53.000Z,TRF_apjkrd3pq1qd4uf3,51a9b9aa-0bab-4346-bd48-6ffadcbf3c6a,entertainment,🎮,,,,9014289956,PalmPay,MATTHEW OLORUNKAMIYE MOSAKU,100039260830111850102609029401,,c6d22a28-150e-4cf8-83a2-d6c7160c018d,51a9b9aa-0bab-4346-bd48-6ffadcbf3c6a
6a946f96c1e1809eb2de9bcb,6a26d519648daaea32bfa659,Deposit,SUCCESS,2026-08-30T17:59:50.991Z,2026-08-30T17:59:50.991Z,400000,BANK-TRF,2026-08-30T17:59:49.000Z,000010260830175917111164192424,AUTH_29edfxu5x8,,,ADIRE PLANET APPAREL,Ecobank Nigeria,0990151347,,,,,,,
6a95885daa43ac2771113517,6a12e950b03e0745adb1b72e,Withdrawal,SUCCESS,2026-08-31T13:57:49.220Z,2026-08-31T13:57:51.553Z,1000000,BANK-TRF,2026-08-31T13:57:49.000Z,TRF_m7o2diuy8r28h17s,213ac8a8-ac58-48f2-95e5-6463e8a938f7,education,🎓,,,,2075652012,United Bank For Africa,ANI PEACE JOSHUA,110006260831135746102714534001,Shoe,34e8745b-648b-4bdb-98c7-b7832d4e85a3,213ac8a8-ac58-48f2-95e5-6463e8a938f7
6a958f03aa43ac277111356d,6a12e950b03e0745adb1b72e,Withdrawal,SUCCESS,2026-08-31T14:26:11.124Z,2026-08-31T14:26:13.257Z,400000,BANK-TRF,2026-08-31T14:26:11.000Z,TRF_zhz06hggy20w2d3j,730f58fd-9ebb-484c-af26-a79aeee14358,education,🎓,,,,9133214288,OPay Digital Services Limited (OPay),SANI  SALISU,9999910102716406701,Jeweleries ,b851e5cd-1453-4098-873c-86b55281b85c,730f58fd-9ebb-484c-af26-a79aeee14358
6a95bc05aa43ac27711135e4,6a12e950b03e0745adb1b72e,Withdrawal,SUCCESS,2026-08-31T17:38:13.412Z,2026-08-31T17:38:15.610Z,100000,BANK-TRF,2026-08-31T17:38:13.000Z,TRF_j4kvbqcoqkz5htlu,5f0acd0e-8b7c-46d9-9e45-bd6eb844385c,education,🎓,,,,9168591160,OPay Digital Services Limited (OPay),ADEJOKE OLUBUNMI OGUNDEJI,110006260831173810102734552401,,f114c41c-492c-4335-916c-f6b2ed5e9564,5f0acd0e-8b7c-46d9-9e45-bd6eb844385c
6a95f13faa43ac2771113630,6a26d519648daaea32bfa659,Deposit,SUCCESS,2026-08-31T21:25:19.639Z,2026-08-31T21:25:19.639Z,1000000,BANK-TRF,2026-08-31T21:25:18.000Z,000016260831222501002644348301,AUTH_tvna0m7r0q,,,OGUGBARA PROMISE CHISOMAGA,First Bank of Nigeria,3099382037,,,,,,,
6a9609f9aa43ac2771113638,69a5bbdf659708be74a8365c,Deposit,SUCCESS,2026-08-31T23:10:49.146Z,2026-08-31T23:10:49.146Z,5000000,BANK-TRF,2026-08-31T23:10:48.000Z,000027260831230952220189674802,AUTH_ue0mczs8k0,,,SAVEY TECHNOLOGIES LTD,Globus Bank,1000605383,,,,,,,
6a96b2b91e9bd9875ded0989,6a26d519648daaea32bfa659,Deposit,SUCCESS,2026-09-01T11:10:49.238Z,2026-09-01T11:10:49.238Z,1500000,BANK-TRF,2026-09-01T11:10:47.000Z,000014260901121028296165056294,AUTH_k6pqberjz2,,,IBUKUN DEBORAH OYEBOLU,Access Bank,1809964386,,,,,,,
6a96d3031e9bd9875ded0a18,6a26d519648daaea32bfa659,Withdrawal,SUCCESS,2026-09-01T13:28:35.989Z,2026-09-01T13:28:38.120Z,750000,BANK-TRF,2026-09-01T13:28:35.000Z,TRF_l5hsrpstqzffq1eo,e8e6b1e1-35f3-44c5-9e32-8192e96db91b,entertainment,🎮,,,,6102897141,OPay Digital Services Limited (OPay),AWAISU IDRIS,100039260901132833102820685701,,22c5bf98-e5ca-4f7e-9fde-91997fcc9c14,e8e6b1e1-35f3-44c5-9e32-8192e96db91b
6a96d4c01e9bd9875ded0a91,6a26d519648daaea32bfa659,Withdrawal,SUCCESS,2026-09-01T13:36:00.057Z,2026-09-01T13:36:01.911Z,460000,BANK-TRF,2026-09-01T13:35:59.000Z,TRF_sxthjtxc3gmwysar,c53b75d3-6be3-4306-8d0b-3b6cb1805f54,entertainment,🎮,,,,6104103922,OPay Digital Services Limited (OPay),TRUSTPLUS PHARMACY ENTERPRISE,100039260901133557102821016101,,cdbb3c07-ea56-46cf-adbd-fcf7f68f257d,c53b75d3-6be3-4306-8d0b-3b6cb1805f54
6a96d8761e9bd9875ded0b4b,6a26d519648daaea32bfa659,Withdrawal,SUCCESS,2026-09-01T13:51:50.546Z,2026-09-01T13:51:52.463Z,1200000,BANK-TRF,2026-09-01T13:51:50.000Z,TRF_8n2k9i3xg3kdx404,c1937dab-428b-4916-84f1-304f1359fee3,entertainment,🎮,,,,8277605987,Moniepoint MFB,FOODCO NIG ABEOKUTA 3,505150102821659801,,4bf73b9b-02d2-4133-be2a-4f68e767a1bb,c1937dab-428b-4916-84f1-304f1359fee3
6a96f2ab1e9bd9875ded0bef,69a5bbdf659708be74a8365c,Withdrawal,SUCCESS,2026-09-01T15:43:39.748Z,2026-09-01T15:43:41.991Z,500000,BANK-TRF,2026-09-01T15:43:39.000Z,TRF_sdtsw4smffclek5r,107f1c22-3970-4593-96c7-ab9c57e136f1,Tithe,💧,,,,1013402490,Zenith Bank,DEEPER CHRISTIAN LIFE MIN-TIT.&OFF.,110006260901154337102826347601,"Member from Anobe District, Aregbe group",a09acc8f-6ec4-4d83-a1fe-8fa2fb475ce2,107f1c22-3970-4593-96c7-ab9c57e136f1
6a96f3231e9bd9875ded0c6c,69a5bbdf659708be74a8365c,Withdrawal,SUCCESS,2026-09-01T15:45:39.215Z,2026-09-01T15:45:41.357Z,4500000,BANK-TRF,2026-09-01T15:45:39.000Z,TRF_pxedfzmwnhd7nhuy,71187ce8-061c-43e8-a0e2-75a53646e40a,groceries,🛒,,,,8143843240,OPay Digital Services Limited (OPay),JAMES JESUGBEMILEKE KEHINDE,9999910102826437601,,9017fbe8-aab1-4001-9353-27ccbfcce22a,71187ce8-061c-43e8-a0e2-75a53646e40a
6a98050a23f4c4ddc1d9471c,6a26d519648daaea32bfa659,Withdrawal,SUCCESS,2026-09-02T11:14:18.305Z,2026-09-02T11:14:20.549Z,250000,BANK-TRF,2026-09-02T11:14:18.000Z,TRF_61p6q67fra1c1obx,fd52f9bf-9969-43c2-a85f-ee4ef0ce8efd,food,🥑,,,,9160178226,OPay Digital Services Limited (OPay),ISAAC SUNDAY UKPAH,9999910102875817901,,d62999bd-538b-47e8-8528-de4f164529fe,fd52f9bf-9969-43c2-a85f-ee4ef0ce8efd
6a980ea923f4c4ddc1d947bc,6a26d519648daaea32bfa659,Withdrawal,SUCCESS,2026-09-02T11:55:21.040Z,2026-09-02T11:55:23.224Z,150000,BANK-TRF,2026-09-02T11:55:20.000Z,TRF_cqn4spsi7urpri5l,492ce361-db7d-4f0a-b0f2-eb4306349bb2,food,🥑,,,,8064030862,OPay Digital Services Limited (OPay),MEDINAT OREOLUWA AKINOLA,9999910102877327701,,9644b2e6-d5ac-4a0d-be3a-d4a89b172671,492ce361-db7d-4f0a-b0f2-eb4306349bb2
6a9818f423f4c4ddc1d947d5,6a5c9ccb46ee4f42fbe9ce45,Deposit,SUCCESS,2026-09-02T12:39:16.026Z,2026-09-02T12:39:16.026Z,100000,BANK-TRF,2026-09-02T12:39:14.000Z,100004260902123842170078395463,AUTH_j7g0ltw9mx,,,GRACE ABIDEMI KAREEM,OPay Digital Services Limited (OPay),7054095785,,,,,,,
6a9830c723f4c4ddc1d9483a,6a26d519648daaea32bfa659,Withdrawal,SUCCESS,2026-09-02T14:20:55.305Z,2026-09-02T14:22:57.045Z,180000,BANK-TRF,2026-09-02T14:22:55.000Z,TRF_dqxksuifrj6xx2tv,c4bd811d-7bd6-4860-ae88-00d4f88f9eb0,food,🥑,,,,6425049730,OPay Digital Services Limited (OPay),FOLASHADE BOLANLE AHMADU,100039260902142053102882474602,,a7ab7a19-9f74-4b92-b734-2801ccca5c33,c4bd811d-7bd6-4860-ae88-00d4f88f9eb0
6a98533023f4c4ddc1d94856,6a26d519648daaea32bfa659,Deposit,SUCCESS,2026-09-02T16:47:44.947Z,2026-09-02T16:47:44.947Z,500000,BANK-TRF,2026-09-02T16:47:43.000Z,100004260902164712170106975967,AUTH_gclzc53srg,,,SAKIRU TOLANI OLOWOOKERE,OPay Digital Services Limited (OPay),8062306255,,,,,,,
6a9915b97ebd99348c68c244,6a22e229e4f1fd71697c620c,Withdrawal,SUCCESS,2026-09-03T06:37:45.007Z,2026-09-03T06:37:47.270Z,70000,BANK-TRF,2026-09-03T06:37:44.000Z,TRF_3d8hnnntp5789zqq,0db5618c-eb80-42ac-993e-12695bb6aa95,internet,🌐,,,,9037349254,Moniepoint MFB,TEMILOLUWA MIRACLE ADENUGA,505150102906657301,,41f786f0-2d20-4207-a077-134a9c6ce20e,0db5618c-eb80-42ac-993e-12695bb6aa95
6a996e747ebd99348c68c30f,6a26d519648daaea32bfa659,Withdrawal,SUCCESS,2026-09-03T12:56:20.399Z,2026-09-03T12:56:21.388Z,500000,BANK-TRF,2026-09-03T12:56:20.000Z,TRF_tpfl9xo4yw9lyfff,ceac87ca-5353-4b37-86ce-479f3e429bdf,Phone and Internet,📱,,,,9030466469,OPay Digital Services Limited (OPay),ANIMO OLUWAKEMI KOLEOSO,9999910102918281201,,84e20a69-e74e-4207-99d6-e7df197b301d,ceac87ca-5353-4b37-86ce-479f3e429bdf
6a9976cd7ebd99348c68c36d,6a26d519648daaea32bfa659,Withdrawal,SUCCESS,2026-09-03T13:31:57.995Z,2026-09-03T13:31:59.027Z,150000,BANK-TRF,2026-09-03T13:31:57.000Z,TRF_igzqdbq24pvxuvkg,bd2bc8fd-6766-44a4-b73f-cdb49e8037fb,Phone and Internet,📱,,,,9043376551,OPay Digital Services Limited (OPay),HADI ADESHINA YUNUS,9999910102919411801,,5f5783be-5032-4a76-b505-90ed3f64d79a,bd2bc8fd-6766-44a4-b73f-cdb49e8037fb
6a998d0c7ebd99348c68c3bf,6a26d519648daaea32bfa659,Withdrawal,SUCCESS,2026-09-03T15:06:52.629Z,2026-09-03T15:06:54.815Z,200000,BANK-TRF,2026-09-03T15:06:52.000Z,TRF_j6r9qwmr5begsa8w,72e1d99e-f900-49c8-8ab3-777108533475,Phone and Internet,📱,,,,7032079008,OPay Digital Services Limited (OPay),DORIS OGHENEVWETA OMOYIBO,9999910102922363101,,0a2dc0a5-3a8c-4879-b537-5067d9dbde0a,72e1d99e-f900-49c8-8ab3-777108533475
6a99d1519ebb4cb22339ba20,69f78c7bcc23bbbf0663dcf6,Withdrawal,SUCCESS,2026-09-03T19:58:09.846Z,2026-09-03T19:58:12.069Z,10000,BANK-TRF,2026-09-03T19:58:09.000Z,TRF_96hgmel6eetx1tt5,6b214d35-9ab6-492d-bd06-25b5f0211621,bankFees,🏦,,,,9137151006,OPay Digital Services Limited (OPay),VICTOR DOMINIC OGBODE,9999910102930790301,,6c6fb883-475f-4c7b-b241-dd495c8f5401,6b214d35-9ab6-492d-bd06-25b5f0211621
6a9a60319ebb4cb22339ba63,692c2e0bc0076069f22e7a0d,Deposit,SUCCESS,2026-09-04T06:07:45.007Z,2026-09-04T06:07:45.007Z,400000,BANK-TRF,2026-09-04T06:07:43.000Z,100004260904060706170248174740,AUTH_3j83f6ejsh,,,ADEDOYIN ROSELINE ADESANYA,OPay Digital Services Limited (OPay),8025110373,,,,,,,
6a9ad1ba9ebb4cb22339bae2,692c2e0bc0076069f22e7a0d,Withdrawal,SUCCESS,2026-09-04T14:12:10.540Z,2026-09-04T14:12:12.750Z,300000,BANK-TRF,2026-09-04T14:12:10.000Z,TRF_1cru3c72py26n963,7cb0513c-3860-42f3-8a2b-30dd1493cc70,beauty,💅,,,,8106276522,OPay Digital Services Limited (OPay),SAIDAT OMOBOLANLE OKEOWO,9999910102957657001,,7fe8f3a6-de5a-4066-9811-719da2fdf133,7cb0513c-3860-42f3-8a2b-30dd1493cc70
6a9b272fcafb66d7a54e1e5c,6a5c9ccb46ee4f42fbe9ce45,Deposit,SUCCESS,2026-09-04T20:16:47.238Z,2026-09-04T20:16:47.238Z,2000000,BANK-TRF,2026-09-04T20:16:45.000Z,100004260904201622170340511071,AUTH_ralyg7w2m1,,,OLUFUNKE OMOWUNMI ADEBAYO,OPay Digital Services Limited (OPay),8035661285,,,,,,,
6a9b93d1cafb66d7a54e1e93,6a5c9ccb46ee4f42fbe9ce45,Deposit,SUCCESS,2026-09-05T04:00:17.384Z,2026-09-05T04:00:17.384Z,1000000,BANK-TRF,2026-09-05T04:00:16.000Z,090405260905050005284440691933,AUTH_9y9tabvhid,,,BIORGANEEKS ENTERPRISE LIMITED,Moniepoint MFB,6551975908,,,,,,,
6a9c0ab3cafb66d7a54e1f15,692c2e0bc0076069f22e7a0d,Withdrawal,SUCCESS,2026-09-05T12:27:31.336Z,2026-09-05T12:27:33.488Z,100000,BANK-TRF,2026-09-05T12:27:31.000Z,TRF_ixgnmgm1hrrx5842,519e9954-c8e5-439d-8fe0-694fafcebd04,books,📚,,,,8025110373,OPay Digital Services Limited (OPay),ADEDOYIN ROSELINE ADESANYA,9999910102992235801,,6b7577d9-68d6-4169-94de-a1681188d488,519e9954-c8e5-439d-8fe0-694fafcebd04
6aa0078268516ca4a8ea61f5,6a22e229e4f1fd71697c620c,Withdrawal,SUCCESS,2026-09-08T13:02:58.483Z,2026-09-08T13:03:00.594Z,700000,BANK-TRF,2026-09-08T13:02:58.000Z,TRF_hthyrazo49kq4fey,cd6cc87b-a41f-471e-a132-356878783b9a,books,📚,,,,6504467260,Providus Bank,ADENUGA ADENIKE BOSE,110006260908130255103092496001,,6d42ee78-897d-49c8-b1cc-16ac84f50b40,cd6cc87b-a41f-471e-a132-356878783b9a
6aa03f7968516ca4a8ea62ac,691ec63d24cf6022a24d9775,Deposit,SUCCESS,2026-09-08T17:01:45.725Z,2026-09-08T17:01:45.725Z,20000,BANK-TRF,2026-09-08T17:01:44.000Z,100004260908170114170702764142,AUTH_2fbcvnfq9y,,,IYANUOLUWA JOHN ADEBAYO,OPay Digital Services Limited (OPay),8101799492,,,,,,,
6aa04eb668516ca4a8ea653e,6a942330c1e1809eb2de9b44,Deposit,SUCCESS,2026-09-08T18:06:46.715Z,2026-09-08T18:06:46.715Z,500000,BANK-TRF,2026-09-08T18:06:45.000Z,000013260908190624000080104169,AUTH_wwk10208eb,,,OMOLAOLU  VICTORIA OMOLADE,Guaranty Trust Bank,0139242219,,,,,,,
6aa0578d68516ca4a8ea6793,693f0c4da92bdf5f6c76d82c,Deposit,PENDING,2026-09-08T18:44:29.697Z,2026-09-08T18:44:29.697Z,20000,,,,,,,,,,,,,,,,
6aa0599c68516ca4a8ea68b6,6a85887a6be729102ac640bc,Deposit,SUCCESS,2026-09-08T18:53:16.631Z,2026-09-08T18:53:16.631Z,500000,BANK-TRF,2026-09-08T18:53:14.000Z,000016260908195245002695339321,AUTH_vevie8884f,,,OMOLAOLU VICTOR ABIOLA,First Bank of Nigeria,3063205672,,,,,,,
6aa05cc768516ca4a8ea692d,69552eed63e6297e284eae5e,Deposit,SUCCESS,2026-09-08T19:06:47.230Z,2026-09-08T19:06:47.230Z,20000000,BANK-TRF,2026-09-08T19:06:45.000Z,000012260908200637428419920957,AUTH_3v9zmb87a4,,,AYODELE JOHN OMOLAOLU,Stanbic IBTC Bank,0002234453,,,,,,,
6aa05f1568516ca4a8ea6a60,69552eed63e6297e284eae5e,Withdrawal,SUCCESS,2026-09-08T19:16:37.866Z,2026-09-08T19:16:38.813Z,3500000,BANK-TRF,2026-09-08T19:16:37.000Z,TRF_mmgna8qkb7lbozi4,a24edde8-0b33-45db-bf49-1ba85fb3dd0a,gift,🎁,,,,9328013444,Wema Bank,CRE8NGDIGITAL/TIMIADEBAYO JOEL,110006260908191636103102591601,Gift for No 1,0e0bff10-8bfa-4b9b-ba57-5eea6b664df9,a24edde8-0b33-45db-bf49-1ba85fb3dd0a
6aa05f2068516ca4a8ea6a7f,691d96aa142342a5c3cf0c8e,Deposit,SUCCESS,2026-09-08T19:16:48.646Z,2026-09-08T19:16:48.646Z,3500000,BANK-TRF,2026-09-08T19:16:47.000Z,110006260908191636103102591601,AUTH_thl4b658k9,,,Paystack,,1017692813,,,,,,,
6aa05ff568516ca4a8ea6abe,69552eed63e6297e284eae5e,Withdrawal,SUCCESS,2026-09-08T19:20:21.011Z,2026-09-08T19:20:21.956Z,2500000,BANK-TRF,2026-09-08T19:20:20.000Z,TRF_kabczl0n0jgtj8ci,4c5946ee-5105-4546-9857-197ae0538033,gift,🎁,,,,9816710682,Wema Bank,CRE8NGDIGITAL/OMOLAOLU VICTORIA,110006260908192019103102675501,Token for No 2,9f595310-b210-4c58-b4f2-95734e0012ed,4c5946ee-5105-4546-9857-197ae0538033
6aa0600e68516ca4a8ea6ade,6a942330c1e1809eb2de9b44,Deposit,SUCCESS,2026-09-08T19:20:46.775Z,2026-09-08T19:20:46.775Z,2500000,BANK-TRF,2026-09-08T19:20:45.000Z,110006260908192019103102675501,AUTH_fulnnyl9oc,,,Paystack,,1017692813,,,,,,,
6aa060cd68516ca4a8ea6b58,69552eed63e6297e284eae5e,Withdrawal,SUCCESS,2026-09-08T19:23:57.818Z,2026-09-08T19:23:58.788Z,2000000,BANK-TRF,2026-09-08T19:23:57.000Z,TRF_xa4mfkr5iivtzck5,755af78a-ade9-4c05-b3fd-e8a36f6eafa0,gift,🎁,,,,9817078356,Wema Bank,CRE8NGDIGITAL/FAVOUR OMOLAOLU,110006260908192356103102764201,Gift for No 3,805c13a8-ba55-48a5-a717-07809d482199,755af78a-ade9-4c05-b3fd-e8a36f6eafa0
6aa060e268516ca4a8ea6b78,6aa04d8168516ca4a8ea63fe,Deposit,SUCCESS,2026-09-08T19:24:18.177Z,2026-09-08T19:24:18.177Z,2000000,BANK-TRF,2026-09-08T19:24:16.000Z,110006260908192356103102764201,AUTH_948xr6x111,,,Paystack,,1017692813,,,,,,,
6aa0618368516ca4a8ea6bb2,69552eed63e6297e284eae5e,Withdrawal,SUCCESS,2026-09-08T19:26:59.971Z,2026-09-08T19:27:00.927Z,1500000,BANK-TRF,2026-09-08T19:26:59.000Z,TRF_tdbp1kmccn2g1esl,2b5175f9-9220-4f25-989a-4ed27c201ba0,gift,🎁,,,,9816044886,Wema Bank,CRE8NGDIGITAL/OMOLAOLU JESUTOFUNMI,110006260908192658103102840701,Gift for No 4,1c2fe528-eba9-41ce-8833-d823385f81c3,2b5175f9-9220-4f25-989a-4ed27c201ba0
6aa0619368516ca4a8ea6bd2,693f0c4da92bdf5f6c76d82c,Deposit,SUCCESS,2026-09-08T19:27:15.695Z,2026-09-08T19:27:15.695Z,1500000,BANK-TRF,2026-09-08T19:27:14.000Z,110006260908192658103102840701,AUTH_0aolbbbgs1,,,Paystack,,1017692813,,,,,,,
6aa0623368516ca4a8ea6c27,69552eed63e6297e284eae5e,Withdrawal,SUCCESS,2026-09-08T19:29:55.909Z,2026-09-08T19:29:58.768Z,500000,BANK-TRF,2026-09-08T19:29:55.000Z,TRF_02nnvcb453xeret7,b394e40c-4eb5-4a85-8ec6-f9b30d72e2de,gift,🎁,,,,9816325235,Wema Bank,CRE8NGDIGITAL/OMOLAOLU BRIGHT,110006260908192954103102905701,Gift for 5th,46e2ed74-583e-4b25-a2f2-9904bd21cf6b,b394e40c-4eb5-4a85-8ec6-f9b30d72e2de
6aa0624868516ca4a8ea6c4b,6a8585776be729102ac6400f,Deposit,SUCCESS,2026-09-08T19:30:16.054Z,2026-09-08T19:30:16.054Z,500000,BANK-TRF,2026-09-08T19:30:14.000Z,110006260908192954103102905701,AUTH_mmg9rgg8i8,,,Paystack,,1017692813,,,,,,,
6aa0636168516ca4a8ea6cf1,69552eed63e6297e284eae5e,Withdrawal,SUCCESS,2026-09-08T19:34:57.528Z,2026-09-08T19:34:59.619Z,300000,BANK-TRF,2026-09-08T19:34:57.000Z,TRF_3mq4hr3thu4hbti0,d887e3e0-49ca-4f49-8786-6047ffbae766,gift,🎁,,,,9328610427,Wema Bank,CRE8NGDIGITAL/OMOLAOLU PRAISE,110006260908193455103103041401,Gift for trying,853816d1-8ff5-495f-9331-cd856b11d4ff,d887e3e0-49ca-4f49-8786-6047ffbae766
6aa0637468516ca4a8ea6d14,695845161bafe7a105a68ceb,Deposit,SUCCESS,2026-09-08T19:35:16.462Z,2026-09-08T19:35:16.462Z,300000,BANK-TRF,2026-09-08T19:35:15.000Z,110006260908193455103103041401,AUTH_wn7t87epsi,,,Paystack,,1017692813,,,,,,,
6aa066b768516ca4a8ea70f4,693f0c4da92bdf5f6c76d82c,Withdrawal,SUCCESS,2026-09-08T19:49:11.978Z,2026-09-08T19:49:13.986Z,200000,BANK-TRF,2026-09-08T19:49:11.000Z,TRF_28atbso6ouri1x3r,722cf6e5-7fe5-44d2-a359-d0c67b9f4262,food,🥑,,,,7068460036,OPay Digital Services Limited (OPay),JESUTOFUNMI AYANFE OMOLAOLU,9999910103103417301,Personal ,53c9a407-845d-44d4-a278-50eaa8cd1e5a,722cf6e5-7fe5-44d2-a359-d0c67b9f4262
6aa0671968516ca4a8ea7234,693f0c4da92bdf5f6c76d82c,Withdrawal,SUCCESS,2026-09-08T19:50:49.066Z,2026-09-08T19:50:51.134Z,1300000,BANK-TRF,2026-09-08T19:50:48.000Z,TRF_jbwligjxuyxtsmhq,10e1d945-0afa-4aa6-a41b-70ab8058e20b,education,🎓,,,,7068460036,OPay Digital Services Limited (OPay),JESUTOFUNMI AYANFE OMOLAOLU,9999910103103459301,Personal ,f28072f3-af6d-465e-b00e-b46cac67fd03,10e1d945-0afa-4aa6-a41b-70ab8058e20b
6aa0677568516ca4a8ea72dd,6aa04d8168516ca4a8ea63fe,Withdrawal,SUCCESS,2026-09-08T19:52:21.318Z,2026-09-08T19:52:23.419Z,2000000,BANK-TRF,2026-09-08T19:52:21.000Z,TRF_poupa3ba1lj1qhba,19b3bbbf-5347-47df-8980-482d0256d4e8,bankFees,🏦,,,,8163539471,OPay Digital Services Limited (OPay),FAVOUR OLAGOKE OMOLAOLU,9999910103103506501,,b8911897-adb2-4e96-8439-c5e32e1725c8,19b3bbbf-5347-47df-8980-482d0256d4e8
6aa12202abc0568a9e10cfde,69552eed63e6297e284eae5e,Withdrawal,SUCCESS,2026-09-09T09:08:18.231Z,2026-09-09T09:08:20.425Z,1300000,BANK-TRF,2026-09-09T09:08:18.000Z,TRF_f4ej5knb4j86deev,a7d0eb58-f31a-4479-a158-43a55dc949ca,gift,🎁,,,,9816325235,Wema Bank,CRE8NGDIGITAL/OMOLAOLU BRIGHT,110006260909090816103132701401,MONEY FOR FUEL-REIMBURSE,112aa5a6-f7b4-4cb3-8ba0-5f9b65a1988b,a7d0eb58-f31a-4479-a158-43a55dc949ca
6aa1221fabc0568a9e10cffc,6a8585776be729102ac6400f,Deposit,SUCCESS,2026-09-09T09:08:47.109Z,2026-09-09T09:08:47.109Z,1300000,BANK-TRF,2026-09-09T09:08:45.000Z,110006260909090816103132701401,AUTH_v4rt9r8qzy,,,Paystack,,1017692813,,,,,,,
6aa14852abc0568a9e10d0d9,6a26d519648daaea32bfa659,Deposit,SUCCESS,2026-09-09T11:51:46.976Z,2026-09-09T11:51:46.976Z,400000,BANK-TRF,2026-09-09T11:51:45.000Z,100004260909115133170771087909,AUTH_4ylny8o9a6,,,GRACE OLUFOLAKE ADENIJI,OPay Digital Services Limited (OPay),8037050093,,,,,,,
6aa153d4abc0568a9e10d1e8,691d96aa142342a5c3cf0c8e,Withdrawal,SUCCESS,2026-09-09T12:40:52.403Z,2026-09-09T12:40:53.378Z,500000,BANK-TRF,2026-09-09T12:40:52.000Z,TRF_tzivu0983j5ifh1u,569acb14-964a-48cb-a409-d23c4d9c9235,food,🥑,,,,9817086469,Wema Bank,CRE8NGDIGITAL/JESUTOMISIN OMOLAOLU,110006260909124051103140468201,Cash,13c07008-a6a1-49d2-9da3-377c0127393f,569acb14-964a-48cb-a409-d23c4d9c9235
6aa153ebabc0568a9e10d202,6aa0ce1eabc0568a9e10cc5e,Deposit,SUCCESS,2026-09-09T12:41:15.034Z,2026-09-09T12:41:15.034Z,500000,BANK-TRF,2026-09-09T12:41:13.000Z,110006260909124051103140468201,AUTH_9yba05xi1r,,,Paystack,,1017692813,,,,,,,
6aa156a7abc0568a9e10d2b8,6aa0ce1eabc0568a9e10cc5e,Withdrawal,SUCCESS,2026-09-09T12:52:55.379Z,2026-09-09T12:52:57.498Z,500000,BANK-TRF,2026-09-09T12:52:55.000Z,TRF_06chie69tykmguiv,bd504aad-6a9a-457d-bde3-272987c497f0,food,🥑,,,,7068460036,OPay Digital Services Limited (OPay),JESUTOFUNMI AYANFE OMOLAOLU,9999910103140907601,,0235edd5-82e9-410a-bdc8-5c258e8823b7,bd504aad-6a9a-457d-bde3-272987c497f0
6aa16931abc0568a9e10d3a3,695845161bafe7a105a68ceb,Withdrawal,SUCCESS,2026-09-09T14:12:01.635Z,2026-09-09T14:12:03.735Z,250000,BANK-TRF,2026-09-09T14:12:01.000Z,TRF_7lguq4ckjztfiect,f14c7d07-488b-4860-96ea-48468e51187c,bankFees,🏦,,,,8163008437,OPay Digital Services Limited (OPay),FLORENCE OLUWAKEMI  SALAMI,9999910103143818401,For yarn,a47138cd-7603-403a-a10c-add8b58b012a,f14c7d07-488b-4860-96ea-48468e51187c
6aa18906abc0568a9e10d501,695845161bafe7a105a68ceb,Withdrawal,FAILED,2026-09-09T16:27:50.009Z,2026-09-09T16:27:50.009Z,300000,In-App-TRF,,69dffa34a252f847e2327899,6c977a4a-cecf-4a22-b512-9c75239d52e9,JCIN,🚌,,,,,,,,,,
6aa19206abc0568a9e10d88f,6a8585776be729102ac6400f,Withdrawal,SUCCESS,2026-09-09T17:06:14.487Z,2026-09-09T17:06:16.590Z,100000,BANK-TRF,2026-09-09T17:06:14.000Z,TRF_8z3jwad1yv90tein,233efa7c-c306-4035-9645-f19541cc1564,Phone and Internet,📱,,,,8067545392,OPay Digital Services Limited (OPay),sarah oziofu james,9999910103149684701,,931de7c4-1fcb-4c91-ae33-db7580fb3db0,233efa7c-c306-4035-9645-f19541cc1564
6aa1a363abc0568a9e10d927,6a75ce33bd65114e86c79a1f,Deposit,SUCCESS,2026-09-09T18:20:19.473Z,2026-09-09T18:20:19.473Z,2000000,BANK-TRF,2026-09-09T18:20:17.000Z,100004260909181947170812376704,AUTH_8uaaqvzeqa,,,RICHARD OLUWAFEMI OGUNYEMI,OPay Digital Services Limited (OPay),8139305916,,,,,,,
6aa26532a78d96dc01227845,6a5c9ccb46ee4f42fbe9ce45,Deposit,SUCCESS,2026-09-10T08:07:14.247Z,2026-09-10T08:07:14.247Z,5000000,BANK-TRF,2026-09-10T08:07:12.000Z,000013260910090636000083113830,AUTH_sed38pfnm8,,,KENT-ADEBAYO TAIWO OLAWUMI,Guaranty Trust Bank,0125547744,,,,,,,
6aa2687ba78d96dc01227a4f,6a5c9ccb46ee4f42fbe9ce45,Withdrawal,SUCCESS,2026-09-10T08:21:15.825Z,2026-09-10T08:21:17.927Z,10000000,BANK-TRF,2026-09-10T08:21:15.000Z,TRF_g12cghj591b6k1ce,9f8321df-81b0-4df6-8417-5788a910765f,Conference Hall,💳,,,,0050913166,Guaranty Trust Bank,OKUNEYE MOJOYIN YINKA,110006260910082114103201632501,Peak Olam,b03c7a81-3570-44ab-9a87-7f7965b9a982,9f8321df-81b0-4df6-8417-5788a910765f
6aa2acd3a78d96dc01227ba9,6a26d519648daaea32bfa659,Withdrawal,SUCCESS,2026-09-10T13:12:51.899Z,2026-09-10T13:12:52.893Z,200000,BANK-TRF,2026-09-10T13:12:51.000Z,TRF_zbirjnyvcs4syt0v,2db29e28-72e7-4a2b-8b19-e24044234abd,alcohol,🍻,,,,8137381350,OPay Digital Services Limited (OPay),STEPHEN AMASULE MUAH,9999910103212737701,,3c7dcd35-d38e-44e4-9d59-f351d9d57391,2db29e28-72e7-4a2b-8b19-e24044234abd
6aa2acf2a78d96dc01227bec,6a26d519648daaea32bfa659,Withdrawal,SUCCESS,2026-09-10T13:13:22.556Z,2026-09-10T13:13:24.110Z,150000,BANK-TRF,2026-09-10T13:13:22.000Z,TRF_7uwiqlqfxmurgmy8,2101e083-0910-4534-9c9c-d96edffb4fc5,alcohol,🍻,,,,8037388388,OPay Digital Services Limited (OPay),IGBANG MONDAY INAKU,9999910103212751401,,88a1465b-bc25-42be-a5c1-d9e62be2b11e,2101e083-0910-4534-9c9c-d96edffb4fc5
6aa2bb58a78d96dc01227c0c,6a26d519648daaea32bfa659,Deposit,SUCCESS,2026-09-10T14:14:48.618Z,2026-09-10T14:14:48.618Z,1050000,BANK-TRF,2026-09-10T14:14:47.000Z,000016260910151407002705590411,AUTH_pprrjw5pny,,,SOTUNDE OLUWAMUYIWA AYOMIDE,First Bank of Nigeria,3226672712,,,,,,,
6aa2bf20a78d96dc01227c24,691ec63d24cf6022a24d9775,Withdrawal,SUCCESS,2026-09-10T14:30:56.543Z,2026-09-10T14:30:56.543Z,500000,In-App-TRF,,698c85ff6c18ad0c100e8e5c,ab5517b1-974c-4248-86ec-2d4fcc16727d,Buy car,💎,,,,,,,,,,
6aa2da7ea78d96dc01227f39,6a8585776be729102ac6400f,Withdrawal,SUCCESS,2026-09-10T16:27:42.828Z,2026-09-10T16:27:44.991Z,100000,BANK-TRF,2026-09-10T16:27:42.000Z,TRF_ccc0b2hfo1ahebcc,f0e89ed0-75b9-4d56-b6c5-84502f7f9a63,gift,🎁,,,,8067545392,OPay Digital Services Limited (OPay),sarah oziofu james,9999910103218992201,,d9f63b6f-f5f1-48ef-8c3f-4c43159ddffa,f0e89ed0-75b9-4d56-b6c5-84502f7f9a63
6aa30c8aa78d96dc01227fc1,691ec63d24cf6022a24d9775,Deposit,SUCCESS,2026-09-10T20:01:14.368Z,2026-09-10T20:01:14.368Z,10000000,BANK-TRF,2026-09-10T20:01:13.000Z,110006260910200100103225751301,AUTH_7pbweu41t8,,,Paystack,,1017692813,,,,,,,
6aa312cda78d96dc01228468,6aa0672768516ca4a8ea7265,Withdrawal,SUCCESS,2026-09-10T20:27:57.239Z,2026-09-10T20:27:59.361Z,1000000,BANK-TRF,2026-09-10T20:27:57.000Z,TRF_h7g2x17ryr9x5lv6,86a00c4e-53ef-4168-9ead-a64a24cbad21,clothing,👕,,,,8143804268,Moniepoint MFB,CHIKADIBIA JOSEPH ODOH,505150103226665101,,3090b27c-2cc4-47df-918b-f94f963cfcd8,86a00c4e-53ef-4168-9ead-a64a24cbad21
6aa315eaa78d96dc012285e4,69f78c7bcc23bbbf0663dcf6,Withdrawal,PENDING,2026-09-10T20:41:14.043Z,2026-09-10T20:41:14.043Z,50000,BANK-TRF,,TRF_gsty2uorskjb3tz9,6aa31579a78d96dc0122854a,,,,,,,,,,,80252fe5-42cd-4031-9587-63d5e6784fbf,37d4c2dd-02b8-4170-9ca4-657043632292
6aa3195aa78d96dc0122877e,6aa0667e68516ca4a8ea7094,Withdrawal,SUCCESS,2026-09-10T20:55:54.177Z,2026-09-10T20:55:56.200Z,500000,BANK-TRF,2026-09-10T20:55:54.000Z,TRF_jsfc77mfiz2zu2f2,d11f3d41-df44-45fa-ab0f-5c7f924ef5b3,subscription,📺,,,,8147313955,OPay Digital Services Limited (OPay),SODIQ OLADIMEJI ALABI,9999910103228217601,,ebd64ed6-86b5-408e-9a4c-8031a8a4fa51,d11f3d41-df44-45fa-ab0f-5c7f924ef5b3
6aa31b5ba78d96dc012288b8,69f78c7bcc23bbbf0663dcf6,Withdrawal,SUCCESS,2026-09-10T21:04:27.894Z,2026-09-10T21:04:28.843Z,50000,BANK-TRF,2026-09-10T21:04:27.000Z,TRF_hlexv2bkisaby8de,ae011fbb-57d7-4c9b-829c-2cd08e2544e8,food,🥑,,,,9137151006,OPay Digital Services Limited (OPay),VICTOR DOMINIC OGBODE,9999910103229376701,,c4287400-ca1e-4b69-9796-21a1c88e0aa6,ae011fbb-57d7-4c9b-829c-2cd08e2544e8
6aa31c08a78d96dc0122890e,69f78c7bcc23bbbf0663dcf6,Withdrawal,SUCCESS,2026-09-10T21:07:20.146Z,2026-09-10T21:07:22.186Z,400000,BANK-TRF,2026-09-10T21:07:20.000Z,TRF_v9vhgyk3wkmk175v,f0a98b93-7951-4e7f-892e-064e5844febf,food,🥑,,,,9137151006,OPay Digital Services Limited (OPay),VICTOR DOMINIC OGBODE,9999910103229651601,,88fc0b4c-c7b0-4a61-8beb-be15b3504684,f0a98b93-7951-4e7f-892e-064e5844febf
6aa3c5514cd427c46492abd9,69f78c7bcc23bbbf0663dcf6,Withdrawal,SUCCESS,2026-09-11T09:09:37.514Z,2026-09-11T09:09:39.556Z,200000,BANK-TRF,2026-09-11T09:09:37.000Z,TRF_zshysw589qr6wh27,f359f510-c013-4357-9a83-ac79728ce62f,clothing,👕,,,,9137151006,OPay Digital Services Limited (OPay),VICTOR DOMINIC OGBODE,9999910103250272901,,6acd5add-e9f4-415e-86d1-a6d8dbb168d4,f359f510-c013-4357-9a83-ac79728ce62f
6aa3ccb84cd427c46492acd4,6aa085b7abc0568a9e10cb28,Withdrawal,SUCCESS,2026-09-11T09:41:12.273Z,2026-09-11T09:41:14.344Z,200000,BANK-TRF,2026-09-11T09:41:12.000Z,TRF_j6sqnm96vokzpwke,3a81189d-c0f5-4bcb-9d0a-ddaa480538fe,gift,🎁,,,,7040322283,OPay Digital Services Limited (OPay),Olayinka  OGUNGBAYI,9999910103251201501,,fb1f8151-2934-4d40-94d6-4c0aa27bc701,3a81189d-c0f5-4bcb-9d0a-ddaa480538fe
6aa3de6f4cd427c46492adfc,6a5c9ccb46ee4f42fbe9ce45,Deposit,SUCCESS,2026-09-11T10:56:47.173Z,2026-09-11T10:56:47.173Z,500000,BANK-TRF,2026-09-11T10:56:45.000Z,100004260911105631170967937034,AUTH_89z57tl9e8,,,MOYINOLUWA ELIZABETH OYENIYI,OPay Digital Services Limited (OPay),8137796838,,,,,,,
6aa3f71e4cd427c46492ae97,69f78c7bcc23bbbf0663dcf6,Withdrawal,SUCCESS,2026-09-11T12:42:06.454Z,2026-09-11T12:42:08.468Z,300000,BANK-TRF,2026-09-11T12:42:06.000Z,TRF_ecf3ll0ua1m2o1wj,b8ef7776-e192-48e3-a4ff-2e403b6afd34,education,🎓,,,,9137151006,OPay Digital Services Limited (OPay),VICTOR DOMINIC OGBODE,9999910103255352401,,0d21c288-3b41-42c4-91a6-b1232ea3aad4,b8ef7776-e192-48e3-a4ff-2e403b6afd34
6aa3f73e4cd427c46492aedf,69f78c7bcc23bbbf0663dcf6,Withdrawal,SUCCESS,2026-09-11T12:42:38.508Z,2026-09-11T12:42:40.274Z,50000,BANK-TRF,2026-09-11T12:42:38.000Z,TRF_d8ejzazwehvgp6d8,56716421-6745-4c20-a01f-fe8712fbacb7,food,🥑,,,,9137151006,OPay Digital Services Limited (OPay),VICTOR DOMINIC OGBODE,9999910103255364101,,3a638041-870b-488f-b3ea-5bd61ea08e1c,56716421-6745-4c20-a01f-fe8712fbacb7
6aa41df34cd427c46492af58,695845161bafe7a105a68ceb,Withdrawal,SUCCESS,2026-09-11T15:27:47.774Z,2026-09-11T15:27:47.774Z,320000,In-App-TRF,,69dffa34a252f847e2327899,139024de-124d-47e8-945a-7e6ce2281517,JCIN,🚌,,,,,,,,,,
6aa41ef14cd427c46492afd7,695845161bafe7a105a68ceb,Withdrawal,SUCCESS,2026-09-11T15:32:01.979Z,2026-09-11T15:32:04.100Z,30000,BANK-TRF,2026-09-11T15:32:01.000Z,TRF_3ef2s6es66d6o01a,c1984734-8c8b-48f1-baa8-7654259b6042,beauty,💅,,,,0020686841,Access Bank,ADEJUMOKE ADEYEMI ADEFILA,110006260911153200103259356101,For hairclip,bcb88571-53dc-4205-bf2c-41dfb563aab1,c1984734-8c8b-48f1-baa8-7654259b6042
6aa425c94cd427c46492b10c,695845161bafe7a105a68ceb,Withdrawal,SUCCESS,2026-09-11T16:01:13.230Z,2026-09-11T16:01:15.207Z,175000,BANK-TRF,2026-09-11T16:01:13.000Z,TRF_6nyy8ql2akxoy88u,1884c61c-7eff-4e66-9790-2121ae4f944f,entertainment,🎮,,,,6107064074,OPay Digital Services Limited (OPay),BOSE FALILAT ALAO,110006260911160111103260000001,For Baby wool ,e7e356ee-66db-43c2-a393-439b736cae68,1884c61c-7eff-4e66-9790-2121ae4f944f
6aa4714e4cd427c46492b1a5,6a26d519648daaea32bfa659,Withdrawal,SUCCESS,2026-09-11T21:23:26.496Z,2026-09-11T21:23:28.621Z,110000,BANK-TRF,2026-09-11T21:23:26.000Z,TRF_5lywdua8oy391br3,f62b5162-fef6-4342-b9d8-30890c1d93b8,alcohol,🍻,,,,8168609763,OPay Digital Services Limited (OPay),COVENANT PIPELOLUWA OLUWAYINKA,9999910103267350401,,e2e31a0d-1db0-45a6-8044-10b4f58b88de,f62b5162-fef6-4342-b9d8-30890c1d93b8
6aa47a1b4cd427c46492b292,691d96aa142342a5c3cf0c8e,Withdrawal,SUCCESS,2026-09-11T22:00:59.306Z,2026-09-11T22:01:01.343Z,2000000,BANK-TRF,2026-09-11T22:00:59.000Z,TRF_4m8i014c0rm4hpdq,5deca41d-972f-4479-9cd2-7a625988c263,clothing,👕,,,,7052597527,OPay Digital Services Limited (OPay),JOEL TIMILEYIN ADEBAYO,9999910103268165801,,7d2f7b8b-01ba-4a21-83f1-358c6fdfaea5,5deca41d-972f-4479-9cd2-7a625988c263
6aa5824bab29dc6caebaa789,6a75cde8bd65114e86c79a03,Withdrawal,SUCCESS,2026-09-12T16:48:11.488Z,2026-09-12T16:48:13.561Z,500000,BANK-TRF,2026-09-12T16:48:11.000Z,TRF_u9inuo7m1kmclceg,e365a80c-7100-47d2-8f15-cc3e89f75821,bankFees,🏦,,,,9160675332,OPay Digital Services Limited (OPay),AISHAT OLUWAKEMI MORAKINYO,9999910103286307301,,7aa76156-fa8b-42e1-9ac0-dc0e91296111,e365a80c-7100-47d2-8f15-cc3e89f75821
6aa6462273b5980b3e82d53d,6a75ce33bd65114e86c79a1f,Deposit,SUCCESS,2026-09-13T06:43:46.586Z,2026-09-13T06:43:46.586Z,3100000,BANK-TRF,2026-09-13T06:43:45.000Z,100004260913064332171144568705,AUTH_u1lxw1tzar,,,OLUWAPELUMI MOSINMILOLUWA RASAK,OPay Digital Services Limited (OPay),7037237302,,,,,,,
6aa6519c73b5980b3e82d78f,6932d190429d8b20969ecd47,Deposit,SUCCESS,2026-09-13T07:32:44.396Z,2026-09-13T07:32:44.396Z,15000000,BANK-TRF,2026-09-13T07:32:43.000Z,000013260913083231000090079501,AUTH_7sbqsct3k5,,,ONUH EMMANUEL CHIBIKE,Guaranty Trust Bank,0151337861,,,,,,,
6aa6c18573b5980b3e82da66,6aa6bd6673b5980b3e82d96f,Deposit,SUCCESS,2026-09-13T15:30:13.937Z,2026-09-13T15:30:13.937Z,1000000,BANK-TRF,2026-09-13T15:30:12.000Z,000013260913162953000090941219,AUTH_u3er4thn1o,,,ADEBAYO  JOSHUA OLUWADARASIMI,Guaranty Trust Bank,0177469793,,,,,,,
6aa6cb3273b5980b3e82db4f,6a26d519648daaea32bfa659,Withdrawal,SUCCESS,2026-09-13T16:11:30.407Z,2026-09-13T16:11:32.505Z,200000,BANK-TRF,2026-09-13T16:11:30.000Z,TRF_yaoqveunhpsykpdo,363ed6af-7587-40f3-a3cd-e60b06169212,alcohol,🍻,,,,7032079008,OPay Digital Services Limited (OPay),DORIS OGHENEVWETA OMOYIBO,9999910103307961701,,899fe44d-3d54-441d-b42c-69ec289d44f3,363ed6af-7587-40f3-a3cd-e60b06169212
6aa6dfa873b5980b3e82dbe9,6a75cde8bd65114e86c79a03,Withdrawal,SUCCESS,2026-09-13T17:38:48.361Z,2026-09-13T17:38:50.417Z,150000,BANK-TRF,2026-09-13T17:38:48.000Z,TRF_o0lkjakr7vi9lf7a,e083a3ef-4d8b-44e8-87aa-b7647c1f5290,bankFees,🏦,,,,9160675332,OPay Digital Services Limited (OPay),AISHAT OLUWAKEMI MORAKINYO,9999910103309866401,,e49b51df-9ec2-4a2b-aaec-1cdbb3ed003c,e083a3ef-4d8b-44e8-87aa-b7647c1f5290
6aa791f78ea86ab5c0709127,695845161bafe7a105a68ceb,Withdrawal,SUCCESS,2026-09-14T06:19:35.420Z,2026-09-14T06:19:35.420Z,100000,In-App-TRF,,69dffa34a252f847e2327899,77f3739f-cfa0-4e21-ad0c-0734e0a8dfe4,JCIN,🚌,,,,,,,,,,
6aa792238ea86ab5c070913a,695845161bafe7a105a68ceb,Withdrawal,SUCCESS,2026-09-14T06:20:19.061Z,2026-09-14T06:20:19.061Z,13300,In-App-TRF,,69dffa34a252f847e2327899,163d37e2-982b-4ab2-ac94-257b828d60b1,JCIN,🚌,,,,,,,,,,
6aa792558ea86ab5c0709155,695845161bafe7a105a68ceb,Withdrawal,SUCCESS,2026-09-14T06:21:09.525Z,2026-09-14T06:21:09.525Z,15300,In-App-TRF,,69596b78cbdf6a5cb1bd0702,85e430b1-9415-44c8-b793-3dde1865e514,SAVINGS ,💰,,,,,,,,,,
6aa792d28ea86ab5c07091d3,695845161bafe7a105a68ceb,Withdrawal,SUCCESS,2026-09-14T06:23:14.077Z,2026-09-14T06:23:16.094Z,100000,BANK-TRF,2026-09-14T06:23:13.000Z,TRF_1lwexd8lprsc5at9,ee1908d5-f5a9-45b8-a91d-c1a266e33926,gift,🎁,,,,8071683955,OPay Digital Services Limited (OPay),PRAISE AYOMIDE OMOLAOLU,9999910103320027901,Personal Transfer ,1f54070e-8310-4f5f-822e-9024529691f1,ee1908d5-f5a9-45b8-a91d-c1a266e33926
6aa794798ea86ab5c0709205,6aa066fe68516ca4a8ea71d9,Deposit,SUCCESS,2026-09-14T06:30:17.013Z,2026-09-14T06:30:17.013Z,150000,BANK-TRF,2026-09-14T06:30:15.000Z,100004260914063001171230462161,AUTH_0s259aq2my,,,PRAISE AYOMIDE OMOLAOLU,OPay Digital Services Limited (OPay),8071683955,,,,,,,
6aa7a51b8ea86ab5c070920d,6a75ce33bd65114e86c79a1f,Deposit,SUCCESS,2026-09-14T07:41:15.574Z,2026-09-14T07:41:15.574Z,300000,BANK-TRF,2026-09-14T07:41:14.000Z,100004260914074042171233723484,AUTH_nkcpafgpxq,,,OLUWAPELUMI MOSINMILOLUWA RASAK,OPay Digital Services Limited (OPay),7037237302,,,,,,,
6aa7c1cf8ea86ab5c07093d4,69347069c1fd4d52da87b63d,Deposit,SUCCESS,2026-09-14T09:43:43.502Z,2026-09-14T09:43:43.502Z,500000,BANK-TRF,2026-09-14T09:43:42.000Z,100004260914094314171249824556,AUTH_qm22wwly98,,,GABRIEL OLAOLUWA EGBEDINA,OPay Digital Services Limited (OPay),8148218646,,,,,,,
6aa7c8448ea86ab5c07094e1,6a22e229e4f1fd71697c620c,Withdrawal,SUCCESS,2026-09-14T10:11:16.266Z,2026-09-14T10:11:18.335Z,50000,BANK-TRF,2026-09-14T10:11:16.000Z,TRF_nh4v05ifjm6oi4x1,09bb7b79-d934-40e9-a503-22b1bda22576,beauty,💅,,,,9037349254,OPay Digital Services Limited (OPay),TEMILOLUWA MIRACLE ADENUGA,9999910103326437101,,e982fd25-bdb6-46bd-9afe-c3cc8c05aab9,09bb7b79-d934-40e9-a503-22b1bda22576
6aa7efcc8ea86ab5c0709625,6a26d519648daaea32bfa659,Withdrawal,SUCCESS,2026-09-14T12:59:56.979Z,2026-09-14T12:59:57.938Z,310000,BANK-TRF,2026-09-14T12:59:56.000Z,TRF_jswomiqij8ycctlm,51564f26-02c9-44df-b4b1-42dcd6ae0ea1,alcohol,🍻,,,,7010242696,OPay Digital Services Limited (OPay),SAMUEL OLUWASEUN OLA,9999910103329826001,,7c69c7e1-3bc1-4fde-9d97-3d6cbdf4d336,51564f26-02c9-44df-b4b1-42dcd6ae0ea1
6aa7f0118ea86ab5c07096d3,6a26d519648daaea32bfa659,Withdrawal,SUCCESS,2026-09-14T13:01:05.493Z,2026-09-14T13:01:07.502Z,490000,BANK-TRF,2026-09-14T13:01:05.000Z,TRF_wca4gbvdkd46gatd,0aab95fc-8c71-4db2-a361-0b80cc62a4af,alcohol,🍻,,,,8168609763,OPay Digital Services Limited (OPay),COVENANT PIPELOLUWA OLUWAYINKA,9999910103329847901,,dec759c1-588b-4bf5-886e-065e97ac853d,0aab95fc-8c71-4db2-a361-0b80cc62a4af
6aa82b598ea86ab5c070985a,6a75cde8bd65114e86c79a03,Withdrawal,SUCCESS,2026-09-14T17:14:01.533Z,2026-09-14T17:14:03.644Z,350000,BANK-TRF,2026-09-14T17:14:01.000Z,TRF_d3e41k8j8acf0snj,efbe962c-1e16-49bb-853a-1f9c9e5d984f,beauty,💅,,,,9160675332,OPay Digital Services Limited (OPay),AISHAT OLUWAKEMI MORAKINYO,9999910103335615001,,a8d7b606-fafb-4a9b-99a8-a82782034aca,efbe962c-1e16-49bb-853a-1f9c9e5d984f
6aa8f4939b9ca520e90e3780,691ec63d24cf6022a24d9775,Withdrawal,SUCCESS,2026-09-15T07:32:35.941Z,2026-09-15T07:32:37.837Z,1625000,BANK-TRF,2026-09-15T07:32:35.000Z,TRF_5xa1s1znndryexmo,e37d07a8-0477-4c97-9520-a2750ec14c4a,fuel,⛽,,,,9001841880,Guaranty Trust Bank,SQUAD ECOGAS  ENERGY RESOURCES LTD,110006260915073228103350483001,Gas,25f71fcf-cf52-4992-b0e7-9a81bb6131ba,e37d07a8-0477-4c97-9520-a2750ec14c4a
6aa8fb209b9ca520e90e3839,6aa0667e68516ca4a8ea7094,Withdrawal,SUCCESS,2026-09-15T08:00:32.773Z,2026-09-15T08:00:34.850Z,500000,BANK-TRF,2026-09-15T08:00:32.000Z,TRF_d1dfqpehlunxwxy2,eaca4359-4517-454a-bd3d-831fd906d8c2,subscription,📺,,,,8147313955,OPay Digital Services Limited (OPay),SODIQ OLADIMEJI ALABI,9999910103350995901,,9116307b-2866-4cf2-8d67-a423781adf53,eaca4359-4517-454a-bd3d-831fd906d8c2
6aa913329b9ca520e90e3865,6a26d519648daaea32bfa659,Deposit,SUCCESS,2026-09-15T09:43:14.081Z,2026-09-15T09:43:14.081Z,400000,BANK-TRF,2026-09-15T09:43:12.000Z,100004260915094246171346887711,AUTH_ppxjp35anl,,,SAKIRU TOLANI OLOWOOKERE,OPay Digital Services Limited (OPay),8062306255,,,,,,,
6aa91a969b9ca520e90e38c3,6a75ce33bd65114e86c79a1f,Withdrawal,SUCCESS,2026-09-15T10:14:46.278Z,2026-09-15T10:14:47.229Z,250000,BANK-TRF,2026-09-15T10:14:46.000Z,TRF_z0xmazxltxvjgkt7,e42c2613-65db-4b65-9d89-9d503c207e38,education,🎓,,,,8139305916,OPay Digital Services Limited (OPay),RICHARD OLUWAFEMI OGUNYEMI,9999910103354687701,Gift ,ed5ecbaf-3226-4d1c-bb19-a38a2875e886,e42c2613-65db-4b65-9d89-9d503c207e38
